counselor_id,center_id,region_id,issue,client_count,standard_count,monitor_count,priority_review_count
CNS-SEO-00001,CTR-SEO-001,SEO,부부갈등,5,4,1,0
CNS-SEO-00001,CTR-SEO-001,SEO,부모-자녀 갈등,4,3,1,0
CNS-SEO-00001,CTR-SEO-001,SEO,기타 가족관계,4,3,1,0
CNS-SEO-00001,CTR-SEO-001,SEO,이혼 전후,1,1,0,0
CNS-SEO-00002,CTR-SEO-001,SEO,부부갈등,5,4,1,0
CNS-SEO-00002,CTR-SEO-001,SEO,부모-자녀 갈등,4,3,1,0
CNS-SEO-00002,CTR-SEO-001,SEO,기타 가족관계,4,3,1,0
CNS-SEO-00002,CTR-SEO-001,SEO,이혼 전후,1,1,0,0
CNS-SEO-00003,CTR-SEO-001,SEO,부부갈등,3,3,0,0
CNS-SEO-00003,CTR-SEO-001,SEO,부모-자녀 갈등,2,2,0,0
CNS-SEO-00003,CTR-SEO-001,SEO,기타 가족관계,3,2,1,0
CNS-SEO-00003,CTR-SEO-001,SEO,이혼 전후,1,1,0,0
CNS-SEO-00004,CTR-SEO-001,SEO,부부갈등,2,2,0,0
CNS-SEO-00004,CTR-SEO-001,SEO,부모-자녀 갈등,2,2,0,0
CNS-SEO-00004,CTR-SEO-001,SEO,기타 가족관계,2,1,1,0
CNS-SEO-00005,CTR-SEO-001,SEO,부부갈등,2,2,0,0
CNS-SEO-00005,CTR-SEO-001,SEO,부모-자녀 갈등,1,1,0,0
CNS-SEO-00005,CTR-SEO-001,SEO,기타 가족관계,2,2,0,0
CNS-SEO-00006,CTR-SEO-001,SEO,부부갈등,3,3,0,0
CNS-SEO-00006,CTR-SEO-001,SEO,부모-자녀 갈등,2,2,0,0
CNS-SEO-00006,CTR-SEO-001,SEO,기타 가족관계,2,2,0,0
CNS-SEO-00007,CTR-SEO-001,SEO,부부갈등,3,3,0,0
CNS-SEO-00007,CTR-SEO-001,SEO,부모-자녀 갈등,2,2,0,0
CNS-SEO-00007,CTR-SEO-001,SEO,기타 가족관계,3,2,1,0
CNS-SEO-00007,CTR-SEO-001,SEO,이혼 전후,1,1,0,0
CNS-SEO-00008,CTR-SEO-001,SEO,부부갈등,2,2,0,0
CNS-SEO-00008,CTR-SEO-001,SEO,부모-자녀 갈등,2,2,0,0
CNS-SEO-00008,CTR-SEO-001,SEO,기타 가족관계,2,2,0,0
CNS-SEO-00009,CTR-SEO-001,SEO,부부갈등,1,1,0,0
CNS-SEO-00009,CTR-SEO-001,SEO,부모-자녀 갈등,1,1,0,0
CNS-SEO-00009,CTR-SEO-001,SEO,기타 가족관계,1,1,0,0
CNS-SEO-00010,CTR-SEO-002,SEO,부부갈등,3,2,1,0
CNS-SEO-00010,CTR-SEO-002,SEO,부모-자녀 갈등,2,2,0,0
CNS-SEO-00010,CTR-SEO-002,SEO,기타 가족관계,3,3,0,0
CNS-SEO-00010,CTR-SEO-002,SEO,이혼 전후,1,1,0,0
CNS-SEO-00011,CTR-SEO-002,SEO,부부갈등,5,4,1,0
CNS-SEO-00011,CTR-SEO-002,SEO,부모-자녀 갈등,3,3,0,0
CNS-SEO-00011,CTR-SEO-002,SEO,기타 가족관계,4,3,1,0
CNS-SEO-00011,CTR-SEO-002,SEO,이혼 전후,1,1,0,0
CNS-SEO-00012,CTR-SEO-002,SEO,부부갈등,2,2,0,0
CNS-SEO-00012,CTR-SEO-002,SEO,부모-자녀 갈등,2,2,0,0
CNS-SEO-00012,CTR-SEO-002,SEO,기타 가족관계,2,2,0,0
CNS-SEO-00013,CTR-SEO-002,SEO,부부갈등,2,2,0,0
CNS-SEO-00013,CTR-SEO-002,SEO,부모-자녀 갈등,1,1,0,0
CNS-SEO-00013,CTR-SEO-002,SEO,기타 가족관계,2,2,0,0
CNS-SEO-00014,CTR-SEO-002,SEO,부부갈등,2,2,0,0
CNS-SEO-00014,CTR-SEO-002,SEO,부모-자녀 갈등,1,1,0,0
CNS-SEO-00014,CTR-SEO-002,SEO,기타 가족관계,1,1,0,0
CNS-SEO-00015,CTR-SEO-002,SEO,부부갈등,3,2,1,0
CNS-SEO-00015,CTR-SEO-002,SEO,부모-자녀 갈등,2,1,1,0
CNS-SEO-00015,CTR-SEO-002,SEO,기타 가족관계,2,2,0,0
CNS-SEO-00016,CTR-SEO-002,SEO,부부갈등,3,3,0,0
CNS-SEO-00016,CTR-SEO-002,SEO,부모-자녀 갈등,2,2,0,0
CNS-SEO-00016,CTR-SEO-002,SEO,기타 가족관계,2,1,1,0
CNS-SEO-00017,CTR-SEO-002,SEO,부부갈등,2,2,0,0
CNS-SEO-00017,CTR-SEO-002,SEO,부모-자녀 갈등,1,1,0,0
CNS-SEO-00017,CTR-SEO-002,SEO,기타 가족관계,1,1,0,0
CNS-SEO-00018,CTR-SEO-002,SEO,부부갈등,4,3,1,0
CNS-SEO-00018,CTR-SEO-002,SEO,부모-자녀 갈등,3,2,1,0
CNS-SEO-00018,CTR-SEO-002,SEO,기타 가족관계,4,3,1,0
CNS-SEO-00019,CTR-SEO-003,SEO,부부갈등,4,4,0,0
CNS-SEO-00019,CTR-SEO-003,SEO,부모-자녀 갈등,3,3,0,0
CNS-SEO-00019,CTR-SEO-003,SEO,기타 가족관계,4,4,0,0
CNS-SEO-00019,CTR-SEO-003,SEO,이혼 전후,1,1,0,0
CNS-SEO-00020,CTR-SEO-003,SEO,부부갈등,3,2,1,0
CNS-SEO-00020,CTR-SEO-003,SEO,부모-자녀 갈등,3,2,1,0
CNS-SEO-00020,CTR-SEO-003,SEO,기타 가족관계,3,2,1,0
CNS-SEO-00020,CTR-SEO-003,SEO,이혼 전후,1,1,0,0
CNS-SEO-00021,CTR-SEO-003,SEO,부부갈등,4,3,1,0
CNS-SEO-00021,CTR-SEO-003,SEO,부모-자녀 갈등,3,3,0,0
CNS-SEO-00021,CTR-SEO-003,SEO,기타 가족관계,4,4,0,0
CNS-SEO-00022,CTR-SEO-003,SEO,부부갈등,3,2,1,0
CNS-SEO-00022,CTR-SEO-003,SEO,부모-자녀 갈등,2,1,1,0
CNS-SEO-00022,CTR-SEO-003,SEO,기타 가족관계,3,2,1,0
CNS-SEO-00023,CTR-SEO-003,SEO,부부갈등,1,1,0,0
CNS-SEO-00023,CTR-SEO-003,SEO,부모-자녀 갈등,1,1,0,0
CNS-SEO-00023,CTR-SEO-003,SEO,기타 가족관계,1,1,0,0
CNS-SEO-00024,CTR-SEO-003,SEO,부부갈등,2,2,0,0
CNS-SEO-00024,CTR-SEO-003,SEO,부모-자녀 갈등,1,1,0,0
CNS-SEO-00024,CTR-SEO-003,SEO,기타 가족관계,2,2,0,0
CNS-SEO-00025,CTR-SEO-003,SEO,부부갈등,1,1,0,0
CNS-SEO-00025,CTR-SEO-003,SEO,부모-자녀 갈등,1,1,0,0
CNS-SEO-00025,CTR-SEO-003,SEO,기타 가족관계,1,1,0,0
CNS-SEO-00026,CTR-SEO-003,SEO,부부갈등,3,2,1,0
CNS-SEO-00026,CTR-SEO-003,SEO,부모-자녀 갈등,2,2,0,0
CNS-SEO-00026,CTR-SEO-003,SEO,기타 가족관계,2,2,0,0
CNS-SEO-00027,CTR-SEO-003,SEO,부부갈등,3,3,0,0
CNS-SEO-00027,CTR-SEO-003,SEO,부모-자녀 갈등,2,2,0,0
CNS-SEO-00027,CTR-SEO-003,SEO,기타 가족관계,2,2,0,0
CNS-SEO-00028,CTR-SEO-003,SEO,부부갈등,3,2,1,0
CNS-SEO-00028,CTR-SEO-003,SEO,부모-자녀 갈등,2,2,0,0
CNS-SEO-00028,CTR-SEO-003,SEO,기타 가족관계,3,3,0,0
CNS-SEO-00028,CTR-SEO-003,SEO,이혼 전후,1,1,0,0
CNS-SEO-00029,CTR-SEO-003,SEO,부부갈등,3,2,1,0
CNS-SEO-00029,CTR-SEO-003,SEO,부모-자녀 갈등,3,3,0,0
CNS-SEO-00029,CTR-SEO-003,SEO,기타 가족관계,3,3,0,0
CNS-SEO-00029,CTR-SEO-003,SEO,이혼 전후,1,1,0,0
CNS-SEO-00030,CTR-SEO-004,SEO,부부갈등,3,2,1,0
CNS-SEO-00030,CTR-SEO-004,SEO,부모-자녀 갈등,2,1,1,0
CNS-SEO-00030,CTR-SEO-004,SEO,기타 가족관계,3,3,0,0
CNS-SEO-00030,CTR-SEO-004,SEO,이혼 전후,1,1,0,0
CNS-SEO-00031,CTR-SEO-004,SEO,부부갈등,4,3,1,0
CNS-SEO-00031,CTR-SEO-004,SEO,부모-자녀 갈등,3,3,0,0
CNS-SEO-00031,CTR-SEO-004,SEO,기타 가족관계,4,3,1,0
CNS-SEO-00031,CTR-SEO-004,SEO,이혼 전후,1,1,0,0
CNS-SEO-00032,CTR-SEO-004,SEO,부부갈등,3,3,0,0
CNS-SEO-00032,CTR-SEO-004,SEO,부모-자녀 갈등,2,2,0,0
CNS-SEO-00032,CTR-SEO-004,SEO,기타 가족관계,3,3,0,0
CNS-SEO-00032,CTR-SEO-004,SEO,이혼 전후,1,1,0,0
CNS-SEO-00033,CTR-SEO-004,SEO,부부갈등,2,2,0,0
CNS-SEO-00033,CTR-SEO-004,SEO,부모-자녀 갈등,2,2,0,0
CNS-SEO-00033,CTR-SEO-004,SEO,기타 가족관계,2,2,0,0
CNS-SEO-00034,CTR-SEO-004,SEO,부부갈등,3,2,1,0
CNS-SEO-00034,CTR-SEO-004,SEO,부모-자녀 갈등,3,3,0,0
CNS-SEO-00034,CTR-SEO-004,SEO,기타 가족관계,3,2,1,0
CNS-SEO-00034,CTR-SEO-004,SEO,이혼 전후,1,1,0,0
CNS-SEO-00035,CTR-SEO-004,SEO,부부갈등,3,2,1,0
CNS-SEO-00035,CTR-SEO-004,SEO,부모-자녀 갈등,2,2,0,0
CNS-SEO-00035,CTR-SEO-004,SEO,기타 가족관계,2,2,0,0
CNS-SEO-00036,CTR-SEO-004,SEO,부부갈등,3,2,1,0
CNS-SEO-00036,CTR-SEO-004,SEO,부모-자녀 갈등,2,2,0,0
CNS-SEO-00036,CTR-SEO-004,SEO,기타 가족관계,2,2,0,0
CNS-SEO-00037,CTR-SEO-004,SEO,부부갈등,3,2,1,0
CNS-SEO-00037,CTR-SEO-004,SEO,부모-자녀 갈등,3,2,1,0
CNS-SEO-00037,CTR-SEO-004,SEO,기타 가족관계,3,3,0,0
CNS-SEO-00037,CTR-SEO-004,SEO,이혼 전후,1,1,0,0
CNS-SEO-00038,CTR-SEO-005,SEO,부부갈등,5,4,1,0
CNS-SEO-00038,CTR-SEO-005,SEO,부모-자녀 갈등,3,3,0,0
CNS-SEO-00038,CTR-SEO-005,SEO,기타 가족관계,4,3,1,0
CNS-SEO-00038,CTR-SEO-005,SEO,이혼 전후,1,1,0,0
CNS-SEO-00039,CTR-SEO-005,SEO,부부갈등,5,4,1,0
CNS-SEO-00039,CTR-SEO-005,SEO,부모-자녀 갈등,4,3,1,0
CNS-SEO-00039,CTR-SEO-005,SEO,기타 가족관계,4,3,1,0
CNS-SEO-00039,CTR-SEO-005,SEO,이혼 전후,1,1,0,0
CNS-SEO-00040,CTR-SEO-005,SEO,부부갈등,3,3,0,0
CNS-SEO-00040,CTR-SEO-005,SEO,부모-자녀 갈등,2,2,0,0
CNS-SEO-00040,CTR-SEO-005,SEO,기타 가족관계,3,2,1,0
CNS-SEO-00040,CTR-SEO-005,SEO,이혼 전후,1,1,0,0
CNS-SEO-00041,CTR-SEO-005,SEO,부부갈등,3,2,1,0
CNS-SEO-00041,CTR-SEO-005,SEO,부모-자녀 갈등,3,3,0,0
CNS-SEO-00041,CTR-SEO-005,SEO,기타 가족관계,3,3,0,0
CNS-SEO-00041,CTR-SEO-005,SEO,이혼 전후,1,1,0,0
CNS-SEO-00042,CTR-SEO-005,SEO,부부갈등,2,2,0,0
CNS-SEO-00042,CTR-SEO-005,SEO,부모-자녀 갈등,1,1,0,0
CNS-SEO-00042,CTR-SEO-005,SEO,기타 가족관계,2,2,0,0
CNS-SEO-00043,CTR-SEO-005,SEO,부부갈등,2,2,0,0
CNS-SEO-00043,CTR-SEO-005,SEO,부모-자녀 갈등,2,2,0,0
CNS-SEO-00043,CTR-SEO-005,SEO,기타 가족관계,2,2,0,0
CNS-SEO-00044,CTR-SEO-005,SEO,부부갈등,3,3,0,0
CNS-SEO-00044,CTR-SEO-005,SEO,부모-자녀 갈등,2,2,0,0
CNS-SEO-00044,CTR-SEO-005,SEO,기타 가족관계,3,3,0,0
CNS-SEO-00045,CTR-SEO-005,SEO,부부갈등,3,3,0,0
CNS-SEO-00045,CTR-SEO-005,SEO,부모-자녀 갈등,2,2,0,0
CNS-SEO-00045,CTR-SEO-005,SEO,기타 가족관계,3,2,1,0
CNS-SEO-00045,CTR-SEO-005,SEO,이혼 전후,1,1,0,0
CNS-SEO-00046,CTR-SEO-005,SEO,부부갈등,3,2,1,0
CNS-SEO-00046,CTR-SEO-005,SEO,부모-자녀 갈등,2,2,0,0
CNS-SEO-00046,CTR-SEO-005,SEO,기타 가족관계,2,2,0,0
CNS-SEO-00047,CTR-SEO-005,SEO,부부갈등,3,3,0,0
CNS-SEO-00047,CTR-SEO-005,SEO,부모-자녀 갈등,2,2,0,0
CNS-SEO-00047,CTR-SEO-005,SEO,기타 가족관계,3,3,0,0
CNS-SEO-00048,CTR-SEO-006,SEO,부부갈등,4,3,1,0
CNS-SEO-00048,CTR-SEO-006,SEO,부모-자녀 갈등,3,2,1,0
CNS-SEO-00048,CTR-SEO-006,SEO,기타 가족관계,4,3,1,0
CNS-SEO-00049,CTR-SEO-006,SEO,부부갈등,3,2,1,0
CNS-SEO-00049,CTR-SEO-006,SEO,부모-자녀 갈등,2,2,0,0
CNS-SEO-00049,CTR-SEO-006,SEO,기타 가족관계,3,3,0,0
CNS-SEO-00050,CTR-SEO-006,SEO,부부갈등,1,1,0,0
CNS-SEO-00050,CTR-SEO-006,SEO,부모-자녀 갈등,1,1,0,0
CNS-SEO-00050,CTR-SEO-006,SEO,기타 가족관계,1,1,0,0
CNS-SEO-00051,CTR-SEO-006,SEO,부부갈등,3,2,1,0
CNS-SEO-00051,CTR-SEO-006,SEO,부모-자녀 갈등,2,2,0,0
CNS-SEO-00051,CTR-SEO-006,SEO,기타 가족관계,3,3,0,0
CNS-SEO-00052,CTR-SEO-006,SEO,부부갈등,3,2,1,0
CNS-SEO-00052,CTR-SEO-006,SEO,부모-자녀 갈등,2,2,0,0
CNS-SEO-00052,CTR-SEO-006,SEO,기타 가족관계,3,2,1,0
CNS-SEO-00052,CTR-SEO-006,SEO,이혼 전후,1,1,0,0
CNS-SEO-00053,CTR-SEO-006,SEO,부부갈등,4,3,1,0
CNS-SEO-00053,CTR-SEO-006,SEO,부모-자녀 갈등,3,2,1,0
CNS-SEO-00053,CTR-SEO-006,SEO,기타 가족관계,4,3,1,0
CNS-SEO-00053,CTR-SEO-006,SEO,이혼 전후,1,1,0,0
CNS-SEO-00054,CTR-SEO-006,SEO,부부갈등,3,3,0,0
CNS-SEO-00054,CTR-SEO-006,SEO,부모-자녀 갈등,2,2,0,0
CNS-SEO-00054,CTR-SEO-006,SEO,기타 가족관계,2,2,0,0
CNS-SEO-00055,CTR-SEO-006,SEO,부부갈등,3,3,0,0
CNS-SEO-00055,CTR-SEO-006,SEO,부모-자녀 갈등,2,1,1,0
CNS-SEO-00055,CTR-SEO-006,SEO,기타 가족관계,2,1,1,0
CNS-SEO-00056,CTR-SEO-006,SEO,부부갈등,2,2,0,0
CNS-SEO-00056,CTR-SEO-006,SEO,부모-자녀 갈등,2,2,0,0
CNS-SEO-00056,CTR-SEO-006,SEO,기타 가족관계,2,1,1,0
CNS-SEO-00057,CTR-SEO-007,SEO,부부갈등,5,5,0,0
CNS-SEO-00057,CTR-SEO-007,SEO,부모-자녀 갈등,4,3,1,0
CNS-SEO-00057,CTR-SEO-007,SEO,기타 가족관계,5,4,1,0
CNS-SEO-00057,CTR-SEO-007,SEO,이혼 전후,1,1,0,0
CNS-SEO-00058,CTR-SEO-007,SEO,부부갈등,4,3,1,0
CNS-SEO-00058,CTR-SEO-007,SEO,부모-자녀 갈등,3,2,1,0
CNS-SEO-00058,CTR-SEO-007,SEO,기타 가족관계,4,3,1,0
CNS-SEO-00059,CTR-SEO-007,SEO,부부갈등,2,2,0,0
CNS-SEO-00059,CTR-SEO-007,SEO,부모-자녀 갈등,2,2,0,0
CNS-SEO-00059,CTR-SEO-007,SEO,기타 가족관계,2,2,0,0
CNS-SEO-00060,CTR-SEO-007,SEO,부부갈등,1,1,0,0
CNS-SEO-00060,CTR-SEO-007,SEO,부모-자녀 갈등,1,1,0,0
CNS-SEO-00060,CTR-SEO-007,SEO,기타 가족관계,1,1,0,0
CNS-SEO-00061,CTR-SEO-007,SEO,부부갈등,3,2,1,0
CNS-SEO-00061,CTR-SEO-007,SEO,부모-자녀 갈등,2,2,0,0
CNS-SEO-00061,CTR-SEO-007,SEO,기타 가족관계,3,3,0,0
CNS-SEO-00061,CTR-SEO-007,SEO,이혼 전후,1,1,0,0
CNS-SEO-00062,CTR-SEO-007,SEO,부부갈등,2,2,0,0
CNS-SEO-00062,CTR-SEO-007,SEO,부모-자녀 갈등,1,1,0,0
CNS-SEO-00062,CTR-SEO-007,SEO,기타 가족관계,2,2,0,0
CNS-SEO-00063,CTR-SEO-007,SEO,부부갈등,3,3,0,0
CNS-SEO-00063,CTR-SEO-007,SEO,부모-자녀 갈등,2,1,1,0
CNS-SEO-00063,CTR-SEO-007,SEO,기타 가족관계,3,2,1,0
CNS-SEO-00064,CTR-SEO-007,SEO,부부갈등,3,2,1,0
CNS-SEO-00064,CTR-SEO-007,SEO,부모-자녀 갈등,2,2,0,0
CNS-SEO-00064,CTR-SEO-007,SEO,기타 가족관계,3,2,1,0
CNS-SEO-00064,CTR-SEO-007,SEO,이혼 전후,1,1,0,0
CNS-SEO-00065,CTR-SEO-008,SEO,부부갈등,5,4,1,0
CNS-SEO-00065,CTR-SEO-008,SEO,부모-자녀 갈등,3,3,0,0
CNS-SEO-00065,CTR-SEO-008,SEO,기타 가족관계,4,3,1,0
CNS-SEO-00065,CTR-SEO-008,SEO,이혼 전후,1,1,0,0
CNS-SEO-00066,CTR-SEO-008,SEO,부부갈등,4,3,1,0
CNS-SEO-00066,CTR-SEO-008,SEO,부모-자녀 갈등,3,3,0,0
CNS-SEO-00066,CTR-SEO-008,SEO,기타 가족관계,4,3,1,0
CNS-SEO-00066,CTR-SEO-008,SEO,이혼 전후,1,1,0,0
CNS-SEO-00067,CTR-SEO-008,SEO,부부갈등,3,2,1,0
CNS-SEO-00067,CTR-SEO-008,SEO,부모-자녀 갈등,2,2,0,0
CNS-SEO-00067,CTR-SEO-008,SEO,기타 가족관계,2,1,1,0
CNS-SEO-00068,CTR-SEO-008,SEO,부부갈등,3,3,0,0
CNS-SEO-00068,CTR-SEO-008,SEO,부모-자녀 갈등,3,2,1,0
CNS-SEO-00068,CTR-SEO-008,SEO,기타 가족관계,3,2,1,0
CNS-SEO-00068,CTR-SEO-008,SEO,이혼 전후,1,1,0,0
CNS-SEO-00069,CTR-SEO-008,SEO,부부갈등,5,4,1,0
CNS-SEO-00069,CTR-SEO-008,SEO,부모-자녀 갈등,4,3,1,0
CNS-SEO-00069,CTR-SEO-008,SEO,기타 가족관계,4,3,1,0
CNS-SEO-00069,CTR-SEO-008,SEO,이혼 전후,1,1,0,0
CNS-SEO-00070,CTR-SEO-008,SEO,부부갈등,3,2,1,0
CNS-SEO-00070,CTR-SEO-008,SEO,부모-자녀 갈등,2,2,0,0
CNS-SEO-00070,CTR-SEO-008,SEO,기타 가족관계,2,2,0,0
CNS-SEO-00071,CTR-SEO-008,SEO,부부갈등,3,3,0,0
CNS-SEO-00071,CTR-SEO-008,SEO,부모-자녀 갈등,2,2,0,0
CNS-SEO-00071,CTR-SEO-008,SEO,기타 가족관계,3,2,1,0
CNS-SEO-00072,CTR-SEO-008,SEO,부부갈등,3,3,0,0
CNS-SEO-00072,CTR-SEO-008,SEO,부모-자녀 갈등,2,2,0,0
CNS-SEO-00072,CTR-SEO-008,SEO,기타 가족관계,3,2,1,0
CNS-SEO-00073,CTR-SEO-009,SEO,부부갈등,3,2,1,0
CNS-SEO-00073,CTR-SEO-009,SEO,부모-자녀 갈등,2,2,0,0
CNS-SEO-00073,CTR-SEO-009,SEO,기타 가족관계,3,2,1,0
CNS-SEO-00073,CTR-SEO-009,SEO,이혼 전후,1,1,0,0
CNS-SEO-00074,CTR-SEO-009,SEO,부부갈등,5,4,1,0
CNS-SEO-00074,CTR-SEO-009,SEO,부모-자녀 갈등,4,3,1,0
CNS-SEO-00074,CTR-SEO-009,SEO,기타 가족관계,4,3,1,0
CNS-SEO-00074,CTR-SEO-009,SEO,이혼 전후,1,1,0,0
CNS-SEO-00075,CTR-SEO-009,SEO,부부갈등,3,2,1,0
CNS-SEO-00075,CTR-SEO-009,SEO,부모-자녀 갈등,2,2,0,0
CNS-SEO-00075,CTR-SEO-009,SEO,기타 가족관계,3,2,1,0
CNS-SEO-00076,CTR-SEO-009,SEO,부부갈등,2,2,0,0
CNS-SEO-00076,CTR-SEO-009,SEO,부모-자녀 갈등,1,1,0,0
CNS-SEO-00076,CTR-SEO-009,SEO,기타 가족관계,2,1,1,0
CNS-SEO-00077,CTR-SEO-009,SEO,부부갈등,3,3,0,0
CNS-SEO-00077,CTR-SEO-009,SEO,부모-자녀 갈등,3,2,1,0
CNS-SEO-00077,CTR-SEO-009,SEO,기타 가족관계,3,2,1,0
CNS-SEO-00077,CTR-SEO-009,SEO,이혼 전후,1,1,0,0
CNS-SEO-00078,CTR-SEO-009,SEO,부부갈등,3,2,1,0
CNS-SEO-00078,CTR-SEO-009,SEO,부모-자녀 갈등,2,2,0,0
CNS-SEO-00078,CTR-SEO-009,SEO,기타 가족관계,2,2,0,0
CNS-SEO-00079,CTR-SEO-009,SEO,부부갈등,2,2,0,0
CNS-SEO-00079,CTR-SEO-009,SEO,부모-자녀 갈등,1,1,0,0
CNS-SEO-00079,CTR-SEO-009,SEO,기타 가족관계,1,1,0,0
CNS-SEO-00080,CTR-SEO-010,SEO,부부갈등,5,4,1,0
CNS-SEO-00080,CTR-SEO-010,SEO,부모-자녀 갈등,4,3,1,0
CNS-SEO-00080,CTR-SEO-010,SEO,기타 가족관계,5,4,1,0
CNS-SEO-00080,CTR-SEO-010,SEO,이혼 전후,1,1,0,0
CNS-SEO-00081,CTR-SEO-010,SEO,부부갈등,3,3,0,0
CNS-SEO-00081,CTR-SEO-010,SEO,부모-자녀 갈등,2,2,0,0
CNS-SEO-00081,CTR-SEO-010,SEO,기타 가족관계,3,2,1,0
CNS-SEO-00082,CTR-SEO-010,SEO,부부갈등,3,2,1,0
CNS-SEO-00082,CTR-SEO-010,SEO,부모-자녀 갈등,2,2,0,0
CNS-SEO-00082,CTR-SEO-010,SEO,기타 가족관계,2,2,0,0
CNS-SEO-00083,CTR-SEO-010,SEO,부부갈등,3,3,0,0
CNS-SEO-00083,CTR-SEO-010,SEO,부모-자녀 갈등,2,2,0,0
CNS-SEO-00083,CTR-SEO-010,SEO,기타 가족관계,3,2,1,0
CNS-SEO-00084,CTR-SEO-010,SEO,부부갈등,3,2,1,0
CNS-SEO-00084,CTR-SEO-010,SEO,부모-자녀 갈등,2,2,0,0
CNS-SEO-00084,CTR-SEO-010,SEO,기타 가족관계,3,3,0,0
CNS-SEO-00084,CTR-SEO-010,SEO,이혼 전후,1,1,0,0
CNS-SEO-00085,CTR-SEO-010,SEO,부부갈등,3,2,1,0
CNS-SEO-00085,CTR-SEO-010,SEO,부모-자녀 갈등,2,1,1,0
CNS-SEO-00085,CTR-SEO-010,SEO,기타 가족관계,3,2,1,0
CNS-SEO-00086,CTR-SEO-010,SEO,부부갈등,3,3,0,0
CNS-SEO-00086,CTR-SEO-010,SEO,부모-자녀 갈등,2,2,0,0
CNS-SEO-00086,CTR-SEO-010,SEO,기타 가족관계,2,2,0,0
CNS-SEO-00087,CTR-SEO-010,SEO,부부갈등,3,3,0,0
CNS-SEO-00087,CTR-SEO-010,SEO,부모-자녀 갈등,2,2,0,0
CNS-SEO-00087,CTR-SEO-010,SEO,기타 가족관계,3,3,0,0
CNS-SEO-00088,CTR-SEO-010,SEO,부부갈등,3,3,0,0
CNS-SEO-00088,CTR-SEO-010,SEO,부모-자녀 갈등,2,2,0,0
CNS-SEO-00088,CTR-SEO-010,SEO,기타 가족관계,2,2,0,0
CNS-SEO-00089,CTR-SEO-011,SEO,부부갈등,5,4,1,0
CNS-SEO-00089,CTR-SEO-011,SEO,부모-자녀 갈등,4,3,1,0
CNS-SEO-00089,CTR-SEO-011,SEO,기타 가족관계,5,4,1,0
CNS-SEO-00089,CTR-SEO-011,SEO,이혼 전후,1,1,0,0
CNS-SEO-00090,CTR-SEO-011,SEO,부부갈등,6,4,2,0
CNS-SEO-00090,CTR-SEO-011,SEO,부모-자녀 갈등,4,4,0,0
CNS-SEO-00090,CTR-SEO-011,SEO,기타 가족관계,5,4,1,0
CNS-SEO-00090,CTR-SEO-011,SEO,이혼 전후,1,1,0,0
CNS-SEO-00091,CTR-SEO-011,SEO,부부갈등,3,3,0,0
CNS-SEO-00091,CTR-SEO-011,SEO,부모-자녀 갈등,2,2,0,0
CNS-SEO-00091,CTR-SEO-011,SEO,기타 가족관계,3,3,0,0
CNS-SEO-00092,CTR-SEO-011,SEO,부부갈등,3,2,1,0
CNS-SEO-00092,CTR-SEO-011,SEO,부모-자녀 갈등,3,3,0,0
CNS-SEO-00092,CTR-SEO-011,SEO,기타 가족관계,3,2,1,0
CNS-SEO-00092,CTR-SEO-011,SEO,이혼 전후,1,1,0,0
CNS-SEO-00093,CTR-SEO-011,SEO,부부갈등,3,2,1,0
CNS-SEO-00093,CTR-SEO-011,SEO,부모-자녀 갈등,3,2,1,0
CNS-SEO-00093,CTR-SEO-011,SEO,기타 가족관계,3,3,0,0
CNS-SEO-00093,CTR-SEO-011,SEO,이혼 전후,1,1,0,0
CNS-SEO-00094,CTR-SEO-011,SEO,부부갈등,3,2,1,0
CNS-SEO-00094,CTR-SEO-011,SEO,부모-자녀 갈등,3,2,1,0
CNS-SEO-00094,CTR-SEO-011,SEO,기타 가족관계,3,2,1,0
CNS-SEO-00094,CTR-SEO-011,SEO,이혼 전후,1,1,0,0
CNS-SEO-00095,CTR-SEO-011,SEO,부부갈등,2,2,0,0
CNS-SEO-00095,CTR-SEO-011,SEO,부모-자녀 갈등,1,1,0,0
CNS-SEO-00095,CTR-SEO-011,SEO,기타 가족관계,2,2,0,0
CNS-SEO-00096,CTR-SEO-011,SEO,부부갈등,3,2,1,0
CNS-SEO-00096,CTR-SEO-011,SEO,부모-자녀 갈등,2,2,0,0
CNS-SEO-00096,CTR-SEO-011,SEO,기타 가족관계,2,2,0,0
CNS-SEO-00097,CTR-SEO-012,SEO,부부갈등,4,3,1,0
CNS-SEO-00097,CTR-SEO-012,SEO,부모-자녀 갈등,3,2,1,0
CNS-SEO-00097,CTR-SEO-012,SEO,기타 가족관계,4,4,0,0
CNS-SEO-00097,CTR-SEO-012,SEO,이혼 전후,1,1,0,0
CNS-SEO-00098,CTR-SEO-012,SEO,부부갈등,5,4,1,0
CNS-SEO-00098,CTR-SEO-012,SEO,부모-자녀 갈등,4,3,1,0
CNS-SEO-00098,CTR-SEO-012,SEO,기타 가족관계,4,3,1,0
CNS-SEO-00098,CTR-SEO-012,SEO,이혼 전후,1,1,0,0
CNS-SEO-00099,CTR-SEO-012,SEO,부부갈등,3,2,1,0
CNS-SEO-00099,CTR-SEO-012,SEO,부모-자녀 갈등,2,2,0,0
CNS-SEO-00099,CTR-SEO-012,SEO,기타 가족관계,2,2,0,0
CNS-SEO-00100,CTR-SEO-012,SEO,부부갈등,3,3,0,0
CNS-SEO-00100,CTR-SEO-012,SEO,부모-자녀 갈등,2,2,0,0
CNS-SEO-00100,CTR-SEO-012,SEO,기타 가족관계,2,2,0,0
CNS-SEO-00101,CTR-SEO-012,SEO,부부갈등,3,2,1,0
CNS-SEO-00101,CTR-SEO-012,SEO,부모-자녀 갈등,2,2,0,0
CNS-SEO-00101,CTR-SEO-012,SEO,기타 가족관계,3,2,1,0
CNS-SEO-00102,CTR-SEO-012,SEO,부부갈등,3,2,1,0
CNS-SEO-00102,CTR-SEO-012,SEO,부모-자녀 갈등,2,2,0,0
CNS-SEO-00102,CTR-SEO-012,SEO,기타 가족관계,2,2,0,0
CNS-SEO-00103,CTR-SEO-012,SEO,부부갈등,1,1,0,0
CNS-SEO-00103,CTR-SEO-012,SEO,부모-자녀 갈등,1,1,0,0
CNS-SEO-00103,CTR-SEO-012,SEO,기타 가족관계,1,1,0,0
CNS-SEO-00104,CTR-SEO-012,SEO,부부갈등,3,3,0,0
CNS-SEO-00104,CTR-SEO-012,SEO,부모-자녀 갈등,2,1,1,0
CNS-SEO-00104,CTR-SEO-012,SEO,기타 가족관계,2,2,0,0
CNS-SEO-00105,CTR-SEO-012,SEO,부부갈등,3,2,1,0
CNS-SEO-00105,CTR-SEO-012,SEO,부모-자녀 갈등,2,2,0,0
CNS-SEO-00105,CTR-SEO-012,SEO,기타 가족관계,2,2,0,0
CNS-SEO-00106,CTR-SEO-013,SEO,부부갈등,4,3,1,0
CNS-SEO-00106,CTR-SEO-013,SEO,부모-자녀 갈등,3,2,1,0
CNS-SEO-00106,CTR-SEO-013,SEO,기타 가족관계,4,3,1,0
CNS-SEO-00106,CTR-SEO-013,SEO,이혼 전후,1,1,0,0
CNS-SEO-00107,CTR-SEO-013,SEO,부부갈등,4,3,1,0
CNS-SEO-00107,CTR-SEO-013,SEO,부모-자녀 갈등,3,2,1,0
CNS-SEO-00107,CTR-SEO-013,SEO,기타 가족관계,4,3,1,0
CNS-SEO-00108,CTR-SEO-013,SEO,부부갈등,3,2,1,0
CNS-SEO-00108,CTR-SEO-013,SEO,부모-자녀 갈등,2,2,0,0
CNS-SEO-00108,CTR-SEO-013,SEO,기타 가족관계,3,2,1,0
CNS-SEO-00108,CTR-SEO-013,SEO,이혼 전후,1,1,0,0
CNS-SEO-00109,CTR-SEO-013,SEO,부부갈등,3,2,1,0
CNS-SEO-00109,CTR-SEO-013,SEO,부모-자녀 갈등,2,2,0,0
CNS-SEO-00109,CTR-SEO-013,SEO,기타 가족관계,3,2,1,0
CNS-SEO-00109,CTR-SEO-013,SEO,이혼 전후,1,1,0,0
CNS-SEO-00110,CTR-SEO-013,SEO,부부갈등,2,2,0,0
CNS-SEO-00110,CTR-SEO-013,SEO,부모-자녀 갈등,2,2,0,0
CNS-SEO-00110,CTR-SEO-013,SEO,기타 가족관계,2,2,0,0
CNS-SEO-00111,CTR-SEO-013,SEO,부부갈등,2,1,1,0
CNS-SEO-00111,CTR-SEO-013,SEO,부모-자녀 갈등,2,2,0,0
CNS-SEO-00111,CTR-SEO-013,SEO,기타 가족관계,2,2,0,0
CNS-SEO-00112,CTR-SEO-013,SEO,부부갈등,3,2,1,0
CNS-SEO-00112,CTR-SEO-013,SEO,부모-자녀 갈등,2,2,0,0
CNS-SEO-00112,CTR-SEO-013,SEO,기타 가족관계,2,2,0,0
CNS-SEO-00113,CTR-SEO-013,SEO,부부갈등,3,2,1,0
CNS-SEO-00113,CTR-SEO-013,SEO,부모-자녀 갈등,2,2,0,0
CNS-SEO-00113,CTR-SEO-013,SEO,기타 가족관계,3,2,1,0
CNS-SEO-00113,CTR-SEO-013,SEO,이혼 전후,1,1,0,0
CNS-SEO-00114,CTR-SEO-013,SEO,부부갈등,3,3,0,0
CNS-SEO-00114,CTR-SEO-013,SEO,부모-자녀 갈등,2,2,0,0
CNS-SEO-00114,CTR-SEO-013,SEO,기타 가족관계,3,2,1,0
CNS-SEO-00115,CTR-SEO-014,SEO,부부갈등,3,2,1,0
CNS-SEO-00115,CTR-SEO-014,SEO,부모-자녀 갈등,3,2,1,0
CNS-SEO-00115,CTR-SEO-014,SEO,기타 가족관계,3,2,1,0
CNS-SEO-00115,CTR-SEO-014,SEO,이혼 전후,1,1,0,0
CNS-SEO-00116,CTR-SEO-014,SEO,부부갈등,3,2,1,0
CNS-SEO-00116,CTR-SEO-014,SEO,부모-자녀 갈등,2,2,0,0
CNS-SEO-00116,CTR-SEO-014,SEO,기타 가족관계,3,3,0,0
CNS-SEO-00117,CTR-SEO-014,SEO,부부갈등,3,2,1,0
CNS-SEO-00117,CTR-SEO-014,SEO,부모-자녀 갈등,2,2,0,0
CNS-SEO-00117,CTR-SEO-014,SEO,기타 가족관계,2,2,0,0
CNS-SEO-00118,CTR-SEO-014,SEO,부부갈등,3,3,0,0
CNS-SEO-00118,CTR-SEO-014,SEO,부모-자녀 갈등,2,2,0,0
CNS-SEO-00118,CTR-SEO-014,SEO,기타 가족관계,3,2,1,0
CNS-SEO-00118,CTR-SEO-014,SEO,이혼 전후,1,1,0,0
CNS-SEO-00119,CTR-SEO-014,SEO,부부갈등,1,1,0,0
CNS-SEO-00119,CTR-SEO-014,SEO,부모-자녀 갈등,1,1,0,0
CNS-SEO-00119,CTR-SEO-014,SEO,기타 가족관계,1,1,0,0
CNS-SEO-00120,CTR-SEO-014,SEO,부부갈등,3,3,0,0
CNS-SEO-00120,CTR-SEO-014,SEO,부모-자녀 갈등,2,2,0,0
CNS-SEO-00120,CTR-SEO-014,SEO,기타 가족관계,3,2,1,0
CNS-SEO-00121,CTR-SEO-014,SEO,부부갈등,2,2,0,0
CNS-SEO-00121,CTR-SEO-014,SEO,부모-자녀 갈등,1,1,0,0
CNS-SEO-00121,CTR-SEO-014,SEO,기타 가족관계,1,1,0,0
CNS-SEO-00122,CTR-SEO-014,SEO,부부갈등,2,2,0,0
CNS-SEO-00122,CTR-SEO-014,SEO,부모-자녀 갈등,1,1,0,0
CNS-SEO-00122,CTR-SEO-014,SEO,기타 가족관계,2,1,1,0
CNS-SEO-00123,CTR-SEO-015,SEO,부부갈등,4,3,1,0
CNS-SEO-00123,CTR-SEO-015,SEO,부모-자녀 갈등,3,3,0,0
CNS-SEO-00123,CTR-SEO-015,SEO,기타 가족관계,4,3,1,0
CNS-SEO-00124,CTR-SEO-015,SEO,부부갈등,3,3,0,0
CNS-SEO-00124,CTR-SEO-015,SEO,부모-자녀 갈등,2,2,0,0
CNS-SEO-00124,CTR-SEO-015,SEO,기타 가족관계,3,3,0,0
CNS-SEO-00124,CTR-SEO-015,SEO,이혼 전후,1,1,0,0
CNS-SEO-00125,CTR-SEO-015,SEO,부부갈등,2,2,0,0
CNS-SEO-00125,CTR-SEO-015,SEO,부모-자녀 갈등,1,1,0,0
CNS-SEO-00125,CTR-SEO-015,SEO,기타 가족관계,1,1,0,0
CNS-SEO-00126,CTR-SEO-015,SEO,부부갈등,3,2,1,0
CNS-SEO-00126,CTR-SEO-015,SEO,부모-자녀 갈등,3,2,1,0
CNS-SEO-00126,CTR-SEO-015,SEO,기타 가족관계,3,2,1,0
CNS-SEO-00126,CTR-SEO-015,SEO,이혼 전후,1,1,0,0
CNS-SEO-00127,CTR-SEO-015,SEO,부부갈등,3,2,1,0
CNS-SEO-00127,CTR-SEO-015,SEO,부모-자녀 갈등,3,3,0,0
CNS-SEO-00127,CTR-SEO-015,SEO,기타 가족관계,3,2,1,0
CNS-SEO-00127,CTR-SEO-015,SEO,이혼 전후,1,1,0,0
CNS-SEO-00128,CTR-SEO-015,SEO,부부갈등,1,1,0,0
CNS-SEO-00128,CTR-SEO-015,SEO,부모-자녀 갈등,1,1,0,0
CNS-SEO-00128,CTR-SEO-015,SEO,기타 가족관계,1,1,0,0
CNS-SEO-00129,CTR-SEO-015,SEO,부부갈등,3,2,1,0
CNS-SEO-00129,CTR-SEO-015,SEO,부모-자녀 갈등,2,2,0,0
CNS-SEO-00129,CTR-SEO-015,SEO,기타 가족관계,3,3,0,0
CNS-SEO-00129,CTR-SEO-015,SEO,이혼 전후,1,1,0,0
CNS-SEO-00130,CTR-SEO-015,SEO,부부갈등,2,2,0,0
CNS-SEO-00130,CTR-SEO-015,SEO,부모-자녀 갈등,1,1,0,0
CNS-SEO-00130,CTR-SEO-015,SEO,기타 가족관계,2,2,0,0
CNS-SEO-00131,CTR-SEO-016,SEO,부부갈등,3,2,1,0
CNS-SEO-00131,CTR-SEO-016,SEO,부모-자녀 갈등,3,2,1,0
CNS-SEO-00131,CTR-SEO-016,SEO,기타 가족관계,3,2,1,0
CNS-SEO-00131,CTR-SEO-016,SEO,이혼 전후,1,1,0,0
CNS-SEO-00132,CTR-SEO-016,SEO,부부갈등,4,3,1,0
CNS-SEO-00132,CTR-SEO-016,SEO,부모-자녀 갈등,3,2,1,0
CNS-SEO-00132,CTR-SEO-016,SEO,기타 가족관계,4,3,1,0
CNS-SEO-00133,CTR-SEO-016,SEO,부부갈등,4,3,1,0
CNS-SEO-00133,CTR-SEO-016,SEO,부모-자녀 갈등,3,3,0,0
CNS-SEO-00133,CTR-SEO-016,SEO,기타 가족관계,4,3,1,0
CNS-SEO-00134,CTR-SEO-016,SEO,부부갈등,2,2,0,0
CNS-SEO-00134,CTR-SEO-016,SEO,부모-자녀 갈등,1,1,0,0
CNS-SEO-00134,CTR-SEO-016,SEO,기타 가족관계,2,2,0,0
CNS-SEO-00135,CTR-SEO-016,SEO,부부갈등,2,2,0,0
CNS-SEO-00135,CTR-SEO-016,SEO,부모-자녀 갈등,2,2,0,0
CNS-SEO-00135,CTR-SEO-016,SEO,기타 가족관계,2,2,0,0
CNS-SEO-00136,CTR-SEO-016,SEO,부부갈등,1,1,0,0
CNS-SEO-00136,CTR-SEO-016,SEO,부모-자녀 갈등,1,1,0,0
CNS-SEO-00136,CTR-SEO-016,SEO,기타 가족관계,1,1,0,0
CNS-SEO-00137,CTR-SEO-016,SEO,부부갈등,3,2,1,0
CNS-SEO-00137,CTR-SEO-016,SEO,부모-자녀 갈등,2,2,0,0
CNS-SEO-00137,CTR-SEO-016,SEO,기타 가족관계,3,2,1,0
CNS-SEO-00137,CTR-SEO-016,SEO,이혼 전후,1,1,0,0
CNS-SEO-00138,CTR-SEO-016,SEO,부부갈등,4,3,1,0
CNS-SEO-00138,CTR-SEO-016,SEO,부모-자녀 갈등,3,2,1,0
CNS-SEO-00138,CTR-SEO-016,SEO,기타 가족관계,4,3,1,0
CNS-SEO-00139,CTR-SEO-017,SEO,부부갈등,5,4,1,0
CNS-SEO-00139,CTR-SEO-017,SEO,부모-자녀 갈등,3,2,1,0
CNS-SEO-00139,CTR-SEO-017,SEO,기타 가족관계,4,3,1,0
CNS-SEO-00139,CTR-SEO-017,SEO,이혼 전후,1,1,0,0
CNS-SEO-00140,CTR-SEO-017,SEO,부부갈등,5,4,1,0
CNS-SEO-00140,CTR-SEO-017,SEO,부모-자녀 갈등,4,3,1,0
CNS-SEO-00140,CTR-SEO-017,SEO,기타 가족관계,4,3,1,0
CNS-SEO-00140,CTR-SEO-017,SEO,이혼 전후,1,1,0,0
CNS-SEO-00141,CTR-SEO-017,SEO,부부갈등,3,2,1,0
CNS-SEO-00141,CTR-SEO-017,SEO,부모-자녀 갈등,3,3,0,0
CNS-SEO-00141,CTR-SEO-017,SEO,기타 가족관계,3,2,1,0
CNS-SEO-00141,CTR-SEO-017,SEO,이혼 전후,1,1,0,0
CNS-SEO-00142,CTR-SEO-017,SEO,부부갈등,3,2,1,0
CNS-SEO-00142,CTR-SEO-017,SEO,부모-자녀 갈등,2,2,0,0
CNS-SEO-00142,CTR-SEO-017,SEO,기타 가족관계,2,2,0,0
CNS-SEO-00143,CTR-SEO-017,SEO,부부갈등,3,2,1,0
CNS-SEO-00143,CTR-SEO-017,SEO,부모-자녀 갈등,2,2,0,0
CNS-SEO-00143,CTR-SEO-017,SEO,기타 가족관계,3,3,0,0
CNS-SEO-00144,CTR-SEO-017,SEO,부부갈등,3,3,0,0
CNS-SEO-00144,CTR-SEO-017,SEO,부모-자녀 갈등,2,2,0,0
CNS-SEO-00144,CTR-SEO-017,SEO,기타 가족관계,2,2,0,0
CNS-SEO-00145,CTR-SEO-017,SEO,부부갈등,2,2,0,0
CNS-SEO-00145,CTR-SEO-017,SEO,부모-자녀 갈등,1,1,0,0
CNS-SEO-00145,CTR-SEO-017,SEO,기타 가족관계,2,2,0,0
CNS-SEO-00146,CTR-SEO-017,SEO,부부갈등,3,3,0,0
CNS-SEO-00146,CTR-SEO-017,SEO,부모-자녀 갈등,3,2,1,0
CNS-SEO-00146,CTR-SEO-017,SEO,기타 가족관계,3,2,1,0
CNS-SEO-00146,CTR-SEO-017,SEO,이혼 전후,1,1,0,0
CNS-SEO-00147,CTR-SEO-017,SEO,부부갈등,3,2,1,0
CNS-SEO-00147,CTR-SEO-017,SEO,부모-자녀 갈등,2,2,0,0
CNS-SEO-00147,CTR-SEO-017,SEO,기타 가족관계,2,2,0,0
CNS-SEO-00148,CTR-SEO-018,SEO,부부갈등,3,3,0,0
CNS-SEO-00148,CTR-SEO-018,SEO,부모-자녀 갈등,3,2,1,0
CNS-SEO-00148,CTR-SEO-018,SEO,기타 가족관계,3,2,1,0
CNS-SEO-00148,CTR-SEO-018,SEO,이혼 전후,1,1,0,0
CNS-SEO-00149,CTR-SEO-018,SEO,부부갈등,5,4,1,0
CNS-SEO-00149,CTR-SEO-018,SEO,부모-자녀 갈등,4,3,1,0
CNS-SEO-00149,CTR-SEO-018,SEO,기타 가족관계,4,3,1,0
CNS-SEO-00149,CTR-SEO-018,SEO,이혼 전후,1,1,0,0
CNS-SEO-00150,CTR-SEO-018,SEO,부부갈등,2,2,0,0
CNS-SEO-00150,CTR-SEO-018,SEO,부모-자녀 갈등,1,1,0,0
CNS-SEO-00150,CTR-SEO-018,SEO,기타 가족관계,2,2,0,0
CNS-SEO-00151,CTR-SEO-018,SEO,부부갈등,3,2,1,0
CNS-SEO-00151,CTR-SEO-018,SEO,부모-자녀 갈등,2,2,0,0
CNS-SEO-00151,CTR-SEO-018,SEO,기타 가족관계,3,3,0,0
CNS-SEO-00152,CTR-SEO-018,SEO,부부갈등,3,2,1,0
CNS-SEO-00152,CTR-SEO-018,SEO,부모-자녀 갈등,2,2,0,0
CNS-SEO-00152,CTR-SEO-018,SEO,기타 가족관계,3,3,0,0
CNS-SEO-00153,CTR-SEO-018,SEO,부부갈등,3,3,0,0
CNS-SEO-00153,CTR-SEO-018,SEO,부모-자녀 갈등,2,1,1,0
CNS-SEO-00153,CTR-SEO-018,SEO,기타 가족관계,2,2,0,0
CNS-SEO-00154,CTR-SEO-018,SEO,부부갈등,3,2,1,0
CNS-SEO-00154,CTR-SEO-018,SEO,부모-자녀 갈등,2,2,0,0
CNS-SEO-00154,CTR-SEO-018,SEO,기타 가족관계,3,3,0,0
CNS-SEO-00154,CTR-SEO-018,SEO,이혼 전후,1,1,0,0
CNS-SEO-00155,CTR-SEO-018,SEO,부부갈등,3,3,0,0
CNS-SEO-00155,CTR-SEO-018,SEO,부모-자녀 갈등,2,2,0,0
CNS-SEO-00155,CTR-SEO-018,SEO,기타 가족관계,3,2,1,0
CNS-SEO-00155,CTR-SEO-018,SEO,이혼 전후,1,1,0,0
CNS-SEO-00156,CTR-SEO-018,SEO,부부갈등,3,3,0,0
CNS-SEO-00156,CTR-SEO-018,SEO,부모-자녀 갈등,2,2,0,0
CNS-SEO-00156,CTR-SEO-018,SEO,기타 가족관계,3,2,1,0
CNS-SEO-00157,CTR-SEO-019,SEO,부부갈등,5,4,1,0
CNS-SEO-00157,CTR-SEO-019,SEO,부모-자녀 갈등,4,3,1,0
CNS-SEO-00157,CTR-SEO-019,SEO,기타 가족관계,5,4,1,0
CNS-SEO-00157,CTR-SEO-019,SEO,이혼 전후,1,1,0,0
CNS-SEO-00158,CTR-SEO-019,SEO,부부갈등,4,3,1,0
CNS-SEO-00158,CTR-SEO-019,SEO,부모-자녀 갈등,3,3,0,0
CNS-SEO-00158,CTR-SEO-019,SEO,기타 가족관계,4,3,1,0
CNS-SEO-00158,CTR-SEO-019,SEO,이혼 전후,1,1,0,0
CNS-SEO-00159,CTR-SEO-019,SEO,부부갈등,3,3,0,0
CNS-SEO-00159,CTR-SEO-019,SEO,부모-자녀 갈등,2,2,0,0
CNS-SEO-00159,CTR-SEO-019,SEO,기타 가족관계,3,2,1,0
CNS-SEO-00159,CTR-SEO-019,SEO,이혼 전후,1,1,0,0
CNS-SEO-00160,CTR-SEO-019,SEO,부부갈등,2,2,0,0
CNS-SEO-00160,CTR-SEO-019,SEO,부모-자녀 갈등,1,1,0,0
CNS-SEO-00160,CTR-SEO-019,SEO,기타 가족관계,2,2,0,0
CNS-SEO-00161,CTR-SEO-019,SEO,부부갈등,3,2,1,0
CNS-SEO-00161,CTR-SEO-019,SEO,부모-자녀 갈등,2,2,0,0
CNS-SEO-00161,CTR-SEO-019,SEO,기타 가족관계,3,2,1,0
CNS-SEO-00161,CTR-SEO-019,SEO,이혼 전후,1,1,0,0
CNS-SEO-00162,CTR-SEO-019,SEO,부부갈등,3,3,0,0
CNS-SEO-00162,CTR-SEO-019,SEO,부모-자녀 갈등,2,2,0,0
CNS-SEO-00162,CTR-SEO-019,SEO,기타 가족관계,3,2,1,0
CNS-SEO-00163,CTR-SEO-019,SEO,부부갈등,2,2,0,0
CNS-SEO-00163,CTR-SEO-019,SEO,부모-자녀 갈등,1,1,0,0
CNS-SEO-00163,CTR-SEO-019,SEO,기타 가족관계,1,1,0,0
CNS-SEO-00164,CTR-SEO-019,SEO,부부갈등,1,1,0,0
CNS-SEO-00164,CTR-SEO-019,SEO,부모-자녀 갈등,1,1,0,0
CNS-SEO-00164,CTR-SEO-019,SEO,기타 가족관계,1,1,0,0
CNS-SEO-00165,CTR-SEO-019,SEO,부부갈등,4,3,1,0
CNS-SEO-00165,CTR-SEO-019,SEO,부모-자녀 갈등,3,2,1,0
CNS-SEO-00165,CTR-SEO-019,SEO,기타 가족관계,4,3,1,0
CNS-SEO-00165,CTR-SEO-019,SEO,이혼 전후,1,1,0,0
CNS-SEO-00166,CTR-SEO-020,SEO,부부갈등,5,4,1,0
CNS-SEO-00166,CTR-SEO-020,SEO,부모-자녀 갈등,4,3,1,0
CNS-SEO-00166,CTR-SEO-020,SEO,기타 가족관계,4,3,1,0
CNS-SEO-00166,CTR-SEO-020,SEO,이혼 전후,1,1,0,0
CNS-SEO-00167,CTR-SEO-020,SEO,부부갈등,3,2,1,0
CNS-SEO-00167,CTR-SEO-020,SEO,부모-자녀 갈등,2,2,0,0
CNS-SEO-00167,CTR-SEO-020,SEO,기타 가족관계,3,2,1,0
CNS-SEO-00167,CTR-SEO-020,SEO,이혼 전후,1,1,0,0
CNS-SEO-00168,CTR-SEO-020,SEO,부부갈등,2,2,0,0
CNS-SEO-00168,CTR-SEO-020,SEO,부모-자녀 갈등,1,1,0,0
CNS-SEO-00168,CTR-SEO-020,SEO,기타 가족관계,1,1,0,0
CNS-SEO-00169,CTR-SEO-020,SEO,부부갈등,2,2,0,0
CNS-SEO-00169,CTR-SEO-020,SEO,부모-자녀 갈등,2,2,0,0
CNS-SEO-00169,CTR-SEO-020,SEO,기타 가족관계,2,2,0,0
CNS-SEO-00170,CTR-SEO-020,SEO,부부갈등,3,2,1,0
CNS-SEO-00170,CTR-SEO-020,SEO,부모-자녀 갈등,2,2,0,0
CNS-SEO-00170,CTR-SEO-020,SEO,기타 가족관계,3,2,1,0
CNS-SEO-00171,CTR-SEO-020,SEO,부부갈등,3,3,0,0
CNS-SEO-00171,CTR-SEO-020,SEO,부모-자녀 갈등,2,2,0,0
CNS-SEO-00171,CTR-SEO-020,SEO,기타 가족관계,3,3,0,0
CNS-SEO-00172,CTR-SEO-020,SEO,부부갈등,2,2,0,0
CNS-SEO-00172,CTR-SEO-020,SEO,부모-자녀 갈등,1,1,0,0
CNS-SEO-00172,CTR-SEO-020,SEO,기타 가족관계,2,2,0,0
CNS-SEO-00173,CTR-SEO-020,SEO,부부갈등,1,1,0,0
CNS-SEO-00173,CTR-SEO-020,SEO,부모-자녀 갈등,1,1,0,0
CNS-SEO-00173,CTR-SEO-020,SEO,기타 가족관계,1,1,0,0
CNS-SEO-00174,CTR-SEO-020,SEO,부부갈등,2,2,0,0
CNS-SEO-00174,CTR-SEO-020,SEO,부모-자녀 갈등,2,2,0,0
CNS-SEO-00174,CTR-SEO-020,SEO,기타 가족관계,2,1,1,0
CNS-SEO-00175,CTR-SEO-021,SEO,부부갈등,4,3,1,0
CNS-SEO-00175,CTR-SEO-021,SEO,부모-자녀 갈등,3,2,1,0
CNS-SEO-00175,CTR-SEO-021,SEO,기타 가족관계,4,3,1,0
CNS-SEO-00176,CTR-SEO-021,SEO,부부갈등,4,3,1,0
CNS-SEO-00176,CTR-SEO-021,SEO,부모-자녀 갈등,3,2,1,0
CNS-SEO-00176,CTR-SEO-021,SEO,기타 가족관계,4,3,1,0
CNS-SEO-00176,CTR-SEO-021,SEO,이혼 전후,1,1,0,0
CNS-SEO-00177,CTR-SEO-021,SEO,부부갈등,3,2,1,0
CNS-SEO-00177,CTR-SEO-021,SEO,부모-자녀 갈등,2,2,0,0
CNS-SEO-00177,CTR-SEO-021,SEO,기타 가족관계,3,2,1,0
CNS-SEO-00177,CTR-SEO-021,SEO,이혼 전후,1,1,0,0
CNS-SEO-00178,CTR-SEO-021,SEO,부부갈등,2,2,0,0
CNS-SEO-00178,CTR-SEO-021,SEO,부모-자녀 갈등,2,2,0,0
CNS-SEO-00178,CTR-SEO-021,SEO,기타 가족관계,2,2,0,0
CNS-SEO-00179,CTR-SEO-021,SEO,부부갈등,3,3,0,0
CNS-SEO-00179,CTR-SEO-021,SEO,부모-자녀 갈등,3,2,1,0
CNS-SEO-00179,CTR-SEO-021,SEO,기타 가족관계,3,3,0,0
CNS-SEO-00179,CTR-SEO-021,SEO,이혼 전후,1,1,0,0
CNS-SEO-00180,CTR-SEO-021,SEO,부부갈등,2,2,0,0
CNS-SEO-00180,CTR-SEO-021,SEO,부모-자녀 갈등,1,1,0,0
CNS-SEO-00180,CTR-SEO-021,SEO,기타 가족관계,2,2,0,0
CNS-SEO-00181,CTR-SEO-021,SEO,부부갈등,2,2,0,0
CNS-SEO-00181,CTR-SEO-021,SEO,부모-자녀 갈등,2,2,0,0
CNS-SEO-00181,CTR-SEO-021,SEO,기타 가족관계,2,2,0,0
CNS-SEO-00182,CTR-SEO-021,SEO,부부갈등,3,2,1,0
CNS-SEO-00182,CTR-SEO-021,SEO,부모-자녀 갈등,2,2,0,0
CNS-SEO-00182,CTR-SEO-021,SEO,기타 가족관계,3,3,0,0
CNS-SEO-00182,CTR-SEO-021,SEO,이혼 전후,1,1,0,0
CNS-SEO-00183,CTR-SEO-021,SEO,부부갈등,2,2,0,0
CNS-SEO-00183,CTR-SEO-021,SEO,부모-자녀 갈등,2,2,0,0
CNS-SEO-00183,CTR-SEO-021,SEO,기타 가족관계,2,2,0,0
CNS-SEO-00184,CTR-SEO-022,SEO,부부갈등,4,3,1,0
CNS-SEO-00184,CTR-SEO-022,SEO,부모-자녀 갈등,3,3,0,0
CNS-SEO-00184,CTR-SEO-022,SEO,기타 가족관계,4,3,1,0
CNS-SEO-00184,CTR-SEO-022,SEO,이혼 전후,1,1,0,0
CNS-SEO-00185,CTR-SEO-022,SEO,부부갈등,3,2,1,0
CNS-SEO-00185,CTR-SEO-022,SEO,부모-자녀 갈등,3,2,1,0
CNS-SEO-00185,CTR-SEO-022,SEO,기타 가족관계,3,2,1,0
CNS-SEO-00185,CTR-SEO-022,SEO,이혼 전후,1,1,0,0
CNS-SEO-00186,CTR-SEO-022,SEO,부부갈등,4,3,1,0
CNS-SEO-00186,CTR-SEO-022,SEO,부모-자녀 갈등,3,2,1,0
CNS-SEO-00186,CTR-SEO-022,SEO,기타 가족관계,4,3,1,0
CNS-SEO-00187,CTR-SEO-022,SEO,부부갈등,4,4,0,0
CNS-SEO-00187,CTR-SEO-022,SEO,부모-자녀 갈등,3,3,0,0
CNS-SEO-00187,CTR-SEO-022,SEO,기타 가족관계,4,3,1,0
CNS-SEO-00188,CTR-SEO-022,SEO,부부갈등,2,2,0,0
CNS-SEO-00188,CTR-SEO-022,SEO,부모-자녀 갈등,1,1,0,0
CNS-SEO-00188,CTR-SEO-022,SEO,기타 가족관계,1,1,0,0
CNS-SEO-00189,CTR-SEO-022,SEO,부부갈등,2,1,1,0
CNS-SEO-00189,CTR-SEO-022,SEO,부모-자녀 갈등,2,2,0,0
CNS-SEO-00189,CTR-SEO-022,SEO,기타 가족관계,2,1,1,0
CNS-SEO-00190,CTR-SEO-022,SEO,부부갈등,3,3,0,0
CNS-SEO-00190,CTR-SEO-022,SEO,부모-자녀 갈등,2,2,0,0
CNS-SEO-00190,CTR-SEO-022,SEO,기타 가족관계,3,2,1,0
CNS-SEO-00191,CTR-SEO-022,SEO,부부갈등,3,2,1,0
CNS-SEO-00191,CTR-SEO-022,SEO,부모-자녀 갈등,2,2,0,0
CNS-SEO-00191,CTR-SEO-022,SEO,기타 가족관계,2,2,0,0
CNS-SEO-00192,CTR-SEO-023,SEO,부부갈등,3,2,1,0
CNS-SEO-00192,CTR-SEO-023,SEO,부모-자녀 갈등,3,2,1,0
CNS-SEO-00192,CTR-SEO-023,SEO,기타 가족관계,3,2,1,0
CNS-SEO-00192,CTR-SEO-023,SEO,이혼 전후,1,1,0,0
CNS-SEO-00193,CTR-SEO-023,SEO,부부갈등,5,4,1,0
CNS-SEO-00193,CTR-SEO-023,SEO,부모-자녀 갈등,4,3,1,0
CNS-SEO-00193,CTR-SEO-023,SEO,기타 가족관계,4,3,1,0
CNS-SEO-00193,CTR-SEO-023,SEO,이혼 전후,1,1,0,0
CNS-SEO-00194,CTR-SEO-023,SEO,부부갈등,3,3,0,0
CNS-SEO-00194,CTR-SEO-023,SEO,부모-자녀 갈등,2,2,0,0
CNS-SEO-00194,CTR-SEO-023,SEO,기타 가족관계,2,2,0,0
CNS-SEO-00195,CTR-SEO-023,SEO,부부갈등,3,2,1,0
CNS-SEO-00195,CTR-SEO-023,SEO,부모-자녀 갈등,2,2,0,0
CNS-SEO-00195,CTR-SEO-023,SEO,기타 가족관계,3,2,1,0
CNS-SEO-00196,CTR-SEO-023,SEO,부부갈등,2,2,0,0
CNS-SEO-00196,CTR-SEO-023,SEO,부모-자녀 갈등,1,1,0,0
CNS-SEO-00196,CTR-SEO-023,SEO,기타 가족관계,1,1,0,0
CNS-SEO-00197,CTR-SEO-023,SEO,부부갈등,3,2,1,0
CNS-SEO-00197,CTR-SEO-023,SEO,부모-자녀 갈등,2,2,0,0
CNS-SEO-00197,CTR-SEO-023,SEO,기타 가족관계,3,3,0,0
CNS-SEO-00197,CTR-SEO-023,SEO,이혼 전후,1,1,0,0
CNS-SEO-00198,CTR-SEO-023,SEO,부부갈등,3,3,0,0
CNS-SEO-00198,CTR-SEO-023,SEO,부모-자녀 갈등,2,2,0,0
CNS-SEO-00198,CTR-SEO-023,SEO,기타 가족관계,3,3,0,0
CNS-SEO-00198,CTR-SEO-023,SEO,이혼 전후,1,1,0,0
CNS-SEO-00199,CTR-SEO-023,SEO,부부갈등,3,3,0,0
CNS-SEO-00199,CTR-SEO-023,SEO,부모-자녀 갈등,2,2,0,0
CNS-SEO-00199,CTR-SEO-023,SEO,기타 가족관계,2,2,0,0
CNS-SEO-00200,CTR-SEO-024,SEO,부부갈등,4,4,0,0
CNS-SEO-00200,CTR-SEO-024,SEO,부모-자녀 갈등,3,2,1,0
CNS-SEO-00200,CTR-SEO-024,SEO,기타 가족관계,4,3,1,0
CNS-SEO-00201,CTR-SEO-024,SEO,부부갈등,5,4,1,0
CNS-SEO-00201,CTR-SEO-024,SEO,부모-자녀 갈등,4,3,1,0
CNS-SEO-00201,CTR-SEO-024,SEO,기타 가족관계,4,3,1,0
CNS-SEO-00201,CTR-SEO-024,SEO,이혼 전후,1,1,0,0
CNS-SEO-00202,CTR-SEO-024,SEO,부부갈등,3,3,0,0
CNS-SEO-00202,CTR-SEO-024,SEO,부모-자녀 갈등,2,2,0,0
CNS-SEO-00202,CTR-SEO-024,SEO,기타 가족관계,3,2,1,0
CNS-SEO-00202,CTR-SEO-024,SEO,이혼 전후,1,1,0,0
CNS-SEO-00203,CTR-SEO-024,SEO,부부갈등,2,2,0,0
CNS-SEO-00203,CTR-SEO-024,SEO,부모-자녀 갈등,1,1,0,0
CNS-SEO-00203,CTR-SEO-024,SEO,기타 가족관계,2,2,0,0
CNS-SEO-00204,CTR-SEO-024,SEO,부부갈등,1,1,0,0
CNS-SEO-00204,CTR-SEO-024,SEO,부모-자녀 갈등,1,1,0,0
CNS-SEO-00204,CTR-SEO-024,SEO,기타 가족관계,1,1,0,0
CNS-SEO-00205,CTR-SEO-024,SEO,부부갈등,3,3,0,0
CNS-SEO-00205,CTR-SEO-024,SEO,부모-자녀 갈등,2,2,0,0
CNS-SEO-00205,CTR-SEO-024,SEO,기타 가족관계,3,2,1,0
CNS-SEO-00206,CTR-SEO-024,SEO,부부갈등,3,2,1,0
CNS-SEO-00206,CTR-SEO-024,SEO,부모-자녀 갈등,3,3,0,0
CNS-SEO-00206,CTR-SEO-024,SEO,기타 가족관계,3,2,1,0
CNS-SEO-00206,CTR-SEO-024,SEO,이혼 전후,1,1,0,0
CNS-SEO-00207,CTR-SEO-024,SEO,부부갈등,2,2,0,0
CNS-SEO-00207,CTR-SEO-024,SEO,부모-자녀 갈등,1,1,0,0
CNS-SEO-00207,CTR-SEO-024,SEO,기타 가족관계,1,1,0,0
CNS-SEO-00208,CTR-SEO-025,SEO,부부갈등,6,5,1,0
CNS-SEO-00208,CTR-SEO-025,SEO,부모-자녀 갈등,4,3,1,0
CNS-SEO-00208,CTR-SEO-025,SEO,기타 가족관계,5,4,1,0
CNS-SEO-00208,CTR-SEO-025,SEO,이혼 전후,1,1,0,0
CNS-SEO-00209,CTR-SEO-025,SEO,부부갈등,4,3,1,0
CNS-SEO-00209,CTR-SEO-025,SEO,부모-자녀 갈등,3,2,1,0
CNS-SEO-00209,CTR-SEO-025,SEO,기타 가족관계,4,4,0,0
CNS-SEO-00210,CTR-SEO-025,SEO,부부갈등,1,1,0,0
CNS-SEO-00210,CTR-SEO-025,SEO,부모-자녀 갈등,1,1,0,0
CNS-SEO-00210,CTR-SEO-025,SEO,기타 가족관계,1,1,0,0
CNS-SEO-00211,CTR-SEO-025,SEO,부부갈등,3,2,1,0
CNS-SEO-00211,CTR-SEO-025,SEO,부모-자녀 갈등,3,2,1,0
CNS-SEO-00211,CTR-SEO-025,SEO,기타 가족관계,3,2,1,0
CNS-SEO-00211,CTR-SEO-025,SEO,이혼 전후,1,1,0,0
CNS-SEO-00212,CTR-SEO-025,SEO,부부갈등,3,2,1,0
CNS-SEO-00212,CTR-SEO-025,SEO,부모-자녀 갈등,2,2,0,0
CNS-SEO-00212,CTR-SEO-025,SEO,기타 가족관계,2,2,0,0
CNS-SEO-00213,CTR-SEO-025,SEO,부부갈등,3,2,1,0
CNS-SEO-00213,CTR-SEO-025,SEO,부모-자녀 갈등,2,2,0,0
CNS-SEO-00213,CTR-SEO-025,SEO,기타 가족관계,3,3,0,0
CNS-SEO-00214,CTR-SEO-025,SEO,부부갈등,4,3,1,0
CNS-SEO-00214,CTR-SEO-025,SEO,부모-자녀 갈등,3,2,1,0
CNS-SEO-00214,CTR-SEO-025,SEO,기타 가족관계,4,3,1,0
CNS-SEO-00215,CTR-SEO-026,SEO,부부갈등,3,2,1,0
CNS-SEO-00215,CTR-SEO-026,SEO,부모-자녀 갈등,3,2,1,0
CNS-SEO-00215,CTR-SEO-026,SEO,기타 가족관계,3,2,1,0
CNS-SEO-00215,CTR-SEO-026,SEO,이혼 전후,1,1,0,0
CNS-SEO-00216,CTR-SEO-026,SEO,부부갈등,3,3,0,0
CNS-SEO-00216,CTR-SEO-026,SEO,부모-자녀 갈등,3,2,1,0
CNS-SEO-00216,CTR-SEO-026,SEO,기타 가족관계,3,3,0,0
CNS-SEO-00216,CTR-SEO-026,SEO,이혼 전후,1,1,0,0
CNS-SEO-00217,CTR-SEO-026,SEO,부부갈등,3,2,1,0
CNS-SEO-00217,CTR-SEO-026,SEO,부모-자녀 갈등,2,2,0,0
CNS-SEO-00217,CTR-SEO-026,SEO,기타 가족관계,3,2,1,0
CNS-SEO-00217,CTR-SEO-026,SEO,이혼 전후,1,1,0,0
CNS-SEO-00218,CTR-SEO-026,SEO,부부갈등,3,3,0,0
CNS-SEO-00218,CTR-SEO-026,SEO,부모-자녀 갈등,2,2,0,0
CNS-SEO-00218,CTR-SEO-026,SEO,기타 가족관계,2,2,0,0
CNS-SEO-00219,CTR-SEO-026,SEO,부부갈등,2,2,0,0
CNS-SEO-00219,CTR-SEO-026,SEO,부모-자녀 갈등,1,1,0,0
CNS-SEO-00219,CTR-SEO-026,SEO,기타 가족관계,1,1,0,0
CNS-SEO-00220,CTR-SEO-026,SEO,부부갈등,2,2,0,0
CNS-SEO-00220,CTR-SEO-026,SEO,부모-자녀 갈등,1,1,0,0
CNS-SEO-00220,CTR-SEO-026,SEO,기타 가족관계,2,2,0,0
CNS-SEO-00221,CTR-SEO-026,SEO,부부갈등,2,2,0,0
CNS-SEO-00221,CTR-SEO-026,SEO,부모-자녀 갈등,1,1,0,0
CNS-SEO-00221,CTR-SEO-026,SEO,기타 가족관계,1,1,0,0
CNS-SEO-00222,CTR-SEO-026,SEO,부부갈등,3,3,0,0
CNS-SEO-00222,CTR-SEO-026,SEO,부모-자녀 갈등,2,2,0,0
CNS-SEO-00222,CTR-SEO-026,SEO,기타 가족관계,3,2,1,0
CNS-SEO-00223,CTR-SEO-027,SEO,부부갈등,4,3,1,0
CNS-SEO-00223,CTR-SEO-027,SEO,부모-자녀 갈등,3,2,1,0
CNS-SEO-00223,CTR-SEO-027,SEO,기타 가족관계,4,3,1,0
CNS-SEO-00224,CTR-SEO-027,SEO,부부갈등,5,4,1,0
CNS-SEO-00224,CTR-SEO-027,SEO,부모-자녀 갈등,3,2,1,0
CNS-SEO-00224,CTR-SEO-027,SEO,기타 가족관계,4,3,1,0
CNS-SEO-00224,CTR-SEO-027,SEO,이혼 전후,1,1,0,0
CNS-SEO-00225,CTR-SEO-027,SEO,부부갈등,2,2,0,0
CNS-SEO-00225,CTR-SEO-027,SEO,부모-자녀 갈등,1,1,0,0
CNS-SEO-00225,CTR-SEO-027,SEO,기타 가족관계,2,1,1,0
CNS-SEO-00226,CTR-SEO-027,SEO,부부갈등,2,2,0,0
CNS-SEO-00226,CTR-SEO-027,SEO,부모-자녀 갈등,1,1,0,0
CNS-SEO-00226,CTR-SEO-027,SEO,기타 가족관계,1,1,0,0
CNS-SEO-00227,CTR-SEO-027,SEO,부부갈등,2,2,0,0
CNS-SEO-00227,CTR-SEO-027,SEO,부모-자녀 갈등,2,2,0,0
CNS-SEO-00227,CTR-SEO-027,SEO,기타 가족관계,2,2,0,0
CNS-SEO-00228,CTR-SEO-027,SEO,부부갈등,3,3,0,0
CNS-SEO-00228,CTR-SEO-027,SEO,부모-자녀 갈등,2,2,0,0
CNS-SEO-00228,CTR-SEO-027,SEO,기타 가족관계,3,3,0,0
CNS-SEO-00228,CTR-SEO-027,SEO,이혼 전후,1,1,0,0
CNS-SEO-00229,CTR-SEO-027,SEO,부부갈등,3,2,1,0
CNS-SEO-00229,CTR-SEO-027,SEO,부모-자녀 갈등,2,2,0,0
CNS-SEO-00229,CTR-SEO-027,SEO,기타 가족관계,2,2,0,0
CNS-SEO-00230,CTR-SEO-027,SEO,부부갈등,2,2,0,0
CNS-SEO-00230,CTR-SEO-027,SEO,부모-자녀 갈등,2,2,0,0
CNS-SEO-00230,CTR-SEO-027,SEO,기타 가족관계,2,2,0,0
CNS-SEO-00231,CTR-SEO-028,SEO,부부갈등,5,4,1,0
CNS-SEO-00231,CTR-SEO-028,SEO,부모-자녀 갈등,4,3,1,0
CNS-SEO-00231,CTR-SEO-028,SEO,기타 가족관계,4,3,1,0
CNS-SEO-00231,CTR-SEO-028,SEO,이혼 전후,1,1,0,0
CNS-SEO-00232,CTR-SEO-028,SEO,부부갈등,4,3,1,0
CNS-SEO-00232,CTR-SEO-028,SEO,부모-자녀 갈등,3,3,0,0
CNS-SEO-00232,CTR-SEO-028,SEO,기타 가족관계,4,3,1,0
CNS-SEO-00232,CTR-SEO-028,SEO,이혼 전후,1,1,0,0
CNS-SEO-00233,CTR-SEO-028,SEO,부부갈등,3,2,1,0
CNS-SEO-00233,CTR-SEO-028,SEO,부모-자녀 갈등,3,2,1,0
CNS-SEO-00233,CTR-SEO-028,SEO,기타 가족관계,3,2,1,0
CNS-SEO-00233,CTR-SEO-028,SEO,이혼 전후,1,1,0,0
CNS-SEO-00234,CTR-SEO-028,SEO,부부갈등,2,2,0,0
CNS-SEO-00234,CTR-SEO-028,SEO,부모-자녀 갈등,1,1,0,0
CNS-SEO-00234,CTR-SEO-028,SEO,기타 가족관계,2,2,0,0
CNS-SEO-00235,CTR-SEO-028,SEO,부부갈등,3,3,0,0
CNS-SEO-00235,CTR-SEO-028,SEO,부모-자녀 갈등,2,2,0,0
CNS-SEO-00235,CTR-SEO-028,SEO,기타 가족관계,2,2,0,0
CNS-SEO-00236,CTR-SEO-028,SEO,부부갈등,4,3,1,0
CNS-SEO-00236,CTR-SEO-028,SEO,부모-자녀 갈등,3,2,1,0
CNS-SEO-00236,CTR-SEO-028,SEO,기타 가족관계,4,3,1,0
CNS-SEO-00236,CTR-SEO-028,SEO,이혼 전후,1,1,0,0
CNS-SEO-00237,CTR-SEO-028,SEO,부부갈등,2,2,0,0
CNS-SEO-00237,CTR-SEO-028,SEO,부모-자녀 갈등,2,2,0,0
CNS-SEO-00237,CTR-SEO-028,SEO,기타 가족관계,2,1,1,0
CNS-SEO-00238,CTR-SEO-028,SEO,부부갈등,2,2,0,0
CNS-SEO-00238,CTR-SEO-028,SEO,부모-자녀 갈등,1,1,0,0
CNS-SEO-00238,CTR-SEO-028,SEO,기타 가족관계,2,2,0,0
CNS-SEO-00239,CTR-SEO-028,SEO,부부갈등,3,2,1,0
CNS-SEO-00239,CTR-SEO-028,SEO,부모-자녀 갈등,2,2,0,0
CNS-SEO-00239,CTR-SEO-028,SEO,기타 가족관계,3,3,0,0
CNS-SEO-00240,CTR-SEO-029,SEO,부부갈등,3,2,1,0
CNS-SEO-00240,CTR-SEO-029,SEO,부모-자녀 갈등,3,2,1,0
CNS-SEO-00240,CTR-SEO-029,SEO,기타 가족관계,3,3,0,0
CNS-SEO-00240,CTR-SEO-029,SEO,이혼 전후,1,1,0,0
CNS-SEO-00241,CTR-SEO-029,SEO,부부갈등,5,4,1,0
CNS-SEO-00241,CTR-SEO-029,SEO,부모-자녀 갈등,4,4,0,0
CNS-SEO-00241,CTR-SEO-029,SEO,기타 가족관계,4,3,1,0
CNS-SEO-00241,CTR-SEO-029,SEO,이혼 전후,1,1,0,0
CNS-SEO-00242,CTR-SEO-029,SEO,부부갈등,3,3,0,0
CNS-SEO-00242,CTR-SEO-029,SEO,부모-자녀 갈등,2,2,0,0
CNS-SEO-00242,CTR-SEO-029,SEO,기타 가족관계,2,2,0,0
CNS-SEO-00243,CTR-SEO-029,SEO,부부갈등,3,2,1,0
CNS-SEO-00243,CTR-SEO-029,SEO,부모-자녀 갈등,2,2,0,0
CNS-SEO-00243,CTR-SEO-029,SEO,기타 가족관계,3,3,0,0
CNS-SEO-00243,CTR-SEO-029,SEO,이혼 전후,1,1,0,0
CNS-SEO-00244,CTR-SEO-029,SEO,부부갈등,3,2,1,0
CNS-SEO-00244,CTR-SEO-029,SEO,부모-자녀 갈등,2,2,0,0
CNS-SEO-00244,CTR-SEO-029,SEO,기타 가족관계,3,3,0,0
CNS-SEO-00244,CTR-SEO-029,SEO,이혼 전후,1,1,0,0
CNS-SEO-00245,CTR-SEO-029,SEO,부부갈등,2,2,0,0
CNS-SEO-00245,CTR-SEO-029,SEO,부모-자녀 갈등,2,2,0,0
CNS-SEO-00245,CTR-SEO-029,SEO,기타 가족관계,2,2,0,0
CNS-SEO-00246,CTR-SEO-029,SEO,부부갈등,3,2,1,0
CNS-SEO-00246,CTR-SEO-029,SEO,부모-자녀 갈등,2,2,0,0
CNS-SEO-00246,CTR-SEO-029,SEO,기타 가족관계,3,2,1,0
CNS-SEO-00246,CTR-SEO-029,SEO,이혼 전후,1,1,0,0
CNS-SEO-00247,CTR-SEO-030,SEO,부부갈등,5,4,1,0
CNS-SEO-00247,CTR-SEO-030,SEO,부모-자녀 갈등,3,2,1,0
CNS-SEO-00247,CTR-SEO-030,SEO,기타 가족관계,4,3,1,0
CNS-SEO-00247,CTR-SEO-030,SEO,이혼 전후,1,1,0,0
CNS-SEO-00248,CTR-SEO-030,SEO,부부갈등,5,4,1,0
CNS-SEO-00248,CTR-SEO-030,SEO,부모-자녀 갈등,3,2,1,0
CNS-SEO-00248,CTR-SEO-030,SEO,기타 가족관계,4,3,1,0
CNS-SEO-00248,CTR-SEO-030,SEO,이혼 전후,1,1,0,0
CNS-SEO-00249,CTR-SEO-030,SEO,부부갈등,2,2,0,0
CNS-SEO-00249,CTR-SEO-030,SEO,부모-자녀 갈등,1,1,0,0
CNS-SEO-00249,CTR-SEO-030,SEO,기타 가족관계,1,1,0,0
CNS-SEO-00250,CTR-SEO-030,SEO,부부갈등,3,2,1,0
CNS-SEO-00250,CTR-SEO-030,SEO,부모-자녀 갈등,2,2,0,0
CNS-SEO-00250,CTR-SEO-030,SEO,기타 가족관계,2,2,0,0
CNS-SEO-00251,CTR-SEO-030,SEO,부부갈등,2,2,0,0
CNS-SEO-00251,CTR-SEO-030,SEO,부모-자녀 갈등,1,1,0,0
CNS-SEO-00251,CTR-SEO-030,SEO,기타 가족관계,2,2,0,0
CNS-SEO-00252,CTR-SEO-030,SEO,부부갈등,2,2,0,0
CNS-SEO-00252,CTR-SEO-030,SEO,부모-자녀 갈등,2,1,1,0
CNS-SEO-00252,CTR-SEO-030,SEO,기타 가족관계,2,2,0,0
CNS-SEO-00253,CTR-SEO-030,SEO,부부갈등,4,3,1,0
CNS-SEO-00253,CTR-SEO-030,SEO,부모-자녀 갈등,3,2,1,0
CNS-SEO-00253,CTR-SEO-030,SEO,기타 가족관계,4,3,1,0
CNS-SEO-00254,CTR-SEO-030,SEO,부부갈등,2,2,0,0
CNS-SEO-00254,CTR-SEO-030,SEO,부모-자녀 갈등,2,2,0,0
CNS-SEO-00254,CTR-SEO-030,SEO,기타 가족관계,2,2,0,0
CNS-BUS-00255,CTR-BUS-001,BUS,부부갈등,5,4,1,0
CNS-BUS-00255,CTR-BUS-001,BUS,부모-자녀 갈등,3,3,0,0
CNS-BUS-00255,CTR-BUS-001,BUS,기타 가족관계,4,4,0,0
CNS-BUS-00255,CTR-BUS-001,BUS,이혼 전후,1,1,0,0
CNS-BUS-00256,CTR-BUS-001,BUS,부부갈등,4,3,1,0
CNS-BUS-00256,CTR-BUS-001,BUS,부모-자녀 갈등,3,3,0,0
CNS-BUS-00256,CTR-BUS-001,BUS,기타 가족관계,4,3,1,0
CNS-BUS-00257,CTR-BUS-001,BUS,부부갈등,2,2,0,0
CNS-BUS-00257,CTR-BUS-001,BUS,부모-자녀 갈등,1,1,0,0
CNS-BUS-00257,CTR-BUS-001,BUS,기타 가족관계,2,2,0,0
CNS-BUS-00258,CTR-BUS-001,BUS,부부갈등,1,1,0,0
CNS-BUS-00258,CTR-BUS-001,BUS,부모-자녀 갈등,1,1,0,0
CNS-BUS-00258,CTR-BUS-001,BUS,기타 가족관계,1,1,0,0
CNS-BUS-00259,CTR-BUS-001,BUS,부부갈등,3,2,1,0
CNS-BUS-00259,CTR-BUS-001,BUS,부모-자녀 갈등,2,2,0,0
CNS-BUS-00259,CTR-BUS-001,BUS,기타 가족관계,2,2,0,0
CNS-BUS-00260,CTR-BUS-001,BUS,부부갈등,2,2,0,0
CNS-BUS-00260,CTR-BUS-001,BUS,부모-자녀 갈등,2,2,0,0
CNS-BUS-00260,CTR-BUS-001,BUS,기타 가족관계,2,2,0,0
CNS-BUS-00261,CTR-BUS-001,BUS,부부갈등,3,2,1,0
CNS-BUS-00261,CTR-BUS-001,BUS,부모-자녀 갈등,2,2,0,0
CNS-BUS-00261,CTR-BUS-001,BUS,기타 가족관계,2,2,0,0
CNS-BUS-00262,CTR-BUS-002,BUS,부부갈등,3,3,0,0
CNS-BUS-00262,CTR-BUS-002,BUS,부모-자녀 갈등,3,2,1,0
CNS-BUS-00262,CTR-BUS-002,BUS,기타 가족관계,3,2,1,0
CNS-BUS-00262,CTR-BUS-002,BUS,이혼 전후,1,1,0,0
CNS-BUS-00263,CTR-BUS-002,BUS,부부갈등,3,3,0,0
CNS-BUS-00263,CTR-BUS-002,BUS,부모-자녀 갈등,3,2,1,0
CNS-BUS-00263,CTR-BUS-002,BUS,기타 가족관계,3,2,1,0
CNS-BUS-00263,CTR-BUS-002,BUS,이혼 전후,1,1,0,0
CNS-BUS-00264,CTR-BUS-002,BUS,부부갈등,3,2,1,0
CNS-BUS-00264,CTR-BUS-002,BUS,부모-자녀 갈등,2,2,0,0
CNS-BUS-00264,CTR-BUS-002,BUS,기타 가족관계,3,3,0,0
CNS-BUS-00265,CTR-BUS-002,BUS,부부갈등,2,2,0,0
CNS-BUS-00265,CTR-BUS-002,BUS,부모-자녀 갈등,1,1,0,0
CNS-BUS-00265,CTR-BUS-002,BUS,기타 가족관계,2,2,0,0
CNS-BUS-00266,CTR-BUS-002,BUS,부부갈등,3,3,0,0
CNS-BUS-00266,CTR-BUS-002,BUS,부모-자녀 갈등,2,2,0,0
CNS-BUS-00266,CTR-BUS-002,BUS,기타 가족관계,3,3,0,0
CNS-BUS-00266,CTR-BUS-002,BUS,이혼 전후,1,1,0,0
CNS-BUS-00267,CTR-BUS-002,BUS,부부갈등,4,3,1,0
CNS-BUS-00267,CTR-BUS-002,BUS,부모-자녀 갈등,3,2,1,0
CNS-BUS-00267,CTR-BUS-002,BUS,기타 가족관계,4,3,1,0
CNS-BUS-00267,CTR-BUS-002,BUS,이혼 전후,1,1,0,0
CNS-BUS-00268,CTR-BUS-002,BUS,부부갈등,2,2,0,0
CNS-BUS-00268,CTR-BUS-002,BUS,부모-자녀 갈등,1,1,0,0
CNS-BUS-00268,CTR-BUS-002,BUS,기타 가족관계,1,1,0,0
CNS-BUS-00269,CTR-BUS-003,BUS,부부갈등,3,2,1,0
CNS-BUS-00269,CTR-BUS-003,BUS,부모-자녀 갈등,3,2,1,0
CNS-BUS-00269,CTR-BUS-003,BUS,기타 가족관계,3,3,0,0
CNS-BUS-00269,CTR-BUS-003,BUS,이혼 전후,1,1,0,0
CNS-BUS-00270,CTR-BUS-003,BUS,부부갈등,5,4,1,0
CNS-BUS-00270,CTR-BUS-003,BUS,부모-자녀 갈등,3,3,0,0
CNS-BUS-00270,CTR-BUS-003,BUS,기타 가족관계,4,3,1,0
CNS-BUS-00270,CTR-BUS-003,BUS,이혼 전후,1,1,0,0
CNS-BUS-00271,CTR-BUS-003,BUS,부부갈등,2,2,0,0
CNS-BUS-00271,CTR-BUS-003,BUS,부모-자녀 갈등,1,1,0,0
CNS-BUS-00271,CTR-BUS-003,BUS,기타 가족관계,1,1,0,0
CNS-BUS-00272,CTR-BUS-003,BUS,부부갈등,4,3,1,0
CNS-BUS-00272,CTR-BUS-003,BUS,부모-자녀 갈등,3,2,1,0
CNS-BUS-00272,CTR-BUS-003,BUS,기타 가족관계,4,3,1,0
CNS-BUS-00273,CTR-BUS-003,BUS,부부갈등,2,2,0,0
CNS-BUS-00273,CTR-BUS-003,BUS,부모-자녀 갈등,1,1,0,0
CNS-BUS-00273,CTR-BUS-003,BUS,기타 가족관계,2,2,0,0
CNS-BUS-00274,CTR-BUS-003,BUS,부부갈등,3,2,1,0
CNS-BUS-00274,CTR-BUS-003,BUS,부모-자녀 갈등,2,2,0,0
CNS-BUS-00274,CTR-BUS-003,BUS,기타 가족관계,3,2,1,0
CNS-BUS-00274,CTR-BUS-003,BUS,이혼 전후,1,1,0,0
CNS-BUS-00275,CTR-BUS-003,BUS,부부갈등,4,3,1,0
CNS-BUS-00275,CTR-BUS-003,BUS,부모-자녀 갈등,3,2,1,0
CNS-BUS-00275,CTR-BUS-003,BUS,기타 가족관계,4,4,0,0
CNS-BUS-00276,CTR-BUS-004,BUS,부부갈등,5,4,1,0
CNS-BUS-00276,CTR-BUS-004,BUS,부모-자녀 갈등,4,3,1,0
CNS-BUS-00276,CTR-BUS-004,BUS,기타 가족관계,5,4,1,0
CNS-BUS-00276,CTR-BUS-004,BUS,이혼 전후,1,1,0,0
CNS-BUS-00277,CTR-BUS-004,BUS,부부갈등,3,2,1,0
CNS-BUS-00277,CTR-BUS-004,BUS,부모-자녀 갈등,3,3,0,0
CNS-BUS-00277,CTR-BUS-004,BUS,기타 가족관계,3,2,1,0
CNS-BUS-00277,CTR-BUS-004,BUS,이혼 전후,1,1,0,0
CNS-BUS-00278,CTR-BUS-004,BUS,부부갈등,3,3,0,0
CNS-BUS-00278,CTR-BUS-004,BUS,부모-자녀 갈등,2,2,0,0
CNS-BUS-00278,CTR-BUS-004,BUS,기타 가족관계,3,3,0,0
CNS-BUS-00279,CTR-BUS-004,BUS,부부갈등,3,2,1,0
CNS-BUS-00279,CTR-BUS-004,BUS,부모-자녀 갈등,2,2,0,0
CNS-BUS-00279,CTR-BUS-004,BUS,기타 가족관계,3,2,1,0
CNS-BUS-00280,CTR-BUS-004,BUS,부부갈등,3,2,1,0
CNS-BUS-00280,CTR-BUS-004,BUS,부모-자녀 갈등,2,2,0,0
CNS-BUS-00280,CTR-BUS-004,BUS,기타 가족관계,2,2,0,0
CNS-BUS-00281,CTR-BUS-004,BUS,부부갈등,2,2,0,0
CNS-BUS-00281,CTR-BUS-004,BUS,부모-자녀 갈등,1,1,0,0
CNS-BUS-00281,CTR-BUS-004,BUS,기타 가족관계,2,2,0,0
CNS-BUS-00282,CTR-BUS-004,BUS,부부갈등,2,2,0,0
CNS-BUS-00282,CTR-BUS-004,BUS,부모-자녀 갈등,1,1,0,0
CNS-BUS-00282,CTR-BUS-004,BUS,기타 가족관계,1,1,0,0
CNS-BUS-00283,CTR-BUS-004,BUS,부부갈등,3,3,0,0
CNS-BUS-00283,CTR-BUS-004,BUS,부모-자녀 갈등,2,1,1,0
CNS-BUS-00283,CTR-BUS-004,BUS,기타 가족관계,2,2,0,0
CNS-BUS-00284,CTR-BUS-005,BUS,부부갈등,5,4,1,0
CNS-BUS-00284,CTR-BUS-005,BUS,부모-자녀 갈등,4,3,1,0
CNS-BUS-00284,CTR-BUS-005,BUS,기타 가족관계,5,4,1,0
CNS-BUS-00284,CTR-BUS-005,BUS,이혼 전후,1,1,0,0
CNS-BUS-00285,CTR-BUS-005,BUS,부부갈등,3,3,0,0
CNS-BUS-00285,CTR-BUS-005,BUS,부모-자녀 갈등,3,2,1,0
CNS-BUS-00285,CTR-BUS-005,BUS,기타 가족관계,3,3,0,0
CNS-BUS-00285,CTR-BUS-005,BUS,이혼 전후,1,1,0,0
CNS-BUS-00286,CTR-BUS-005,BUS,부부갈등,2,2,0,0
CNS-BUS-00286,CTR-BUS-005,BUS,부모-자녀 갈등,1,1,0,0
CNS-BUS-00286,CTR-BUS-005,BUS,기타 가족관계,2,2,0,0
CNS-BUS-00287,CTR-BUS-005,BUS,부부갈등,3,2,1,0
CNS-BUS-00287,CTR-BUS-005,BUS,부모-자녀 갈등,2,2,0,0
CNS-BUS-00287,CTR-BUS-005,BUS,기타 가족관계,3,2,1,0
CNS-BUS-00287,CTR-BUS-005,BUS,이혼 전후,1,1,0,0
CNS-BUS-00288,CTR-BUS-005,BUS,부부갈등,3,2,1,0
CNS-BUS-00288,CTR-BUS-005,BUS,부모-자녀 갈등,2,2,0,0
CNS-BUS-00288,CTR-BUS-005,BUS,기타 가족관계,2,2,0,0
CNS-BUS-00289,CTR-BUS-006,BUS,부부갈등,3,2,1,0
CNS-BUS-00289,CTR-BUS-006,BUS,부모-자녀 갈등,3,2,1,0
CNS-BUS-00289,CTR-BUS-006,BUS,기타 가족관계,3,2,1,0
CNS-BUS-00289,CTR-BUS-006,BUS,이혼 전후,1,1,0,0
CNS-BUS-00290,CTR-BUS-006,BUS,부부갈등,4,3,1,0
CNS-BUS-00290,CTR-BUS-006,BUS,부모-자녀 갈등,3,2,1,0
CNS-BUS-00290,CTR-BUS-006,BUS,기타 가족관계,4,3,1,0
CNS-BUS-00290,CTR-BUS-006,BUS,이혼 전후,1,1,0,0
CNS-BUS-00291,CTR-BUS-006,BUS,부부갈등,2,2,0,0
CNS-BUS-00291,CTR-BUS-006,BUS,부모-자녀 갈등,1,1,0,0
CNS-BUS-00291,CTR-BUS-006,BUS,기타 가족관계,2,2,0,0
CNS-BUS-00292,CTR-BUS-006,BUS,부부갈등,3,2,1,0
CNS-BUS-00292,CTR-BUS-006,BUS,부모-자녀 갈등,3,2,1,0
CNS-BUS-00292,CTR-BUS-006,BUS,기타 가족관계,3,3,0,0
CNS-BUS-00292,CTR-BUS-006,BUS,이혼 전후,1,1,0,0
CNS-BUS-00293,CTR-BUS-006,BUS,부부갈등,3,2,1,0
CNS-BUS-00293,CTR-BUS-006,BUS,부모-자녀 갈등,2,2,0,0
CNS-BUS-00293,CTR-BUS-006,BUS,기타 가족관계,3,2,1,0
CNS-BUS-00294,CTR-BUS-006,BUS,부부갈등,2,2,0,0
CNS-BUS-00294,CTR-BUS-006,BUS,부모-자녀 갈등,1,1,0,0
CNS-BUS-00294,CTR-BUS-006,BUS,기타 가족관계,2,2,0,0
CNS-BUS-00295,CTR-BUS-006,BUS,부부갈등,3,3,0,0
CNS-BUS-00295,CTR-BUS-006,BUS,부모-자녀 갈등,2,2,0,0
CNS-BUS-00295,CTR-BUS-006,BUS,기타 가족관계,3,3,0,0
CNS-BUS-00295,CTR-BUS-006,BUS,이혼 전후,1,1,0,0
CNS-BUS-00296,CTR-BUS-007,BUS,부부갈등,5,4,1,0
CNS-BUS-00296,CTR-BUS-007,BUS,부모-자녀 갈등,3,3,0,0
CNS-BUS-00296,CTR-BUS-007,BUS,기타 가족관계,4,3,1,0
CNS-BUS-00296,CTR-BUS-007,BUS,이혼 전후,1,1,0,0
CNS-BUS-00297,CTR-BUS-007,BUS,부부갈등,3,2,1,0
CNS-BUS-00297,CTR-BUS-007,BUS,부모-자녀 갈등,2,2,0,0
CNS-BUS-00297,CTR-BUS-007,BUS,기타 가족관계,3,2,1,0
CNS-BUS-00297,CTR-BUS-007,BUS,이혼 전후,1,1,0,0
CNS-BUS-00298,CTR-BUS-007,BUS,부부갈등,3,2,1,0
CNS-BUS-00298,CTR-BUS-007,BUS,부모-자녀 갈등,2,2,0,0
CNS-BUS-00298,CTR-BUS-007,BUS,기타 가족관계,3,2,1,0
CNS-BUS-00299,CTR-BUS-007,BUS,부부갈등,2,2,0,0
CNS-BUS-00299,CTR-BUS-007,BUS,부모-자녀 갈등,2,2,0,0
CNS-BUS-00299,CTR-BUS-007,BUS,기타 가족관계,2,2,0,0
CNS-BUS-00300,CTR-BUS-007,BUS,부부갈등,3,2,1,0
CNS-BUS-00300,CTR-BUS-007,BUS,부모-자녀 갈등,2,2,0,0
CNS-BUS-00300,CTR-BUS-007,BUS,기타 가족관계,3,2,1,0
CNS-BUS-00300,CTR-BUS-007,BUS,이혼 전후,1,1,0,0
CNS-BUS-00301,CTR-BUS-007,BUS,부부갈등,3,3,0,0
CNS-BUS-00301,CTR-BUS-007,BUS,부모-자녀 갈등,3,2,1,0
CNS-BUS-00301,CTR-BUS-007,BUS,기타 가족관계,3,2,1,0
CNS-BUS-00301,CTR-BUS-007,BUS,이혼 전후,1,1,0,0
CNS-BUS-00302,CTR-BUS-007,BUS,부부갈등,2,2,0,0
CNS-BUS-00302,CTR-BUS-007,BUS,부모-자녀 갈등,2,2,0,0
CNS-BUS-00302,CTR-BUS-007,BUS,기타 가족관계,2,2,0,0
CNS-BUS-00303,CTR-BUS-008,BUS,부부갈등,5,4,1,0
CNS-BUS-00303,CTR-BUS-008,BUS,부모-자녀 갈등,3,2,1,0
CNS-BUS-00303,CTR-BUS-008,BUS,기타 가족관계,4,3,1,0
CNS-BUS-00303,CTR-BUS-008,BUS,이혼 전후,1,1,0,0
CNS-BUS-00304,CTR-BUS-008,BUS,부부갈등,3,2,1,0
CNS-BUS-00304,CTR-BUS-008,BUS,부모-자녀 갈등,2,2,0,0
CNS-BUS-00304,CTR-BUS-008,BUS,기타 가족관계,2,2,0,0
CNS-BUS-00305,CTR-BUS-008,BUS,부부갈등,3,3,0,0
CNS-BUS-00305,CTR-BUS-008,BUS,부모-자녀 갈등,2,1,1,0
CNS-BUS-00305,CTR-BUS-008,BUS,기타 가족관계,3,2,1,0
CNS-BUS-00306,CTR-BUS-008,BUS,부부갈등,2,2,0,0
CNS-BUS-00306,CTR-BUS-008,BUS,부모-자녀 갈등,1,1,0,0
CNS-BUS-00306,CTR-BUS-008,BUS,기타 가족관계,1,1,0,0
CNS-BUS-00307,CTR-BUS-008,BUS,부부갈등,2,2,0,0
CNS-BUS-00307,CTR-BUS-008,BUS,부모-자녀 갈등,1,1,0,0
CNS-BUS-00307,CTR-BUS-008,BUS,기타 가족관계,2,2,0,0
CNS-BUS-00308,CTR-BUS-009,BUS,부부갈등,4,3,1,0
CNS-BUS-00308,CTR-BUS-009,BUS,부모-자녀 갈등,3,2,1,0
CNS-BUS-00308,CTR-BUS-009,BUS,기타 가족관계,4,3,1,0
CNS-BUS-00309,CTR-BUS-009,BUS,부부갈등,3,2,1,0
CNS-BUS-00309,CTR-BUS-009,BUS,부모-자녀 갈등,2,2,0,0
CNS-BUS-00309,CTR-BUS-009,BUS,기타 가족관계,3,3,0,0
CNS-BUS-00310,CTR-BUS-009,BUS,부부갈등,2,2,0,0
CNS-BUS-00310,CTR-BUS-009,BUS,부모-자녀 갈등,1,1,0,0
CNS-BUS-00310,CTR-BUS-009,BUS,기타 가족관계,2,2,0,0
CNS-BUS-00311,CTR-BUS-009,BUS,부부갈등,2,2,0,0
CNS-BUS-00311,CTR-BUS-009,BUS,부모-자녀 갈등,1,1,0,0
CNS-BUS-00311,CTR-BUS-009,BUS,기타 가족관계,1,1,0,0
CNS-BUS-00312,CTR-BUS-009,BUS,부부갈등,3,2,1,0
CNS-BUS-00312,CTR-BUS-009,BUS,부모-자녀 갈등,2,2,0,0
CNS-BUS-00312,CTR-BUS-009,BUS,기타 가족관계,3,2,1,0
CNS-BUS-00313,CTR-BUS-010,BUS,부부갈등,5,4,1,0
CNS-BUS-00313,CTR-BUS-010,BUS,부모-자녀 갈등,4,3,1,0
CNS-BUS-00313,CTR-BUS-010,BUS,기타 가족관계,4,3,1,0
CNS-BUS-00313,CTR-BUS-010,BUS,이혼 전후,1,1,0,0
CNS-BUS-00314,CTR-BUS-010,BUS,부부갈등,5,4,1,0
CNS-BUS-00314,CTR-BUS-010,BUS,부모-자녀 갈등,4,3,1,0
CNS-BUS-00314,CTR-BUS-010,BUS,기타 가족관계,4,3,1,0
CNS-BUS-00314,CTR-BUS-010,BUS,이혼 전후,1,1,0,0
CNS-BUS-00315,CTR-BUS-010,BUS,부부갈등,3,2,1,0
CNS-BUS-00315,CTR-BUS-010,BUS,부모-자녀 갈등,2,2,0,0
CNS-BUS-00315,CTR-BUS-010,BUS,기타 가족관계,3,2,1,0
CNS-BUS-00315,CTR-BUS-010,BUS,이혼 전후,1,1,0,0
CNS-BUS-00316,CTR-BUS-010,BUS,부부갈등,3,3,0,0
CNS-BUS-00316,CTR-BUS-010,BUS,부모-자녀 갈등,2,2,0,0
CNS-BUS-00316,CTR-BUS-010,BUS,기타 가족관계,3,2,1,0
CNS-BUS-00317,CTR-BUS-010,BUS,부부갈등,3,3,0,0
CNS-BUS-00317,CTR-BUS-010,BUS,부모-자녀 갈등,2,2,0,0
CNS-BUS-00317,CTR-BUS-010,BUS,기타 가족관계,3,2,1,0
CNS-BUS-00317,CTR-BUS-010,BUS,이혼 전후,1,1,0,0
CNS-BUS-00318,CTR-BUS-010,BUS,부부갈등,3,3,0,0
CNS-BUS-00318,CTR-BUS-010,BUS,부모-자녀 갈등,2,2,0,0
CNS-BUS-00318,CTR-BUS-010,BUS,기타 가족관계,2,2,0,0
CNS-BUS-00319,CTR-BUS-010,BUS,부부갈등,3,2,1,0
CNS-BUS-00319,CTR-BUS-010,BUS,부모-자녀 갈등,2,2,0,0
CNS-BUS-00319,CTR-BUS-010,BUS,기타 가족관계,2,2,0,0
CNS-BUS-00320,CTR-BUS-011,BUS,부부갈등,5,4,1,0
CNS-BUS-00320,CTR-BUS-011,BUS,부모-자녀 갈등,3,3,0,0
CNS-BUS-00320,CTR-BUS-011,BUS,기타 가족관계,4,4,0,0
CNS-BUS-00320,CTR-BUS-011,BUS,이혼 전후,1,1,0,0
CNS-BUS-00321,CTR-BUS-011,BUS,부부갈등,2,2,0,0
CNS-BUS-00321,CTR-BUS-011,BUS,부모-자녀 갈등,1,1,0,0
CNS-BUS-00321,CTR-BUS-011,BUS,기타 가족관계,2,2,0,0
CNS-BUS-00322,CTR-BUS-011,BUS,부부갈등,3,2,1,0
CNS-BUS-00322,CTR-BUS-011,BUS,부모-자녀 갈등,2,2,0,0
CNS-BUS-00322,CTR-BUS-011,BUS,기타 가족관계,3,2,1,0
CNS-BUS-00322,CTR-BUS-011,BUS,이혼 전후,1,1,0,0
CNS-BUS-00323,CTR-BUS-011,BUS,부부갈등,3,3,0,0
CNS-BUS-00323,CTR-BUS-011,BUS,부모-자녀 갈등,2,2,0,0
CNS-BUS-00323,CTR-BUS-011,BUS,기타 가족관계,3,3,0,0
CNS-BUS-00323,CTR-BUS-011,BUS,이혼 전후,1,1,0,0
CNS-BUS-00324,CTR-BUS-011,BUS,부부갈등,2,2,0,0
CNS-BUS-00324,CTR-BUS-011,BUS,부모-자녀 갈등,1,1,0,0
CNS-BUS-00324,CTR-BUS-011,BUS,기타 가족관계,2,2,0,0
CNS-BUS-00325,CTR-BUS-012,BUS,부부갈등,5,4,1,0
CNS-BUS-00325,CTR-BUS-012,BUS,부모-자녀 갈등,4,3,1,0
CNS-BUS-00325,CTR-BUS-012,BUS,기타 가족관계,4,3,1,0
CNS-BUS-00325,CTR-BUS-012,BUS,이혼 전후,1,1,0,0
CNS-BUS-00326,CTR-BUS-012,BUS,부부갈등,2,2,0,0
CNS-BUS-00326,CTR-BUS-012,BUS,부모-자녀 갈등,2,2,0,0
CNS-BUS-00326,CTR-BUS-012,BUS,기타 가족관계,2,2,0,0
CNS-BUS-00327,CTR-BUS-012,BUS,부부갈등,3,2,1,0
CNS-BUS-00327,CTR-BUS-012,BUS,부모-자녀 갈등,2,2,0,0
CNS-BUS-00327,CTR-BUS-012,BUS,기타 가족관계,3,3,0,0
CNS-BUS-00328,CTR-BUS-012,BUS,부부갈등,2,2,0,0
CNS-BUS-00328,CTR-BUS-012,BUS,부모-자녀 갈등,1,1,0,0
CNS-BUS-00328,CTR-BUS-012,BUS,기타 가족관계,1,1,0,0
CNS-BUS-00329,CTR-BUS-012,BUS,부부갈등,3,3,0,0
CNS-BUS-00329,CTR-BUS-012,BUS,부모-자녀 갈등,2,2,0,0
CNS-BUS-00329,CTR-BUS-012,BUS,기타 가족관계,3,3,0,0
CNS-BUS-00330,CTR-BUS-012,BUS,부부갈등,2,2,0,0
CNS-BUS-00330,CTR-BUS-012,BUS,부모-자녀 갈등,2,2,0,0
CNS-BUS-00330,CTR-BUS-012,BUS,기타 가족관계,2,2,0,0
CNS-BUS-00331,CTR-BUS-012,BUS,부부갈등,2,1,1,0
CNS-BUS-00331,CTR-BUS-012,BUS,부모-자녀 갈등,2,2,0,0
CNS-BUS-00331,CTR-BUS-012,BUS,기타 가족관계,2,2,0,0
CNS-BUS-00332,CTR-BUS-012,BUS,부부갈등,2,2,0,0
CNS-BUS-00332,CTR-BUS-012,BUS,부모-자녀 갈등,2,2,0,0
CNS-BUS-00332,CTR-BUS-012,BUS,기타 가족관계,2,2,0,0
CNS-DGU-00333,CTR-DGU-001,DGU,부부갈등,4,3,1,0
CNS-DGU-00333,CTR-DGU-001,DGU,부모-자녀 갈등,3,2,1,0
CNS-DGU-00333,CTR-DGU-001,DGU,기타 가족관계,4,3,1,0
CNS-DGU-00334,CTR-DGU-001,DGU,부부갈등,3,2,1,0
CNS-DGU-00334,CTR-DGU-001,DGU,부모-자녀 갈등,2,2,0,0
CNS-DGU-00334,CTR-DGU-001,DGU,기타 가족관계,3,2,1,0
CNS-DGU-00334,CTR-DGU-001,DGU,이혼 전후,1,1,0,0
CNS-DGU-00335,CTR-DGU-001,DGU,부부갈등,3,3,0,0
CNS-DGU-00335,CTR-DGU-001,DGU,부모-자녀 갈등,2,2,0,0
CNS-DGU-00335,CTR-DGU-001,DGU,기타 가족관계,2,2,0,0
CNS-DGU-00336,CTR-DGU-001,DGU,부부갈등,2,2,0,0
CNS-DGU-00336,CTR-DGU-001,DGU,부모-자녀 갈등,1,1,0,0
CNS-DGU-00336,CTR-DGU-001,DGU,기타 가족관계,1,1,0,0
CNS-DGU-00337,CTR-DGU-001,DGU,부부갈등,3,2,1,0
CNS-DGU-00337,CTR-DGU-001,DGU,부모-자녀 갈등,2,2,0,0
CNS-DGU-00337,CTR-DGU-001,DGU,기타 가족관계,3,2,1,0
CNS-DGU-00338,CTR-DGU-001,DGU,부부갈등,3,2,1,0
CNS-DGU-00338,CTR-DGU-001,DGU,부모-자녀 갈등,2,2,0,0
CNS-DGU-00338,CTR-DGU-001,DGU,기타 가족관계,3,2,1,0
CNS-DGU-00339,CTR-DGU-001,DGU,부부갈등,3,2,1,0
CNS-DGU-00339,CTR-DGU-001,DGU,부모-자녀 갈등,2,2,0,0
CNS-DGU-00339,CTR-DGU-001,DGU,기타 가족관계,3,2,1,0
CNS-DGU-00340,CTR-DGU-001,DGU,부부갈등,3,2,1,0
CNS-DGU-00340,CTR-DGU-001,DGU,부모-자녀 갈등,2,2,0,0
CNS-DGU-00340,CTR-DGU-001,DGU,기타 가족관계,3,2,1,0
CNS-DGU-00341,CTR-DGU-002,DGU,부부갈등,3,3,0,0
CNS-DGU-00341,CTR-DGU-002,DGU,부모-자녀 갈등,2,2,0,0
CNS-DGU-00341,CTR-DGU-002,DGU,기타 가족관계,2,2,0,0
CNS-DGU-00342,CTR-DGU-002,DGU,부부갈등,5,4,1,0
CNS-DGU-00342,CTR-DGU-002,DGU,부모-자녀 갈등,3,2,1,0
CNS-DGU-00342,CTR-DGU-002,DGU,기타 가족관계,4,3,1,0
CNS-DGU-00342,CTR-DGU-002,DGU,이혼 전후,1,1,0,0
CNS-DGU-00343,CTR-DGU-002,DGU,부부갈등,3,2,1,0
CNS-DGU-00343,CTR-DGU-002,DGU,부모-자녀 갈등,2,2,0,0
CNS-DGU-00343,CTR-DGU-002,DGU,기타 가족관계,3,2,1,0
CNS-DGU-00344,CTR-DGU-002,DGU,부부갈등,3,2,1,0
CNS-DGU-00344,CTR-DGU-002,DGU,부모-자녀 갈등,3,2,1,0
CNS-DGU-00344,CTR-DGU-002,DGU,기타 가족관계,3,2,1,0
CNS-DGU-00344,CTR-DGU-002,DGU,이혼 전후,1,1,0,0
CNS-DGU-00345,CTR-DGU-002,DGU,부부갈등,2,2,0,0
CNS-DGU-00345,CTR-DGU-002,DGU,부모-자녀 갈등,2,2,0,0
CNS-DGU-00345,CTR-DGU-002,DGU,기타 가족관계,2,2,0,0
CNS-DGU-00346,CTR-DGU-002,DGU,부부갈등,3,2,1,0
CNS-DGU-00346,CTR-DGU-002,DGU,부모-자녀 갈등,2,2,0,0
CNS-DGU-00346,CTR-DGU-002,DGU,기타 가족관계,3,3,0,0
CNS-DGU-00346,CTR-DGU-002,DGU,이혼 전후,1,1,0,0
CNS-DGU-00347,CTR-DGU-002,DGU,부부갈등,2,1,1,0
CNS-DGU-00347,CTR-DGU-002,DGU,부모-자녀 갈등,2,2,0,0
CNS-DGU-00347,CTR-DGU-002,DGU,기타 가족관계,2,2,0,0
CNS-DGU-00348,CTR-DGU-002,DGU,부부갈등,3,2,1,0
CNS-DGU-00348,CTR-DGU-002,DGU,부모-자녀 갈등,2,2,0,0
CNS-DGU-00348,CTR-DGU-002,DGU,기타 가족관계,3,2,1,0
CNS-DGU-00349,CTR-DGU-003,DGU,부부갈등,4,3,1,0
CNS-DGU-00349,CTR-DGU-003,DGU,부모-자녀 갈등,3,2,1,0
CNS-DGU-00349,CTR-DGU-003,DGU,기타 가족관계,4,3,1,0
CNS-DGU-00350,CTR-DGU-003,DGU,부부갈등,4,3,1,0
CNS-DGU-00350,CTR-DGU-003,DGU,부모-자녀 갈등,3,2,1,0
CNS-DGU-00350,CTR-DGU-003,DGU,기타 가족관계,4,3,1,0
CNS-DGU-00350,CTR-DGU-003,DGU,이혼 전후,1,1,0,0
CNS-DGU-00351,CTR-DGU-003,DGU,부부갈등,3,2,1,0
CNS-DGU-00351,CTR-DGU-003,DGU,부모-자녀 갈등,2,2,0,0
CNS-DGU-00351,CTR-DGU-003,DGU,기타 가족관계,3,2,1,0
CNS-DGU-00352,CTR-DGU-003,DGU,부부갈등,3,3,0,0
CNS-DGU-00352,CTR-DGU-003,DGU,부모-자녀 갈등,2,2,0,0
CNS-DGU-00352,CTR-DGU-003,DGU,기타 가족관계,2,2,0,0
CNS-DGU-00353,CTR-DGU-003,DGU,부부갈등,2,2,0,0
CNS-DGU-00353,CTR-DGU-003,DGU,부모-자녀 갈등,1,1,0,0
CNS-DGU-00353,CTR-DGU-003,DGU,기타 가족관계,2,2,0,0
CNS-DGU-00354,CTR-DGU-003,DGU,부부갈등,2,2,0,0
CNS-DGU-00354,CTR-DGU-003,DGU,부모-자녀 갈등,1,1,0,0
CNS-DGU-00354,CTR-DGU-003,DGU,기타 가족관계,2,2,0,0
CNS-DGU-00355,CTR-DGU-003,DGU,부부갈등,3,2,1,0
CNS-DGU-00355,CTR-DGU-003,DGU,부모-자녀 갈등,2,2,0,0
CNS-DGU-00355,CTR-DGU-003,DGU,기타 가족관계,2,2,0,0
CNS-DGU-00356,CTR-DGU-004,DGU,부부갈등,5,4,1,0
CNS-DGU-00356,CTR-DGU-004,DGU,부모-자녀 갈등,3,3,0,0
CNS-DGU-00356,CTR-DGU-004,DGU,기타 가족관계,4,4,0,0
CNS-DGU-00356,CTR-DGU-004,DGU,이혼 전후,1,1,0,0
CNS-DGU-00357,CTR-DGU-004,DGU,부부갈등,3,2,1,0
CNS-DGU-00357,CTR-DGU-004,DGU,부모-자녀 갈등,3,2,1,0
CNS-DGU-00357,CTR-DGU-004,DGU,기타 가족관계,3,3,0,0
CNS-DGU-00357,CTR-DGU-004,DGU,이혼 전후,1,1,0,0
CNS-DGU-00358,CTR-DGU-004,DGU,부부갈등,2,2,0,0
CNS-DGU-00358,CTR-DGU-004,DGU,부모-자녀 갈등,1,1,0,0
CNS-DGU-00358,CTR-DGU-004,DGU,기타 가족관계,1,1,0,0
CNS-DGU-00359,CTR-DGU-004,DGU,부부갈등,3,2,1,0
CNS-DGU-00359,CTR-DGU-004,DGU,부모-자녀 갈등,2,2,0,0
CNS-DGU-00359,CTR-DGU-004,DGU,기타 가족관계,3,2,1,0
CNS-DGU-00359,CTR-DGU-004,DGU,이혼 전후,1,1,0,0
CNS-DGU-00360,CTR-DGU-004,DGU,부부갈등,3,3,0,0
CNS-DGU-00360,CTR-DGU-004,DGU,부모-자녀 갈등,3,2,1,0
CNS-DGU-00360,CTR-DGU-004,DGU,기타 가족관계,3,3,0,0
CNS-DGU-00360,CTR-DGU-004,DGU,이혼 전후,1,1,0,0
CNS-DGU-00361,CTR-DGU-004,DGU,부부갈등,2,2,0,0
CNS-DGU-00361,CTR-DGU-004,DGU,부모-자녀 갈등,2,2,0,0
CNS-DGU-00361,CTR-DGU-004,DGU,기타 가족관계,2,2,0,0
CNS-DGU-00362,CTR-DGU-004,DGU,부부갈등,2,2,0,0
CNS-DGU-00362,CTR-DGU-004,DGU,부모-자녀 갈등,1,1,0,0
CNS-DGU-00362,CTR-DGU-004,DGU,기타 가족관계,2,2,0,0
CNS-DGU-00363,CTR-DGU-005,DGU,부부갈등,5,4,1,0
CNS-DGU-00363,CTR-DGU-005,DGU,부모-자녀 갈등,3,3,0,0
CNS-DGU-00363,CTR-DGU-005,DGU,기타 가족관계,4,3,1,0
CNS-DGU-00363,CTR-DGU-005,DGU,이혼 전후,1,1,0,0
CNS-DGU-00364,CTR-DGU-005,DGU,부부갈등,4,3,1,0
CNS-DGU-00364,CTR-DGU-005,DGU,부모-자녀 갈등,3,3,0,0
CNS-DGU-00364,CTR-DGU-005,DGU,기타 가족관계,4,3,1,0
CNS-DGU-00365,CTR-DGU-005,DGU,부부갈등,3,3,0,0
CNS-DGU-00365,CTR-DGU-005,DGU,부모-자녀 갈등,2,2,0,0
CNS-DGU-00365,CTR-DGU-005,DGU,기타 가족관계,3,3,0,0
CNS-DGU-00366,CTR-DGU-005,DGU,부부갈등,2,2,0,0
CNS-DGU-00366,CTR-DGU-005,DGU,부모-자녀 갈등,1,1,0,0
CNS-DGU-00366,CTR-DGU-005,DGU,기타 가족관계,2,1,1,0
CNS-DGU-00367,CTR-DGU-005,DGU,부부갈등,3,3,0,0
CNS-DGU-00367,CTR-DGU-005,DGU,부모-자녀 갈등,2,1,1,0
CNS-DGU-00367,CTR-DGU-005,DGU,기타 가족관계,3,2,1,0
CNS-DGU-00368,CTR-DGU-005,DGU,부부갈등,2,2,0,0
CNS-DGU-00368,CTR-DGU-005,DGU,부모-자녀 갈등,2,2,0,0
CNS-DGU-00368,CTR-DGU-005,DGU,기타 가족관계,2,2,0,0
CNS-DGU-00369,CTR-DGU-005,DGU,부부갈등,2,2,0,0
CNS-DGU-00369,CTR-DGU-005,DGU,부모-자녀 갈등,2,2,0,0
CNS-DGU-00369,CTR-DGU-005,DGU,기타 가족관계,2,2,0,0
CNS-DGU-00370,CTR-DGU-006,DGU,부부갈등,5,4,1,0
CNS-DGU-00370,CTR-DGU-006,DGU,부모-자녀 갈등,4,3,1,0
CNS-DGU-00370,CTR-DGU-006,DGU,기타 가족관계,4,4,0,0
CNS-DGU-00370,CTR-DGU-006,DGU,이혼 전후,1,1,0,0
CNS-DGU-00371,CTR-DGU-006,DGU,부부갈등,3,3,0,0
CNS-DGU-00371,CTR-DGU-006,DGU,부모-자녀 갈등,2,2,0,0
CNS-DGU-00371,CTR-DGU-006,DGU,기타 가족관계,3,2,1,0
CNS-DGU-00371,CTR-DGU-006,DGU,이혼 전후,1,1,0,0
CNS-DGU-00372,CTR-DGU-006,DGU,부부갈등,2,2,0,0
CNS-DGU-00372,CTR-DGU-006,DGU,부모-자녀 갈등,2,2,0,0
CNS-DGU-00372,CTR-DGU-006,DGU,기타 가족관계,2,2,0,0
CNS-DGU-00373,CTR-DGU-006,DGU,부부갈등,3,2,1,0
CNS-DGU-00373,CTR-DGU-006,DGU,부모-자녀 갈등,2,2,0,0
CNS-DGU-00373,CTR-DGU-006,DGU,기타 가족관계,2,2,0,0
CNS-DGU-00374,CTR-DGU-006,DGU,부부갈등,3,2,1,0
CNS-DGU-00374,CTR-DGU-006,DGU,부모-자녀 갈등,2,2,0,0
CNS-DGU-00374,CTR-DGU-006,DGU,기타 가족관계,3,2,1,0
CNS-DGU-00375,CTR-DGU-006,DGU,부부갈등,3,2,1,0
CNS-DGU-00375,CTR-DGU-006,DGU,부모-자녀 갈등,2,2,0,0
CNS-DGU-00375,CTR-DGU-006,DGU,기타 가족관계,3,2,1,0
CNS-DGU-00376,CTR-DGU-006,DGU,부부갈등,3,2,1,0
CNS-DGU-00376,CTR-DGU-006,DGU,부모-자녀 갈등,2,2,0,0
CNS-DGU-00376,CTR-DGU-006,DGU,기타 가족관계,3,2,1,0
CNS-DGU-00377,CTR-DGU-006,DGU,부부갈등,3,3,0,0
CNS-DGU-00377,CTR-DGU-006,DGU,부모-자녀 갈등,2,2,0,0
CNS-DGU-00377,CTR-DGU-006,DGU,기타 가족관계,3,2,1,0
CNS-DGU-00377,CTR-DGU-006,DGU,이혼 전후,1,1,0,0
CNS-DGU-00378,CTR-DGU-007,DGU,부부갈등,3,3,0,0
CNS-DGU-00378,CTR-DGU-007,DGU,부모-자녀 갈등,2,2,0,0
CNS-DGU-00378,CTR-DGU-007,DGU,기타 가족관계,3,3,0,0
CNS-DGU-00378,CTR-DGU-007,DGU,이혼 전후,1,1,0,0
CNS-DGU-00379,CTR-DGU-007,DGU,부부갈등,5,4,1,0
CNS-DGU-00379,CTR-DGU-007,DGU,부모-자녀 갈등,4,3,1,0
CNS-DGU-00379,CTR-DGU-007,DGU,기타 가족관계,4,3,1,0
CNS-DGU-00379,CTR-DGU-007,DGU,이혼 전후,1,1,0,0
CNS-DGU-00380,CTR-DGU-007,DGU,부부갈등,3,2,1,0
CNS-DGU-00380,CTR-DGU-007,DGU,부모-자녀 갈등,2,2,0,0
CNS-DGU-00380,CTR-DGU-007,DGU,기타 가족관계,3,2,1,0
CNS-DGU-00381,CTR-DGU-007,DGU,부부갈등,4,3,1,0
CNS-DGU-00381,CTR-DGU-007,DGU,부모-자녀 갈등,3,3,0,0
CNS-DGU-00381,CTR-DGU-007,DGU,기타 가족관계,4,3,1,0
CNS-DGU-00382,CTR-DGU-007,DGU,부부갈등,2,2,0,0
CNS-DGU-00382,CTR-DGU-007,DGU,부모-자녀 갈등,1,1,0,0
CNS-DGU-00382,CTR-DGU-007,DGU,기타 가족관계,1,1,0,0
CNS-DGU-00383,CTR-DGU-007,DGU,부부갈등,3,3,0,0
CNS-DGU-00383,CTR-DGU-007,DGU,부모-자녀 갈등,2,2,0,0
CNS-DGU-00383,CTR-DGU-007,DGU,기타 가족관계,3,2,1,0
CNS-DGU-00384,CTR-DGU-007,DGU,부부갈등,3,2,1,0
CNS-DGU-00384,CTR-DGU-007,DGU,부모-자녀 갈등,3,2,1,0
CNS-DGU-00384,CTR-DGU-007,DGU,기타 가족관계,3,2,1,0
CNS-DGU-00384,CTR-DGU-007,DGU,이혼 전후,1,1,0,0
CNS-DGU-00385,CTR-DGU-007,DGU,부부갈등,3,3,0,0
CNS-DGU-00385,CTR-DGU-007,DGU,부모-자녀 갈등,2,2,0,0
CNS-DGU-00385,CTR-DGU-007,DGU,기타 가족관계,3,3,0,0
CNS-DGU-00385,CTR-DGU-007,DGU,이혼 전후,1,1,0,0
CNS-DGU-00386,CTR-DGU-008,DGU,부부갈등,6,5,1,0
CNS-DGU-00386,CTR-DGU-008,DGU,부모-자녀 갈등,5,5,0,0
CNS-DGU-00386,CTR-DGU-008,DGU,기타 가족관계,6,5,1,0
CNS-DGU-00386,CTR-DGU-008,DGU,이혼 전후,1,1,0,0
CNS-DGU-00387,CTR-DGU-008,DGU,부부갈등,5,4,1,0
CNS-DGU-00387,CTR-DGU-008,DGU,부모-자녀 갈등,4,3,1,0
CNS-DGU-00387,CTR-DGU-008,DGU,기타 가족관계,4,3,1,0
CNS-DGU-00387,CTR-DGU-008,DGU,이혼 전후,1,1,0,0
CNS-DGU-00388,CTR-DGU-008,DGU,부부갈등,3,3,0,0
CNS-DGU-00388,CTR-DGU-008,DGU,부모-자녀 갈등,2,2,0,0
CNS-DGU-00388,CTR-DGU-008,DGU,기타 가족관계,3,2,1,0
CNS-DGU-00388,CTR-DGU-008,DGU,이혼 전후,1,1,0,0
CNS-DGU-00389,CTR-DGU-008,DGU,부부갈등,3,2,1,0
CNS-DGU-00389,CTR-DGU-008,DGU,부모-자녀 갈등,2,2,0,0
CNS-DGU-00389,CTR-DGU-008,DGU,기타 가족관계,2,2,0,0
CNS-DGU-00390,CTR-DGU-008,DGU,부부갈등,2,2,0,0
CNS-DGU-00390,CTR-DGU-008,DGU,부모-자녀 갈등,1,1,0,0
CNS-DGU-00390,CTR-DGU-008,DGU,기타 가족관계,2,2,0,0
CNS-DGU-00391,CTR-DGU-008,DGU,부부갈등,3,2,1,0
CNS-DGU-00391,CTR-DGU-008,DGU,부모-자녀 갈등,2,2,0,0
CNS-DGU-00391,CTR-DGU-008,DGU,기타 가족관계,3,2,1,0
CNS-DGU-00391,CTR-DGU-008,DGU,이혼 전후,1,1,0,0
CNS-DGU-00392,CTR-DGU-008,DGU,부부갈등,2,2,0,0
CNS-DGU-00392,CTR-DGU-008,DGU,부모-자녀 갈등,2,2,0,0
CNS-DGU-00392,CTR-DGU-008,DGU,기타 가족관계,2,2,0,0
CNS-DGU-00393,CTR-DGU-008,DGU,부부갈등,3,3,0,0
CNS-DGU-00393,CTR-DGU-008,DGU,부모-자녀 갈등,2,2,0,0
CNS-DGU-00393,CTR-DGU-008,DGU,기타 가족관계,2,2,0,0
CNS-DGU-00394,CTR-DGU-009,DGU,부부갈등,5,4,1,0
CNS-DGU-00394,CTR-DGU-009,DGU,부모-자녀 갈등,4,3,1,0
CNS-DGU-00394,CTR-DGU-009,DGU,기타 가족관계,5,4,1,0
CNS-DGU-00394,CTR-DGU-009,DGU,이혼 전후,1,1,0,0
CNS-DGU-00395,CTR-DGU-009,DGU,부부갈등,4,3,1,0
CNS-DGU-00395,CTR-DGU-009,DGU,부모-자녀 갈등,3,2,1,0
CNS-DGU-00395,CTR-DGU-009,DGU,기타 가족관계,4,3,1,0
CNS-DGU-00395,CTR-DGU-009,DGU,이혼 전후,1,1,0,0
CNS-DGU-00396,CTR-DGU-009,DGU,부부갈등,2,2,0,0
CNS-DGU-00396,CTR-DGU-009,DGU,부모-자녀 갈등,1,1,0,0
CNS-DGU-00396,CTR-DGU-009,DGU,기타 가족관계,2,2,0,0
CNS-DGU-00397,CTR-DGU-009,DGU,부부갈등,2,2,0,0
CNS-DGU-00397,CTR-DGU-009,DGU,부모-자녀 갈등,1,1,0,0
CNS-DGU-00397,CTR-DGU-009,DGU,기타 가족관계,2,2,0,0
CNS-DGU-00398,CTR-DGU-009,DGU,부부갈등,3,2,1,0
CNS-DGU-00398,CTR-DGU-009,DGU,부모-자녀 갈등,2,2,0,0
CNS-DGU-00398,CTR-DGU-009,DGU,기타 가족관계,3,3,0,0
CNS-DGU-00399,CTR-DGU-009,DGU,부부갈등,2,2,0,0
CNS-DGU-00399,CTR-DGU-009,DGU,부모-자녀 갈등,1,1,0,0
CNS-DGU-00399,CTR-DGU-009,DGU,기타 가족관계,2,2,0,0
CNS-DGU-00400,CTR-DGU-009,DGU,부부갈등,3,3,0,0
CNS-DGU-00400,CTR-DGU-009,DGU,부모-자녀 갈등,2,2,0,0
CNS-DGU-00400,CTR-DGU-009,DGU,기타 가족관계,2,2,0,0
CNS-DGU-00401,CTR-DGU-009,DGU,부부갈등,2,2,0,0
CNS-DGU-00401,CTR-DGU-009,DGU,부모-자녀 갈등,1,1,0,0
CNS-DGU-00401,CTR-DGU-009,DGU,기타 가족관계,2,2,0,0
CNS-DGU-00402,CTR-DGU-009,DGU,부부갈등,1,1,0,0
CNS-DGU-00402,CTR-DGU-009,DGU,부모-자녀 갈등,1,1,0,0
CNS-DGU-00402,CTR-DGU-009,DGU,기타 가족관계,1,1,0,0
CNS-DGU-00403,CTR-DGU-010,DGU,부부갈등,4,3,1,0
CNS-DGU-00403,CTR-DGU-010,DGU,부모-자녀 갈등,3,3,0,0
CNS-DGU-00403,CTR-DGU-010,DGU,기타 가족관계,4,3,1,0
CNS-DGU-00404,CTR-DGU-010,DGU,부부갈등,5,4,1,0
CNS-DGU-00404,CTR-DGU-010,DGU,부모-자녀 갈등,3,2,1,0
CNS-DGU-00404,CTR-DGU-010,DGU,기타 가족관계,4,3,1,0
CNS-DGU-00404,CTR-DGU-010,DGU,이혼 전후,1,1,0,0
CNS-DGU-00405,CTR-DGU-010,DGU,부부갈등,2,2,0,0
CNS-DGU-00405,CTR-DGU-010,DGU,부모-자녀 갈등,2,2,0,0
CNS-DGU-00405,CTR-DGU-010,DGU,기타 가족관계,2,2,0,0
CNS-DGU-00406,CTR-DGU-010,DGU,부부갈등,3,2,1,0
CNS-DGU-00406,CTR-DGU-010,DGU,부모-자녀 갈등,3,2,1,0
CNS-DGU-00406,CTR-DGU-010,DGU,기타 가족관계,3,2,1,0
CNS-DGU-00406,CTR-DGU-010,DGU,이혼 전후,1,1,0,0
CNS-DGU-00407,CTR-DGU-010,DGU,부부갈등,3,2,1,0
CNS-DGU-00407,CTR-DGU-010,DGU,부모-자녀 갈등,2,2,0,0
CNS-DGU-00407,CTR-DGU-010,DGU,기타 가족관계,2,2,0,0
CNS-DGU-00408,CTR-DGU-010,DGU,부부갈등,1,1,0,0
CNS-DGU-00408,CTR-DGU-010,DGU,부모-자녀 갈등,1,1,0,0
CNS-DGU-00408,CTR-DGU-010,DGU,기타 가족관계,1,1,0,0
CNS-DGU-00409,CTR-DGU-010,DGU,부부갈등,5,4,1,0
CNS-DGU-00409,CTR-DGU-010,DGU,부모-자녀 갈등,3,3,0,0
CNS-DGU-00409,CTR-DGU-010,DGU,기타 가족관계,4,3,1,0
CNS-DGU-00409,CTR-DGU-010,DGU,이혼 전후,1,1,0,0
CNS-DGU-00410,CTR-DGU-010,DGU,부부갈등,3,2,1,0
CNS-DGU-00410,CTR-DGU-010,DGU,부모-자녀 갈등,2,2,0,0
CNS-DGU-00410,CTR-DGU-010,DGU,기타 가족관계,3,2,1,0
CNS-DGU-00410,CTR-DGU-010,DGU,이혼 전후,1,1,0,0
CNS-DGU-00411,CTR-DGU-011,DGU,부부갈등,5,4,1,0
CNS-DGU-00411,CTR-DGU-011,DGU,부모-자녀 갈등,3,3,0,0
CNS-DGU-00411,CTR-DGU-011,DGU,기타 가족관계,4,3,1,0
CNS-DGU-00411,CTR-DGU-011,DGU,이혼 전후,1,1,0,0
CNS-DGU-00412,CTR-DGU-011,DGU,부부갈등,3,3,0,0
CNS-DGU-00412,CTR-DGU-011,DGU,부모-자녀 갈등,3,3,0,0
CNS-DGU-00412,CTR-DGU-011,DGU,기타 가족관계,3,2,1,0
CNS-DGU-00412,CTR-DGU-011,DGU,이혼 전후,1,1,0,0
CNS-DGU-00413,CTR-DGU-011,DGU,부부갈등,2,2,0,0
CNS-DGU-00413,CTR-DGU-011,DGU,부모-자녀 갈등,2,2,0,0
CNS-DGU-00413,CTR-DGU-011,DGU,기타 가족관계,2,2,0,0
CNS-DGU-00414,CTR-DGU-011,DGU,부부갈등,3,3,0,0
CNS-DGU-00414,CTR-DGU-011,DGU,부모-자녀 갈등,2,2,0,0
CNS-DGU-00414,CTR-DGU-011,DGU,기타 가족관계,3,3,0,0
CNS-DGU-00415,CTR-DGU-011,DGU,부부갈등,2,2,0,0
CNS-DGU-00415,CTR-DGU-011,DGU,부모-자녀 갈등,2,2,0,0
CNS-DGU-00415,CTR-DGU-011,DGU,기타 가족관계,2,2,0,0
CNS-DGU-00416,CTR-DGU-011,DGU,부부갈등,2,2,0,0
CNS-DGU-00416,CTR-DGU-011,DGU,부모-자녀 갈등,2,2,0,0
CNS-DGU-00416,CTR-DGU-011,DGU,기타 가족관계,2,2,0,0
CNS-DGU-00417,CTR-DGU-011,DGU,부부갈등,2,2,0,0
CNS-DGU-00417,CTR-DGU-011,DGU,부모-자녀 갈등,2,2,0,0
CNS-DGU-00417,CTR-DGU-011,DGU,기타 가족관계,2,2,0,0
CNS-DGU-00418,CTR-DGU-011,DGU,부부갈등,1,1,0,0
CNS-DGU-00418,CTR-DGU-011,DGU,부모-자녀 갈등,1,1,0,0
CNS-DGU-00418,CTR-DGU-011,DGU,기타 가족관계,1,1,0,0
CNS-INC-00419,CTR-INC-001,INC,부부갈등,5,4,1,0
CNS-INC-00419,CTR-INC-001,INC,부모-자녀 갈등,3,2,1,0
CNS-INC-00419,CTR-INC-001,INC,기타 가족관계,4,3,1,0
CNS-INC-00419,CTR-INC-001,INC,이혼 전후,1,1,0,0
CNS-INC-00420,CTR-INC-001,INC,부부갈등,4,3,1,0
CNS-INC-00420,CTR-INC-001,INC,부모-자녀 갈등,3,2,1,0
CNS-INC-00420,CTR-INC-001,INC,기타 가족관계,4,3,1,0
CNS-INC-00420,CTR-INC-001,INC,이혼 전후,1,1,0,0
CNS-INC-00421,CTR-INC-001,INC,부부갈등,3,3,0,0
CNS-INC-00421,CTR-INC-001,INC,부모-자녀 갈등,2,2,0,0
CNS-INC-00421,CTR-INC-001,INC,기타 가족관계,3,2,1,0
CNS-INC-00422,CTR-INC-001,INC,부부갈등,1,1,0,0
CNS-INC-00422,CTR-INC-001,INC,부모-자녀 갈등,1,1,0,0
CNS-INC-00422,CTR-INC-001,INC,기타 가족관계,1,1,0,0
CNS-INC-00423,CTR-INC-001,INC,부부갈등,3,3,0,0
CNS-INC-00423,CTR-INC-001,INC,부모-자녀 갈등,2,2,0,0
CNS-INC-00423,CTR-INC-001,INC,기타 가족관계,3,2,1,0
CNS-INC-00424,CTR-INC-001,INC,부부갈등,3,3,0,0
CNS-INC-00424,CTR-INC-001,INC,부모-자녀 갈등,2,2,0,0
CNS-INC-00424,CTR-INC-001,INC,기타 가족관계,3,3,0,0
CNS-INC-00424,CTR-INC-001,INC,이혼 전후,1,1,0,0
CNS-INC-00425,CTR-INC-001,INC,부부갈등,4,4,0,0
CNS-INC-00425,CTR-INC-001,INC,부모-자녀 갈등,3,2,1,0
CNS-INC-00425,CTR-INC-001,INC,기타 가족관계,4,3,1,0
CNS-INC-00426,CTR-INC-002,INC,부부갈등,5,4,1,0
CNS-INC-00426,CTR-INC-002,INC,부모-자녀 갈등,3,3,0,0
CNS-INC-00426,CTR-INC-002,INC,기타 가족관계,4,4,0,0
CNS-INC-00426,CTR-INC-002,INC,이혼 전후,1,1,0,0
CNS-INC-00427,CTR-INC-002,INC,부부갈등,4,3,1,0
CNS-INC-00427,CTR-INC-002,INC,부모-자녀 갈등,3,2,1,0
CNS-INC-00427,CTR-INC-002,INC,기타 가족관계,4,3,1,0
CNS-INC-00427,CTR-INC-002,INC,이혼 전후,1,1,0,0
CNS-INC-00428,CTR-INC-002,INC,부부갈등,2,2,0,0
CNS-INC-00428,CTR-INC-002,INC,부모-자녀 갈등,1,1,0,0
CNS-INC-00428,CTR-INC-002,INC,기타 가족관계,2,2,0,0
CNS-INC-00429,CTR-INC-002,INC,부부갈등,3,3,0,0
CNS-INC-00429,CTR-INC-002,INC,부모-자녀 갈등,2,2,0,0
CNS-INC-00429,CTR-INC-002,INC,기타 가족관계,3,2,1,0
CNS-INC-00429,CTR-INC-002,INC,이혼 전후,1,1,0,0
CNS-INC-00430,CTR-INC-002,INC,부부갈등,2,2,0,0
CNS-INC-00430,CTR-INC-002,INC,부모-자녀 갈등,1,1,0,0
CNS-INC-00430,CTR-INC-002,INC,기타 가족관계,2,2,0,0
CNS-INC-00431,CTR-INC-002,INC,부부갈등,3,3,0,0
CNS-INC-00431,CTR-INC-002,INC,부모-자녀 갈등,2,2,0,0
CNS-INC-00431,CTR-INC-002,INC,기타 가족관계,2,2,0,0
CNS-INC-00432,CTR-INC-002,INC,부부갈등,3,2,1,0
CNS-INC-00432,CTR-INC-002,INC,부모-자녀 갈등,2,2,0,0
CNS-INC-00432,CTR-INC-002,INC,기타 가족관계,2,2,0,0
CNS-INC-00433,CTR-INC-003,INC,부부갈등,3,3,0,0
CNS-INC-00433,CTR-INC-003,INC,부모-자녀 갈등,3,2,1,0
CNS-INC-00433,CTR-INC-003,INC,기타 가족관계,3,2,1,0
CNS-INC-00433,CTR-INC-003,INC,이혼 전후,1,1,0,0
CNS-INC-00434,CTR-INC-003,INC,부부갈등,4,3,1,0
CNS-INC-00434,CTR-INC-003,INC,부모-자녀 갈등,3,2,1,0
CNS-INC-00434,CTR-INC-003,INC,기타 가족관계,4,3,1,0
CNS-INC-00435,CTR-INC-003,INC,부부갈등,2,2,0,0
CNS-INC-00435,CTR-INC-003,INC,부모-자녀 갈등,1,1,0,0
CNS-INC-00435,CTR-INC-003,INC,기타 가족관계,1,1,0,0
CNS-INC-00436,CTR-INC-003,INC,부부갈등,3,2,1,0
CNS-INC-00436,CTR-INC-003,INC,부모-자녀 갈등,2,1,1,0
CNS-INC-00436,CTR-INC-003,INC,기타 가족관계,2,2,0,0
CNS-INC-00437,CTR-INC-003,INC,부부갈등,3,3,0,0
CNS-INC-00437,CTR-INC-003,INC,부모-자녀 갈등,2,2,0,0
CNS-INC-00437,CTR-INC-003,INC,기타 가족관계,2,2,0,0
CNS-INC-00438,CTR-INC-003,INC,부부갈등,3,3,0,0
CNS-INC-00438,CTR-INC-003,INC,부모-자녀 갈등,2,2,0,0
CNS-INC-00438,CTR-INC-003,INC,기타 가족관계,2,2,0,0
CNS-INC-00439,CTR-INC-003,INC,부부갈등,3,2,1,0
CNS-INC-00439,CTR-INC-003,INC,부모-자녀 갈등,2,2,0,0
CNS-INC-00439,CTR-INC-003,INC,기타 가족관계,3,2,1,0
CNS-INC-00439,CTR-INC-003,INC,이혼 전후,1,1,0,0
CNS-INC-00440,CTR-INC-003,INC,부부갈등,3,3,0,0
CNS-INC-00440,CTR-INC-003,INC,부모-자녀 갈등,3,3,0,0
CNS-INC-00440,CTR-INC-003,INC,기타 가족관계,3,2,1,0
CNS-INC-00440,CTR-INC-003,INC,이혼 전후,1,1,0,0
CNS-INC-00441,CTR-INC-003,INC,부부갈등,2,2,0,0
CNS-INC-00441,CTR-INC-003,INC,부모-자녀 갈등,2,2,0,0
CNS-INC-00441,CTR-INC-003,INC,기타 가족관계,2,2,0,0
CNS-INC-00442,CTR-INC-004,INC,부부갈등,4,3,1,0
CNS-INC-00442,CTR-INC-004,INC,부모-자녀 갈등,3,2,1,0
CNS-INC-00442,CTR-INC-004,INC,기타 가족관계,4,3,1,0
CNS-INC-00443,CTR-INC-004,INC,부부갈등,3,3,0,0
CNS-INC-00443,CTR-INC-004,INC,부모-자녀 갈등,3,3,0,0
CNS-INC-00443,CTR-INC-004,INC,기타 가족관계,3,2,1,0
CNS-INC-00443,CTR-INC-004,INC,이혼 전후,1,1,0,0
CNS-INC-00444,CTR-INC-004,INC,부부갈등,2,2,0,0
CNS-INC-00444,CTR-INC-004,INC,부모-자녀 갈등,1,1,0,0
CNS-INC-00444,CTR-INC-004,INC,기타 가족관계,2,2,0,0
CNS-INC-00445,CTR-INC-004,INC,부부갈등,3,2,1,0
CNS-INC-00445,CTR-INC-004,INC,부모-자녀 갈등,2,2,0,0
CNS-INC-00445,CTR-INC-004,INC,기타 가족관계,3,3,0,0
CNS-INC-00446,CTR-INC-004,INC,부부갈등,2,2,0,0
CNS-INC-00446,CTR-INC-004,INC,부모-자녀 갈등,2,2,0,0
CNS-INC-00446,CTR-INC-004,INC,기타 가족관계,2,2,0,0
CNS-INC-00447,CTR-INC-004,INC,부부갈등,3,3,0,0
CNS-INC-00447,CTR-INC-004,INC,부모-자녀 갈등,2,2,0,0
CNS-INC-00447,CTR-INC-004,INC,기타 가족관계,3,3,0,0
CNS-INC-00447,CTR-INC-004,INC,이혼 전후,1,1,0,0
CNS-INC-00448,CTR-INC-004,INC,부부갈등,1,1,0,0
CNS-INC-00448,CTR-INC-004,INC,부모-자녀 갈등,1,1,0,0
CNS-INC-00448,CTR-INC-004,INC,기타 가족관계,1,1,0,0
CNS-INC-00449,CTR-INC-004,INC,부부갈등,3,2,1,0
CNS-INC-00449,CTR-INC-004,INC,부모-자녀 갈등,2,2,0,0
CNS-INC-00449,CTR-INC-004,INC,기타 가족관계,2,2,0,0
CNS-INC-00450,CTR-INC-004,INC,부부갈등,3,2,1,0
CNS-INC-00450,CTR-INC-004,INC,부모-자녀 갈등,2,2,0,0
CNS-INC-00450,CTR-INC-004,INC,기타 가족관계,3,2,1,0
CNS-INC-00451,CTR-INC-005,INC,부부갈등,4,3,1,0
CNS-INC-00451,CTR-INC-005,INC,부모-자녀 갈등,3,3,0,0
CNS-INC-00451,CTR-INC-005,INC,기타 가족관계,4,3,1,0
CNS-INC-00452,CTR-INC-005,INC,부부갈등,5,4,1,0
CNS-INC-00452,CTR-INC-005,INC,부모-자녀 갈등,4,3,1,0
CNS-INC-00452,CTR-INC-005,INC,기타 가족관계,4,3,1,0
CNS-INC-00452,CTR-INC-005,INC,이혼 전후,1,1,0,0
CNS-INC-00453,CTR-INC-005,INC,부부갈등,1,1,0,0
CNS-INC-00453,CTR-INC-005,INC,부모-자녀 갈등,1,1,0,0
CNS-INC-00453,CTR-INC-005,INC,기타 가족관계,1,1,0,0
CNS-INC-00454,CTR-INC-005,INC,부부갈등,3,2,1,0
CNS-INC-00454,CTR-INC-005,INC,부모-자녀 갈등,2,2,0,0
CNS-INC-00454,CTR-INC-005,INC,기타 가족관계,2,2,0,0
CNS-INC-00455,CTR-INC-005,INC,부부갈등,3,3,0,0
CNS-INC-00455,CTR-INC-005,INC,부모-자녀 갈등,2,2,0,0
CNS-INC-00455,CTR-INC-005,INC,기타 가족관계,3,2,1,0
CNS-INC-00456,CTR-INC-005,INC,부부갈등,1,1,0,0
CNS-INC-00456,CTR-INC-005,INC,부모-자녀 갈등,1,1,0,0
CNS-INC-00456,CTR-INC-005,INC,기타 가족관계,1,1,0,0
CNS-INC-00457,CTR-INC-005,INC,부부갈등,2,2,0,0
CNS-INC-00457,CTR-INC-005,INC,부모-자녀 갈등,1,1,0,0
CNS-INC-00457,CTR-INC-005,INC,기타 가족관계,2,2,0,0
CNS-INC-00458,CTR-INC-005,INC,부부갈등,2,2,0,0
CNS-INC-00458,CTR-INC-005,INC,부모-자녀 갈등,1,1,0,0
CNS-INC-00458,CTR-INC-005,INC,기타 가족관계,1,1,0,0
CNS-INC-00459,CTR-INC-005,INC,부부갈등,3,2,1,0
CNS-INC-00459,CTR-INC-005,INC,부모-자녀 갈등,3,3,0,0
CNS-INC-00459,CTR-INC-005,INC,기타 가족관계,3,2,1,0
CNS-INC-00459,CTR-INC-005,INC,이혼 전후,1,1,0,0
CNS-INC-00460,CTR-INC-005,INC,부부갈등,2,2,0,0
CNS-INC-00460,CTR-INC-005,INC,부모-자녀 갈등,2,2,0,0
CNS-INC-00460,CTR-INC-005,INC,기타 가족관계,2,2,0,0
CNS-INC-00461,CTR-INC-006,INC,부부갈등,5,4,1,0
CNS-INC-00461,CTR-INC-006,INC,부모-자녀 갈등,3,2,1,0
CNS-INC-00461,CTR-INC-006,INC,기타 가족관계,4,3,1,0
CNS-INC-00461,CTR-INC-006,INC,이혼 전후,1,1,0,0
CNS-INC-00462,CTR-INC-006,INC,부부갈등,5,4,1,0
CNS-INC-00462,CTR-INC-006,INC,부모-자녀 갈등,3,3,0,0
CNS-INC-00462,CTR-INC-006,INC,기타 가족관계,4,3,1,0
CNS-INC-00462,CTR-INC-006,INC,이혼 전후,1,1,0,0
CNS-INC-00463,CTR-INC-006,INC,부부갈등,3,2,1,0
CNS-INC-00463,CTR-INC-006,INC,부모-자녀 갈등,2,2,0,0
CNS-INC-00463,CTR-INC-006,INC,기타 가족관계,2,2,0,0
CNS-INC-00464,CTR-INC-006,INC,부부갈등,2,2,0,0
CNS-INC-00464,CTR-INC-006,INC,부모-자녀 갈등,1,1,0,0
CNS-INC-00464,CTR-INC-006,INC,기타 가족관계,2,2,0,0
CNS-INC-00465,CTR-INC-006,INC,부부갈등,2,2,0,0
CNS-INC-00465,CTR-INC-006,INC,부모-자녀 갈등,1,1,0,0
CNS-INC-00465,CTR-INC-006,INC,기타 가족관계,2,2,0,0
CNS-INC-00466,CTR-INC-006,INC,부부갈등,2,2,0,0
CNS-INC-00466,CTR-INC-006,INC,부모-자녀 갈등,2,2,0,0
CNS-INC-00466,CTR-INC-006,INC,기타 가족관계,2,2,0,0
CNS-INC-00467,CTR-INC-006,INC,부부갈등,3,3,0,0
CNS-INC-00467,CTR-INC-006,INC,부모-자녀 갈등,2,2,0,0
CNS-INC-00467,CTR-INC-006,INC,기타 가족관계,3,2,1,0
CNS-INC-00468,CTR-INC-006,INC,부부갈등,3,2,1,0
CNS-INC-00468,CTR-INC-006,INC,부모-자녀 갈등,3,2,1,0
CNS-INC-00468,CTR-INC-006,INC,기타 가족관계,3,2,1,0
CNS-INC-00468,CTR-INC-006,INC,이혼 전후,1,1,0,0
CNS-INC-00469,CTR-INC-007,INC,부부갈등,3,2,1,0
CNS-INC-00469,CTR-INC-007,INC,부모-자녀 갈등,2,2,0,0
CNS-INC-00469,CTR-INC-007,INC,기타 가족관계,3,2,1,0
CNS-INC-00470,CTR-INC-007,INC,부부갈등,5,5,0,0
CNS-INC-00470,CTR-INC-007,INC,부모-자녀 갈등,3,2,1,0
CNS-INC-00470,CTR-INC-007,INC,기타 가족관계,4,3,1,0
CNS-INC-00470,CTR-INC-007,INC,이혼 전후,1,1,0,0
CNS-INC-00471,CTR-INC-007,INC,부부갈등,3,2,1,0
CNS-INC-00471,CTR-INC-007,INC,부모-자녀 갈등,2,2,0,0
CNS-INC-00471,CTR-INC-007,INC,기타 가족관계,3,2,1,0
CNS-INC-00472,CTR-INC-007,INC,부부갈등,3,3,0,0
CNS-INC-00472,CTR-INC-007,INC,부모-자녀 갈등,3,2,1,0
CNS-INC-00472,CTR-INC-007,INC,기타 가족관계,3,3,0,0
CNS-INC-00472,CTR-INC-007,INC,이혼 전후,1,1,0,0
CNS-INC-00473,CTR-INC-007,INC,부부갈등,4,3,1,0
CNS-INC-00473,CTR-INC-007,INC,부모-자녀 갈등,3,3,0,0
CNS-INC-00473,CTR-INC-007,INC,기타 가족관계,4,3,1,0
CNS-INC-00474,CTR-INC-007,INC,부부갈등,3,2,1,0
CNS-INC-00474,CTR-INC-007,INC,부모-자녀 갈등,3,2,1,0
CNS-INC-00474,CTR-INC-007,INC,기타 가족관계,3,2,1,0
CNS-INC-00474,CTR-INC-007,INC,이혼 전후,1,1,0,0
CNS-INC-00475,CTR-INC-007,INC,부부갈등,2,2,0,0
CNS-INC-00475,CTR-INC-007,INC,부모-자녀 갈등,1,1,0,0
CNS-INC-00475,CTR-INC-007,INC,기타 가족관계,1,1,0,0
CNS-INC-00476,CTR-INC-007,INC,부부갈등,3,2,1,0
CNS-INC-00476,CTR-INC-007,INC,부모-자녀 갈등,2,2,0,0
CNS-INC-00476,CTR-INC-007,INC,기타 가족관계,3,2,1,0
CNS-INC-00477,CTR-INC-008,INC,부부갈등,4,3,1,0
CNS-INC-00477,CTR-INC-008,INC,부모-자녀 갈등,3,3,0,0
CNS-INC-00477,CTR-INC-008,INC,기타 가족관계,4,3,1,0
CNS-INC-00478,CTR-INC-008,INC,부부갈등,5,4,1,0
CNS-INC-00478,CTR-INC-008,INC,부모-자녀 갈등,4,3,1,0
CNS-INC-00478,CTR-INC-008,INC,기타 가족관계,5,4,1,0
CNS-INC-00478,CTR-INC-008,INC,이혼 전후,1,1,0,0
CNS-INC-00479,CTR-INC-008,INC,부부갈등,2,2,0,0
CNS-INC-00479,CTR-INC-008,INC,부모-자녀 갈등,1,1,0,0
CNS-INC-00479,CTR-INC-008,INC,기타 가족관계,2,2,0,0
CNS-INC-00480,CTR-INC-008,INC,부부갈등,3,2,1,0
CNS-INC-00480,CTR-INC-008,INC,부모-자녀 갈등,2,2,0,0
CNS-INC-00480,CTR-INC-008,INC,기타 가족관계,3,2,1,0
CNS-INC-00480,CTR-INC-008,INC,이혼 전후,1,1,0,0
CNS-INC-00481,CTR-INC-008,INC,부부갈등,3,3,0,0
CNS-INC-00481,CTR-INC-008,INC,부모-자녀 갈등,2,2,0,0
CNS-INC-00481,CTR-INC-008,INC,기타 가족관계,3,3,0,0
CNS-INC-00482,CTR-INC-008,INC,부부갈등,3,3,0,0
CNS-INC-00482,CTR-INC-008,INC,부모-자녀 갈등,2,2,0,0
CNS-INC-00482,CTR-INC-008,INC,기타 가족관계,3,3,0,0
CNS-INC-00482,CTR-INC-008,INC,이혼 전후,1,1,0,0
CNS-INC-00483,CTR-INC-008,INC,부부갈등,3,2,1,0
CNS-INC-00483,CTR-INC-008,INC,부모-자녀 갈등,2,2,0,0
CNS-INC-00483,CTR-INC-008,INC,기타 가족관계,3,2,1,0
CNS-INC-00484,CTR-INC-009,INC,부부갈등,3,2,1,0
CNS-INC-00484,CTR-INC-009,INC,부모-자녀 갈등,2,2,0,0
CNS-INC-00484,CTR-INC-009,INC,기타 가족관계,3,2,1,0
CNS-INC-00484,CTR-INC-009,INC,이혼 전후,1,1,0,0
CNS-INC-00485,CTR-INC-009,INC,부부갈등,3,2,1,0
CNS-INC-00485,CTR-INC-009,INC,부모-자녀 갈등,2,1,1,0
CNS-INC-00485,CTR-INC-009,INC,기타 가족관계,2,2,0,0
CNS-INC-00486,CTR-INC-009,INC,부부갈등,3,3,0,0
CNS-INC-00486,CTR-INC-009,INC,부모-자녀 갈등,2,2,0,0
CNS-INC-00486,CTR-INC-009,INC,기타 가족관계,3,3,0,0
CNS-INC-00487,CTR-INC-009,INC,부부갈등,1,1,0,0
CNS-INC-00487,CTR-INC-009,INC,부모-자녀 갈등,1,1,0,0
CNS-INC-00487,CTR-INC-009,INC,기타 가족관계,1,1,0,0
CNS-INC-00488,CTR-INC-009,INC,부부갈등,3,2,1,0
CNS-INC-00488,CTR-INC-009,INC,부모-자녀 갈등,3,2,1,0
CNS-INC-00488,CTR-INC-009,INC,기타 가족관계,3,2,1,0
CNS-INC-00488,CTR-INC-009,INC,이혼 전후,1,1,0,0
CNS-INC-00489,CTR-INC-009,INC,부부갈등,3,2,1,0
CNS-INC-00489,CTR-INC-009,INC,부모-자녀 갈등,2,2,0,0
CNS-INC-00489,CTR-INC-009,INC,기타 가족관계,2,2,0,0
CNS-INC-00490,CTR-INC-009,INC,부부갈등,3,2,1,0
CNS-INC-00490,CTR-INC-009,INC,부모-자녀 갈등,2,2,0,0
CNS-INC-00490,CTR-INC-009,INC,기타 가족관계,3,2,1,0
CNS-INC-00491,CTR-INC-009,INC,부부갈등,2,2,0,0
CNS-INC-00491,CTR-INC-009,INC,부모-자녀 갈등,1,1,0,0
CNS-INC-00491,CTR-INC-009,INC,기타 가족관계,2,2,0,0
CNS-INC-00492,CTR-INC-010,INC,부부갈등,3,2,1,0
CNS-INC-00492,CTR-INC-010,INC,부모-자녀 갈등,2,2,0,0
CNS-INC-00492,CTR-INC-010,INC,기타 가족관계,2,2,0,0
CNS-INC-00493,CTR-INC-010,INC,부부갈등,5,4,1,0
CNS-INC-00493,CTR-INC-010,INC,부모-자녀 갈등,4,3,1,0
CNS-INC-00493,CTR-INC-010,INC,기타 가족관계,5,4,1,0
CNS-INC-00493,CTR-INC-010,INC,이혼 전후,1,1,0,0
CNS-INC-00494,CTR-INC-010,INC,부부갈등,3,3,0,0
CNS-INC-00494,CTR-INC-010,INC,부모-자녀 갈등,3,2,1,0
CNS-INC-00494,CTR-INC-010,INC,기타 가족관계,3,2,1,0
CNS-INC-00494,CTR-INC-010,INC,이혼 전후,1,1,0,0
CNS-INC-00495,CTR-INC-010,INC,부부갈등,2,2,0,0
CNS-INC-00495,CTR-INC-010,INC,부모-자녀 갈등,2,2,0,0
CNS-INC-00495,CTR-INC-010,INC,기타 가족관계,2,2,0,0
CNS-INC-00496,CTR-INC-010,INC,부부갈등,3,3,0,0
CNS-INC-00496,CTR-INC-010,INC,부모-자녀 갈등,2,2,0,0
CNS-INC-00496,CTR-INC-010,INC,기타 가족관계,3,2,1,0
CNS-INC-00496,CTR-INC-010,INC,이혼 전후,1,1,0,0
CNS-INC-00497,CTR-INC-010,INC,부부갈등,2,2,0,0
CNS-INC-00497,CTR-INC-010,INC,부모-자녀 갈등,2,2,0,0
CNS-INC-00497,CTR-INC-010,INC,기타 가족관계,2,2,0,0
CNS-INC-00498,CTR-INC-010,INC,부부갈등,3,2,1,0
CNS-INC-00498,CTR-INC-010,INC,부모-자녀 갈등,3,3,0,0
CNS-INC-00498,CTR-INC-010,INC,기타 가족관계,3,2,1,0
CNS-INC-00498,CTR-INC-010,INC,이혼 전후,1,1,0,0
CNS-INC-00499,CTR-INC-010,INC,부부갈등,3,2,1,0
CNS-INC-00499,CTR-INC-010,INC,부모-자녀 갈등,2,2,0,0
CNS-INC-00499,CTR-INC-010,INC,기타 가족관계,2,1,1,0
CNS-INC-00500,CTR-INC-011,INC,부부갈등,5,4,1,0
CNS-INC-00500,CTR-INC-011,INC,부모-자녀 갈등,4,3,1,0
CNS-INC-00500,CTR-INC-011,INC,기타 가족관계,5,4,1,0
CNS-INC-00500,CTR-INC-011,INC,이혼 전후,1,1,0,0
CNS-INC-00501,CTR-INC-011,INC,부부갈등,5,4,1,0
CNS-INC-00501,CTR-INC-011,INC,부모-자녀 갈등,3,2,1,0
CNS-INC-00501,CTR-INC-011,INC,기타 가족관계,4,3,1,0
CNS-INC-00501,CTR-INC-011,INC,이혼 전후,1,1,0,0
CNS-INC-00502,CTR-INC-011,INC,부부갈등,3,2,1,0
CNS-INC-00502,CTR-INC-011,INC,부모-자녀 갈등,2,2,0,0
CNS-INC-00502,CTR-INC-011,INC,기타 가족관계,3,3,0,0
CNS-INC-00503,CTR-INC-011,INC,부부갈등,3,3,0,0
CNS-INC-00503,CTR-INC-011,INC,부모-자녀 갈등,2,2,0,0
CNS-INC-00503,CTR-INC-011,INC,기타 가족관계,2,2,0,0
CNS-INC-00504,CTR-INC-011,INC,부부갈등,2,2,0,0
CNS-INC-00504,CTR-INC-011,INC,부모-자녀 갈등,2,1,1,0
CNS-INC-00504,CTR-INC-011,INC,기타 가족관계,2,2,0,0
CNS-INC-00505,CTR-INC-011,INC,부부갈등,3,2,1,0
CNS-INC-00505,CTR-INC-011,INC,부모-자녀 갈등,2,2,0,0
CNS-INC-00505,CTR-INC-011,INC,기타 가족관계,3,3,0,0
CNS-INC-00506,CTR-INC-011,INC,부부갈등,2,2,0,0
CNS-INC-00506,CTR-INC-011,INC,부모-자녀 갈등,2,2,0,0
CNS-INC-00506,CTR-INC-011,INC,기타 가족관계,2,2,0,0
CNS-INC-00507,CTR-INC-011,INC,부부갈등,3,2,1,0
CNS-INC-00507,CTR-INC-011,INC,부모-자녀 갈등,2,2,0,0
CNS-INC-00507,CTR-INC-011,INC,기타 가족관계,3,2,1,0
CNS-GWJ-00508,CTR-GWJ-001,GWJ,부부갈등,4,3,1,0
CNS-GWJ-00508,CTR-GWJ-001,GWJ,부모-자녀 갈등,3,2,1,0
CNS-GWJ-00508,CTR-GWJ-001,GWJ,기타 가족관계,4,3,1,0
CNS-GWJ-00508,CTR-GWJ-001,GWJ,이혼 전후,1,1,0,0
CNS-GWJ-00509,CTR-GWJ-001,GWJ,부부갈등,5,4,1,0
CNS-GWJ-00509,CTR-GWJ-001,GWJ,부모-자녀 갈등,4,3,1,0
CNS-GWJ-00509,CTR-GWJ-001,GWJ,기타 가족관계,4,3,1,0
CNS-GWJ-00509,CTR-GWJ-001,GWJ,이혼 전후,1,1,0,0
CNS-GWJ-00510,CTR-GWJ-001,GWJ,부부갈등,3,3,0,0
CNS-GWJ-00510,CTR-GWJ-001,GWJ,부모-자녀 갈등,2,2,0,0
CNS-GWJ-00510,CTR-GWJ-001,GWJ,기타 가족관계,2,2,0,0
CNS-GWJ-00511,CTR-GWJ-001,GWJ,부부갈등,2,2,0,0
CNS-GWJ-00511,CTR-GWJ-001,GWJ,부모-자녀 갈등,1,1,0,0
CNS-GWJ-00511,CTR-GWJ-001,GWJ,기타 가족관계,1,1,0,0
CNS-GWJ-00512,CTR-GWJ-001,GWJ,부부갈등,3,2,1,0
CNS-GWJ-00512,CTR-GWJ-001,GWJ,부모-자녀 갈등,2,2,0,0
CNS-GWJ-00512,CTR-GWJ-001,GWJ,기타 가족관계,2,2,0,0
CNS-GWJ-00513,CTR-GWJ-001,GWJ,부부갈등,3,3,0,0
CNS-GWJ-00513,CTR-GWJ-001,GWJ,부모-자녀 갈등,2,2,0,0
CNS-GWJ-00513,CTR-GWJ-001,GWJ,기타 가족관계,2,2,0,0
CNS-GWJ-00514,CTR-GWJ-001,GWJ,부부갈등,3,2,1,0
CNS-GWJ-00514,CTR-GWJ-001,GWJ,부모-자녀 갈등,3,3,0,0
CNS-GWJ-00514,CTR-GWJ-001,GWJ,기타 가족관계,3,2,1,0
CNS-GWJ-00514,CTR-GWJ-001,GWJ,이혼 전후,1,1,0,0
CNS-GWJ-00515,CTR-GWJ-002,GWJ,부부갈등,3,2,1,0
CNS-GWJ-00515,CTR-GWJ-002,GWJ,부모-자녀 갈등,3,2,1,0
CNS-GWJ-00515,CTR-GWJ-002,GWJ,기타 가족관계,3,2,1,0
CNS-GWJ-00515,CTR-GWJ-002,GWJ,이혼 전후,1,1,0,0
CNS-GWJ-00516,CTR-GWJ-002,GWJ,부부갈등,5,4,1,0
CNS-GWJ-00516,CTR-GWJ-002,GWJ,부모-자녀 갈등,3,2,1,0
CNS-GWJ-00516,CTR-GWJ-002,GWJ,기타 가족관계,4,3,1,0
CNS-GWJ-00516,CTR-GWJ-002,GWJ,이혼 전후,1,1,0,0
CNS-GWJ-00517,CTR-GWJ-002,GWJ,부부갈등,2,2,0,0
CNS-GWJ-00517,CTR-GWJ-002,GWJ,부모-자녀 갈등,1,1,0,0
CNS-GWJ-00517,CTR-GWJ-002,GWJ,기타 가족관계,2,2,0,0
CNS-GWJ-00518,CTR-GWJ-002,GWJ,부부갈등,2,2,0,0
CNS-GWJ-00518,CTR-GWJ-002,GWJ,부모-자녀 갈등,2,2,0,0
CNS-GWJ-00518,CTR-GWJ-002,GWJ,기타 가족관계,2,2,0,0
CNS-GWJ-00519,CTR-GWJ-002,GWJ,부부갈등,4,3,1,0
CNS-GWJ-00519,CTR-GWJ-002,GWJ,부모-자녀 갈등,3,2,1,0
CNS-GWJ-00519,CTR-GWJ-002,GWJ,기타 가족관계,4,3,1,0
CNS-GWJ-00520,CTR-GWJ-002,GWJ,부부갈등,2,2,0,0
CNS-GWJ-00520,CTR-GWJ-002,GWJ,부모-자녀 갈등,1,1,0,0
CNS-GWJ-00520,CTR-GWJ-002,GWJ,기타 가족관계,2,2,0,0
CNS-GWJ-00521,CTR-GWJ-002,GWJ,부부갈등,3,3,0,0
CNS-GWJ-00521,CTR-GWJ-002,GWJ,부모-자녀 갈등,2,2,0,0
CNS-GWJ-00521,CTR-GWJ-002,GWJ,기타 가족관계,3,2,1,0
CNS-GWJ-00522,CTR-GWJ-002,GWJ,부부갈등,2,2,0,0
CNS-GWJ-00522,CTR-GWJ-002,GWJ,부모-자녀 갈등,2,2,0,0
CNS-GWJ-00522,CTR-GWJ-002,GWJ,기타 가족관계,2,2,0,0
CNS-GWJ-00523,CTR-GWJ-003,GWJ,부부갈등,6,5,1,0
CNS-GWJ-00523,CTR-GWJ-003,GWJ,부모-자녀 갈등,4,3,1,0
CNS-GWJ-00523,CTR-GWJ-003,GWJ,기타 가족관계,5,4,1,0
CNS-GWJ-00523,CTR-GWJ-003,GWJ,이혼 전후,1,1,0,0
CNS-GWJ-00524,CTR-GWJ-003,GWJ,부부갈등,4,3,1,0
CNS-GWJ-00524,CTR-GWJ-003,GWJ,부모-자녀 갈등,3,3,0,0
CNS-GWJ-00524,CTR-GWJ-003,GWJ,기타 가족관계,4,3,1,0
CNS-GWJ-00524,CTR-GWJ-003,GWJ,이혼 전후,1,1,0,0
CNS-GWJ-00525,CTR-GWJ-003,GWJ,부부갈등,3,2,1,0
CNS-GWJ-00525,CTR-GWJ-003,GWJ,부모-자녀 갈등,3,3,0,0
CNS-GWJ-00525,CTR-GWJ-003,GWJ,기타 가족관계,3,2,1,0
CNS-GWJ-00525,CTR-GWJ-003,GWJ,이혼 전후,1,1,0,0
CNS-GWJ-00526,CTR-GWJ-003,GWJ,부부갈등,3,2,1,0
CNS-GWJ-00526,CTR-GWJ-003,GWJ,부모-자녀 갈등,2,2,0,0
CNS-GWJ-00526,CTR-GWJ-003,GWJ,기타 가족관계,3,2,1,0
CNS-GWJ-00526,CTR-GWJ-003,GWJ,이혼 전후,1,1,0,0
CNS-GWJ-00527,CTR-GWJ-003,GWJ,부부갈등,3,3,0,0
CNS-GWJ-00527,CTR-GWJ-003,GWJ,부모-자녀 갈등,2,2,0,0
CNS-GWJ-00527,CTR-GWJ-003,GWJ,기타 가족관계,2,2,0,0
CNS-GWJ-00528,CTR-GWJ-003,GWJ,부부갈등,2,2,0,0
CNS-GWJ-00528,CTR-GWJ-003,GWJ,부모-자녀 갈등,2,2,0,0
CNS-GWJ-00528,CTR-GWJ-003,GWJ,기타 가족관계,2,2,0,0
CNS-GWJ-00529,CTR-GWJ-003,GWJ,부부갈등,3,3,0,0
CNS-GWJ-00529,CTR-GWJ-003,GWJ,부모-자녀 갈등,3,2,1,0
CNS-GWJ-00529,CTR-GWJ-003,GWJ,기타 가족관계,3,3,0,0
CNS-GWJ-00529,CTR-GWJ-003,GWJ,이혼 전후,1,1,0,0
CNS-GWJ-00530,CTR-GWJ-003,GWJ,부부갈등,3,2,1,0
CNS-GWJ-00530,CTR-GWJ-003,GWJ,부모-자녀 갈등,3,2,1,0
CNS-GWJ-00530,CTR-GWJ-003,GWJ,기타 가족관계,3,3,0,0
CNS-GWJ-00530,CTR-GWJ-003,GWJ,이혼 전후,1,1,0,0
CNS-GWJ-00531,CTR-GWJ-004,GWJ,부부갈등,5,4,1,0
CNS-GWJ-00531,CTR-GWJ-004,GWJ,부모-자녀 갈등,4,3,1,0
CNS-GWJ-00531,CTR-GWJ-004,GWJ,기타 가족관계,5,4,1,0
CNS-GWJ-00531,CTR-GWJ-004,GWJ,이혼 전후,1,1,0,0
CNS-GWJ-00532,CTR-GWJ-004,GWJ,부부갈등,4,3,1,0
CNS-GWJ-00532,CTR-GWJ-004,GWJ,부모-자녀 갈등,3,3,0,0
CNS-GWJ-00532,CTR-GWJ-004,GWJ,기타 가족관계,4,3,1,0
CNS-GWJ-00533,CTR-GWJ-004,GWJ,부부갈등,3,2,1,0
CNS-GWJ-00533,CTR-GWJ-004,GWJ,부모-자녀 갈등,2,2,0,0
CNS-GWJ-00533,CTR-GWJ-004,GWJ,기타 가족관계,3,2,1,0
CNS-GWJ-00533,CTR-GWJ-004,GWJ,이혼 전후,1,1,0,0
CNS-GWJ-00534,CTR-GWJ-004,GWJ,부부갈등,2,2,0,0
CNS-GWJ-00534,CTR-GWJ-004,GWJ,부모-자녀 갈등,1,1,0,0
CNS-GWJ-00534,CTR-GWJ-004,GWJ,기타 가족관계,2,2,0,0
CNS-GWJ-00535,CTR-GWJ-004,GWJ,부부갈등,3,2,1,0
CNS-GWJ-00535,CTR-GWJ-004,GWJ,부모-자녀 갈등,2,2,0,0
CNS-GWJ-00535,CTR-GWJ-004,GWJ,기타 가족관계,2,2,0,0
CNS-GWJ-00536,CTR-GWJ-004,GWJ,부부갈등,3,3,0,0
CNS-GWJ-00536,CTR-GWJ-004,GWJ,부모-자녀 갈등,2,2,0,0
CNS-GWJ-00536,CTR-GWJ-004,GWJ,기타 가족관계,3,3,0,0
CNS-GWJ-00536,CTR-GWJ-004,GWJ,이혼 전후,1,1,0,0
CNS-GWJ-00537,CTR-GWJ-004,GWJ,부부갈등,3,2,1,0
CNS-GWJ-00537,CTR-GWJ-004,GWJ,부모-자녀 갈등,2,2,0,0
CNS-GWJ-00537,CTR-GWJ-004,GWJ,기타 가족관계,3,3,0,0
CNS-GWJ-00537,CTR-GWJ-004,GWJ,이혼 전후,1,1,0,0
CNS-GWJ-00538,CTR-GWJ-004,GWJ,부부갈등,5,4,1,0
CNS-GWJ-00538,CTR-GWJ-004,GWJ,부모-자녀 갈등,4,3,1,0
CNS-GWJ-00538,CTR-GWJ-004,GWJ,기타 가족관계,4,3,1,0
CNS-GWJ-00538,CTR-GWJ-004,GWJ,이혼 전후,1,1,0,0
CNS-GWJ-00539,CTR-GWJ-005,GWJ,부부갈등,4,3,1,0
CNS-GWJ-00539,CTR-GWJ-005,GWJ,부모-자녀 갈등,3,2,1,0
CNS-GWJ-00539,CTR-GWJ-005,GWJ,기타 가족관계,4,3,1,0
CNS-GWJ-00540,CTR-GWJ-005,GWJ,부부갈등,4,3,1,0
CNS-GWJ-00540,CTR-GWJ-005,GWJ,부모-자녀 갈등,3,3,0,0
CNS-GWJ-00540,CTR-GWJ-005,GWJ,기타 가족관계,4,3,1,0
CNS-GWJ-00540,CTR-GWJ-005,GWJ,이혼 전후,1,1,0,0
CNS-GWJ-00541,CTR-GWJ-005,GWJ,부부갈등,3,2,1,0
CNS-GWJ-00541,CTR-GWJ-005,GWJ,부모-자녀 갈등,2,2,0,0
CNS-GWJ-00541,CTR-GWJ-005,GWJ,기타 가족관계,2,2,0,0
CNS-GWJ-00542,CTR-GWJ-005,GWJ,부부갈등,2,2,0,0
CNS-GWJ-00542,CTR-GWJ-005,GWJ,부모-자녀 갈등,1,1,0,0
CNS-GWJ-00542,CTR-GWJ-005,GWJ,기타 가족관계,2,2,0,0
CNS-GWJ-00543,CTR-GWJ-005,GWJ,부부갈등,3,3,0,0
CNS-GWJ-00543,CTR-GWJ-005,GWJ,부모-자녀 갈등,2,1,1,0
CNS-GWJ-00543,CTR-GWJ-005,GWJ,기타 가족관계,2,2,0,0
CNS-GWJ-00544,CTR-GWJ-005,GWJ,부부갈등,1,1,0,0
CNS-GWJ-00544,CTR-GWJ-005,GWJ,부모-자녀 갈등,1,1,0,0
CNS-GWJ-00544,CTR-GWJ-005,GWJ,기타 가족관계,1,1,0,0
CNS-GWJ-00545,CTR-GWJ-005,GWJ,부부갈등,3,3,0,0
CNS-GWJ-00545,CTR-GWJ-005,GWJ,부모-자녀 갈등,2,2,0,0
CNS-GWJ-00545,CTR-GWJ-005,GWJ,기타 가족관계,3,2,1,0
CNS-GWJ-00545,CTR-GWJ-005,GWJ,이혼 전후,1,1,0,0
CNS-GWJ-00546,CTR-GWJ-005,GWJ,부부갈등,3,3,0,0
CNS-GWJ-00546,CTR-GWJ-005,GWJ,부모-자녀 갈등,2,2,0,0
CNS-GWJ-00546,CTR-GWJ-005,GWJ,기타 가족관계,3,2,1,0
CNS-DJN-00547,CTR-DJN-001,DJN,부부갈등,3,2,1,0
CNS-DJN-00547,CTR-DJN-001,DJN,부모-자녀 갈등,2,2,0,0
CNS-DJN-00547,CTR-DJN-001,DJN,기타 가족관계,3,2,1,0
CNS-DJN-00547,CTR-DJN-001,DJN,이혼 전후,1,1,0,0
CNS-DJN-00548,CTR-DJN-001,DJN,부부갈등,5,4,1,0
CNS-DJN-00548,CTR-DJN-001,DJN,부모-자녀 갈등,4,3,1,0
CNS-DJN-00548,CTR-DJN-001,DJN,기타 가족관계,4,3,1,0
CNS-DJN-00548,CTR-DJN-001,DJN,이혼 전후,1,1,0,0
CNS-DJN-00549,CTR-DJN-001,DJN,부부갈등,3,2,1,0
CNS-DJN-00549,CTR-DJN-001,DJN,부모-자녀 갈등,3,2,1,0
CNS-DJN-00549,CTR-DJN-001,DJN,기타 가족관계,3,3,0,0
CNS-DJN-00549,CTR-DJN-001,DJN,이혼 전후,1,1,0,0
CNS-DJN-00550,CTR-DJN-001,DJN,부부갈등,2,2,0,0
CNS-DJN-00550,CTR-DJN-001,DJN,부모-자녀 갈등,2,2,0,0
CNS-DJN-00550,CTR-DJN-001,DJN,기타 가족관계,2,2,0,0
CNS-DJN-00551,CTR-DJN-001,DJN,부부갈등,3,2,1,0
CNS-DJN-00551,CTR-DJN-001,DJN,부모-자녀 갈등,2,2,0,0
CNS-DJN-00551,CTR-DJN-001,DJN,기타 가족관계,3,2,1,0
CNS-DJN-00552,CTR-DJN-001,DJN,부부갈등,3,2,1,0
CNS-DJN-00552,CTR-DJN-001,DJN,부모-자녀 갈등,2,2,0,0
CNS-DJN-00552,CTR-DJN-001,DJN,기타 가족관계,2,2,0,0
CNS-DJN-00553,CTR-DJN-001,DJN,부부갈등,3,3,0,0
CNS-DJN-00553,CTR-DJN-001,DJN,부모-자녀 갈등,2,2,0,0
CNS-DJN-00553,CTR-DJN-001,DJN,기타 가족관계,3,2,1,0
CNS-DJN-00553,CTR-DJN-001,DJN,이혼 전후,1,1,0,0
CNS-DJN-00554,CTR-DJN-001,DJN,부부갈등,2,2,0,0
CNS-DJN-00554,CTR-DJN-001,DJN,부모-자녀 갈등,2,2,0,0
CNS-DJN-00554,CTR-DJN-001,DJN,기타 가족관계,2,2,0,0
CNS-DJN-00555,CTR-DJN-002,DJN,부부갈등,3,2,1,0
CNS-DJN-00555,CTR-DJN-002,DJN,부모-자녀 갈등,3,3,0,0
CNS-DJN-00555,CTR-DJN-002,DJN,기타 가족관계,3,2,1,0
CNS-DJN-00555,CTR-DJN-002,DJN,이혼 전후,1,1,0,0
CNS-DJN-00556,CTR-DJN-002,DJN,부부갈등,3,3,0,0
CNS-DJN-00556,CTR-DJN-002,DJN,부모-자녀 갈등,3,3,0,0
CNS-DJN-00556,CTR-DJN-002,DJN,기타 가족관계,3,2,1,0
CNS-DJN-00556,CTR-DJN-002,DJN,이혼 전후,1,1,0,0
CNS-DJN-00557,CTR-DJN-002,DJN,부부갈등,3,3,0,0
CNS-DJN-00557,CTR-DJN-002,DJN,부모-자녀 갈등,2,2,0,0
CNS-DJN-00557,CTR-DJN-002,DJN,기타 가족관계,2,2,0,0
CNS-DJN-00558,CTR-DJN-002,DJN,부부갈등,2,2,0,0
CNS-DJN-00558,CTR-DJN-002,DJN,부모-자녀 갈등,2,2,0,0
CNS-DJN-00558,CTR-DJN-002,DJN,기타 가족관계,2,2,0,0
CNS-DJN-00559,CTR-DJN-002,DJN,부부갈등,3,3,0,0
CNS-DJN-00559,CTR-DJN-002,DJN,부모-자녀 갈등,2,2,0,0
CNS-DJN-00559,CTR-DJN-002,DJN,기타 가족관계,3,2,1,0
CNS-DJN-00559,CTR-DJN-002,DJN,이혼 전후,1,1,0,0
CNS-DJN-00560,CTR-DJN-002,DJN,부부갈등,2,2,0,0
CNS-DJN-00560,CTR-DJN-002,DJN,부모-자녀 갈등,2,2,0,0
CNS-DJN-00560,CTR-DJN-002,DJN,기타 가족관계,2,2,0,0
CNS-DJN-00561,CTR-DJN-002,DJN,부부갈등,2,2,0,0
CNS-DJN-00561,CTR-DJN-002,DJN,부모-자녀 갈등,2,2,0,0
CNS-DJN-00561,CTR-DJN-002,DJN,기타 가족관계,2,2,0,0
CNS-DJN-00562,CTR-DJN-002,DJN,부부갈등,3,3,0,0
CNS-DJN-00562,CTR-DJN-002,DJN,부모-자녀 갈등,2,2,0,0
CNS-DJN-00562,CTR-DJN-002,DJN,기타 가족관계,3,2,1,0
CNS-DJN-00562,CTR-DJN-002,DJN,이혼 전후,1,1,0,0
CNS-DJN-00563,CTR-DJN-003,DJN,부부갈등,5,4,1,0
CNS-DJN-00563,CTR-DJN-003,DJN,부모-자녀 갈등,3,3,0,0
CNS-DJN-00563,CTR-DJN-003,DJN,기타 가족관계,4,3,1,0
CNS-DJN-00563,CTR-DJN-003,DJN,이혼 전후,1,1,0,0
CNS-DJN-00564,CTR-DJN-003,DJN,부부갈등,4,3,1,0
CNS-DJN-00564,CTR-DJN-003,DJN,부모-자녀 갈등,3,3,0,0
CNS-DJN-00564,CTR-DJN-003,DJN,기타 가족관계,4,3,1,0
CNS-DJN-00564,CTR-DJN-003,DJN,이혼 전후,1,1,0,0
CNS-DJN-00565,CTR-DJN-003,DJN,부부갈등,3,2,1,0
CNS-DJN-00565,CTR-DJN-003,DJN,부모-자녀 갈등,2,2,0,0
CNS-DJN-00565,CTR-DJN-003,DJN,기타 가족관계,3,3,0,0
CNS-DJN-00565,CTR-DJN-003,DJN,이혼 전후,1,1,0,0
CNS-DJN-00566,CTR-DJN-003,DJN,부부갈등,4,3,1,0
CNS-DJN-00566,CTR-DJN-003,DJN,부모-자녀 갈등,3,3,0,0
CNS-DJN-00566,CTR-DJN-003,DJN,기타 가족관계,4,3,1,0
CNS-DJN-00567,CTR-DJN-003,DJN,부부갈등,3,2,1,0
CNS-DJN-00567,CTR-DJN-003,DJN,부모-자녀 갈등,3,3,0,0
CNS-DJN-00567,CTR-DJN-003,DJN,기타 가족관계,3,3,0,0
CNS-DJN-00567,CTR-DJN-003,DJN,이혼 전후,1,1,0,0
CNS-DJN-00568,CTR-DJN-003,DJN,부부갈등,2,2,0,0
CNS-DJN-00568,CTR-DJN-003,DJN,부모-자녀 갈등,2,2,0,0
CNS-DJN-00568,CTR-DJN-003,DJN,기타 가족관계,2,2,0,0
CNS-DJN-00569,CTR-DJN-003,DJN,부부갈등,3,2,1,0
CNS-DJN-00569,CTR-DJN-003,DJN,부모-자녀 갈등,2,2,0,0
CNS-DJN-00569,CTR-DJN-003,DJN,기타 가족관계,3,3,0,0
CNS-DJN-00570,CTR-DJN-004,DJN,부부갈등,4,3,1,0
CNS-DJN-00570,CTR-DJN-004,DJN,부모-자녀 갈등,3,3,0,0
CNS-DJN-00570,CTR-DJN-004,DJN,기타 가족관계,4,4,0,0
CNS-DJN-00570,CTR-DJN-004,DJN,이혼 전후,1,1,0,0
CNS-DJN-00571,CTR-DJN-004,DJN,부부갈등,3,3,0,0
CNS-DJN-00571,CTR-DJN-004,DJN,부모-자녀 갈등,2,2,0,0
CNS-DJN-00571,CTR-DJN-004,DJN,기타 가족관계,3,2,1,0
CNS-DJN-00572,CTR-DJN-004,DJN,부부갈등,4,4,0,0
CNS-DJN-00572,CTR-DJN-004,DJN,부모-자녀 갈등,3,2,1,0
CNS-DJN-00572,CTR-DJN-004,DJN,기타 가족관계,4,3,1,0
CNS-DJN-00572,CTR-DJN-004,DJN,이혼 전후,1,1,0,0
CNS-DJN-00573,CTR-DJN-004,DJN,부부갈등,3,2,1,0
CNS-DJN-00573,CTR-DJN-004,DJN,부모-자녀 갈등,2,2,0,0
CNS-DJN-00573,CTR-DJN-004,DJN,기타 가족관계,3,2,1,0
CNS-DJN-00574,CTR-DJN-004,DJN,부부갈등,1,1,0,0
CNS-DJN-00574,CTR-DJN-004,DJN,부모-자녀 갈등,1,1,0,0
CNS-DJN-00574,CTR-DJN-004,DJN,기타 가족관계,1,1,0,0
CNS-DJN-00575,CTR-DJN-004,DJN,부부갈등,3,3,0,0
CNS-DJN-00575,CTR-DJN-004,DJN,부모-자녀 갈등,2,2,0,0
CNS-DJN-00575,CTR-DJN-004,DJN,기타 가족관계,2,2,0,0
CNS-DJN-00576,CTR-DJN-004,DJN,부부갈등,3,2,1,0
CNS-DJN-00576,CTR-DJN-004,DJN,부모-자녀 갈등,3,3,0,0
CNS-DJN-00576,CTR-DJN-004,DJN,기타 가족관계,3,2,1,0
CNS-DJN-00576,CTR-DJN-004,DJN,이혼 전후,1,1,0,0
CNS-DJN-00577,CTR-DJN-004,DJN,부부갈등,1,1,0,0
CNS-DJN-00577,CTR-DJN-004,DJN,부모-자녀 갈등,1,1,0,0
CNS-DJN-00577,CTR-DJN-004,DJN,기타 가족관계,1,1,0,0
CNS-USN-00578,CTR-USN-001,USN,부부갈등,5,4,1,0
CNS-USN-00578,CTR-USN-001,USN,부모-자녀 갈등,4,3,1,0
CNS-USN-00578,CTR-USN-001,USN,기타 가족관계,4,3,1,0
CNS-USN-00578,CTR-USN-001,USN,이혼 전후,1,1,0,0
CNS-USN-00579,CTR-USN-001,USN,부부갈등,5,4,1,0
CNS-USN-00579,CTR-USN-001,USN,부모-자녀 갈등,4,3,1,0
CNS-USN-00579,CTR-USN-001,USN,기타 가족관계,4,3,1,0
CNS-USN-00579,CTR-USN-001,USN,이혼 전후,1,1,0,0
CNS-USN-00580,CTR-USN-001,USN,부부갈등,4,3,1,0
CNS-USN-00580,CTR-USN-001,USN,부모-자녀 갈등,3,2,1,0
CNS-USN-00580,CTR-USN-001,USN,기타 가족관계,4,4,0,0
CNS-USN-00581,CTR-USN-001,USN,부부갈등,2,2,0,0
CNS-USN-00581,CTR-USN-001,USN,부모-자녀 갈등,2,2,0,0
CNS-USN-00581,CTR-USN-001,USN,기타 가족관계,2,2,0,0
CNS-USN-00582,CTR-USN-001,USN,부부갈등,3,3,0,0
CNS-USN-00582,CTR-USN-001,USN,부모-자녀 갈등,3,2,1,0
CNS-USN-00582,CTR-USN-001,USN,기타 가족관계,3,2,1,0
CNS-USN-00582,CTR-USN-001,USN,이혼 전후,1,1,0,0
CNS-USN-00583,CTR-USN-001,USN,부부갈등,3,3,0,0
CNS-USN-00583,CTR-USN-001,USN,부모-자녀 갈등,3,2,1,0
CNS-USN-00583,CTR-USN-001,USN,기타 가족관계,3,2,1,0
CNS-USN-00583,CTR-USN-001,USN,이혼 전후,1,1,0,0
CNS-USN-00584,CTR-USN-001,USN,부부갈등,2,2,0,0
CNS-USN-00584,CTR-USN-001,USN,부모-자녀 갈등,2,2,0,0
CNS-USN-00584,CTR-USN-001,USN,기타 가족관계,2,2,0,0
CNS-USN-00585,CTR-USN-001,USN,부부갈등,3,2,1,0
CNS-USN-00585,CTR-USN-001,USN,부모-자녀 갈등,2,2,0,0
CNS-USN-00585,CTR-USN-001,USN,기타 가족관계,2,2,0,0
CNS-USN-00586,CTR-USN-002,USN,부부갈등,2,2,0,0
CNS-USN-00586,CTR-USN-002,USN,부모-자녀 갈등,2,2,0,0
CNS-USN-00586,CTR-USN-002,USN,기타 가족관계,2,2,0,0
CNS-USN-00587,CTR-USN-002,USN,부부갈등,3,2,1,0
CNS-USN-00587,CTR-USN-002,USN,부모-자녀 갈등,2,2,0,0
CNS-USN-00587,CTR-USN-002,USN,기타 가족관계,3,3,0,0
CNS-USN-00587,CTR-USN-002,USN,이혼 전후,1,1,0,0
CNS-USN-00588,CTR-USN-002,USN,부부갈등,3,2,1,0
CNS-USN-00588,CTR-USN-002,USN,부모-자녀 갈등,2,2,0,0
CNS-USN-00588,CTR-USN-002,USN,기타 가족관계,3,3,0,0
CNS-USN-00588,CTR-USN-002,USN,이혼 전후,1,1,0,0
CNS-USN-00589,CTR-USN-002,USN,부부갈등,3,2,1,0
CNS-USN-00589,CTR-USN-002,USN,부모-자녀 갈등,3,2,1,0
CNS-USN-00589,CTR-USN-002,USN,기타 가족관계,3,2,1,0
CNS-USN-00589,CTR-USN-002,USN,이혼 전후,1,1,0,0
CNS-USN-00590,CTR-USN-002,USN,부부갈등,3,2,1,0
CNS-USN-00590,CTR-USN-002,USN,부모-자녀 갈등,2,2,0,0
CNS-USN-00590,CTR-USN-002,USN,기타 가족관계,3,3,0,0
CNS-USN-00591,CTR-USN-002,USN,부부갈등,3,2,1,0
CNS-USN-00591,CTR-USN-002,USN,부모-자녀 갈등,2,2,0,0
CNS-USN-00591,CTR-USN-002,USN,기타 가족관계,3,2,1,0
CNS-USN-00592,CTR-USN-002,USN,부부갈등,4,3,1,0
CNS-USN-00592,CTR-USN-002,USN,부모-자녀 갈등,3,2,1,0
CNS-USN-00592,CTR-USN-002,USN,기타 가족관계,4,3,1,0
CNS-USN-00593,CTR-USN-002,USN,부부갈등,2,2,0,0
CNS-USN-00593,CTR-USN-002,USN,부모-자녀 갈등,2,2,0,0
CNS-USN-00593,CTR-USN-002,USN,기타 가족관계,2,2,0,0
CNS-USN-00594,CTR-USN-002,USN,부부갈등,2,2,0,0
CNS-USN-00594,CTR-USN-002,USN,부모-자녀 갈등,1,1,0,0
CNS-USN-00594,CTR-USN-002,USN,기타 가족관계,2,2,0,0
CNS-USN-00595,CTR-USN-003,USN,부부갈등,5,4,1,0
CNS-USN-00595,CTR-USN-003,USN,부모-자녀 갈등,4,3,1,0
CNS-USN-00595,CTR-USN-003,USN,기타 가족관계,4,3,1,0
CNS-USN-00595,CTR-USN-003,USN,이혼 전후,1,1,0,0
CNS-USN-00596,CTR-USN-003,USN,부부갈등,3,2,1,0
CNS-USN-00596,CTR-USN-003,USN,부모-자녀 갈등,3,2,1,0
CNS-USN-00596,CTR-USN-003,USN,기타 가족관계,3,3,0,0
CNS-USN-00596,CTR-USN-003,USN,이혼 전후,1,1,0,0
CNS-USN-00597,CTR-USN-003,USN,부부갈등,3,3,0,0
CNS-USN-00597,CTR-USN-003,USN,부모-자녀 갈등,3,3,0,0
CNS-USN-00597,CTR-USN-003,USN,기타 가족관계,3,2,1,0
CNS-USN-00597,CTR-USN-003,USN,이혼 전후,1,1,0,0
CNS-USN-00598,CTR-USN-003,USN,부부갈등,2,2,0,0
CNS-USN-00598,CTR-USN-003,USN,부모-자녀 갈등,1,1,0,0
CNS-USN-00598,CTR-USN-003,USN,기타 가족관계,2,2,0,0
CNS-USN-00599,CTR-USN-003,USN,부부갈등,3,3,0,0
CNS-USN-00599,CTR-USN-003,USN,부모-자녀 갈등,2,2,0,0
CNS-USN-00599,CTR-USN-003,USN,기타 가족관계,3,3,0,0
CNS-USN-00599,CTR-USN-003,USN,이혼 전후,1,1,0,0
CNS-USN-00600,CTR-USN-003,USN,부부갈등,3,2,1,0
CNS-USN-00600,CTR-USN-003,USN,부모-자녀 갈등,2,2,0,0
CNS-USN-00600,CTR-USN-003,USN,기타 가족관계,2,2,0,0
CNS-USN-00601,CTR-USN-003,USN,부부갈등,3,3,0,0
CNS-USN-00601,CTR-USN-003,USN,부모-자녀 갈등,2,2,0,0
CNS-USN-00601,CTR-USN-003,USN,기타 가족관계,3,3,0,0
CNS-USN-00602,CTR-USN-003,USN,부부갈등,3,2,1,0
CNS-USN-00602,CTR-USN-003,USN,부모-자녀 갈등,2,2,0,0
CNS-USN-00602,CTR-USN-003,USN,기타 가족관계,3,3,0,0
CNS-USN-00603,CTR-USN-004,USN,부부갈등,5,4,1,0
CNS-USN-00603,CTR-USN-004,USN,부모-자녀 갈등,4,3,1,0
CNS-USN-00603,CTR-USN-004,USN,기타 가족관계,5,4,1,0
CNS-USN-00603,CTR-USN-004,USN,이혼 전후,1,1,0,0
CNS-USN-00604,CTR-USN-004,USN,부부갈등,5,4,1,0
CNS-USN-00604,CTR-USN-004,USN,부모-자녀 갈등,4,3,1,0
CNS-USN-00604,CTR-USN-004,USN,기타 가족관계,4,3,1,0
CNS-USN-00604,CTR-USN-004,USN,이혼 전후,1,1,0,0
CNS-USN-00605,CTR-USN-004,USN,부부갈등,2,2,0,0
CNS-USN-00605,CTR-USN-004,USN,부모-자녀 갈등,2,2,0,0
CNS-USN-00605,CTR-USN-004,USN,기타 가족관계,2,2,0,0
CNS-USN-00606,CTR-USN-004,USN,부부갈등,3,2,1,0
CNS-USN-00606,CTR-USN-004,USN,부모-자녀 갈등,2,2,0,0
CNS-USN-00606,CTR-USN-004,USN,기타 가족관계,3,2,1,0
CNS-USN-00606,CTR-USN-004,USN,이혼 전후,1,1,0,0
CNS-USN-00607,CTR-USN-004,USN,부부갈등,2,2,0,0
CNS-USN-00607,CTR-USN-004,USN,부모-자녀 갈등,2,2,0,0
CNS-USN-00607,CTR-USN-004,USN,기타 가족관계,2,2,0,0
CNS-USN-00608,CTR-USN-004,USN,부부갈등,1,1,0,0
CNS-USN-00608,CTR-USN-004,USN,부모-자녀 갈등,1,1,0,0
CNS-USN-00608,CTR-USN-004,USN,기타 가족관계,1,1,0,0
CNS-USN-00609,CTR-USN-004,USN,부부갈등,3,2,1,0
CNS-USN-00609,CTR-USN-004,USN,부모-자녀 갈등,2,2,0,0
CNS-USN-00609,CTR-USN-004,USN,기타 가족관계,2,2,0,0
CNS-USN-00610,CTR-USN-004,USN,부부갈등,3,3,0,0
CNS-USN-00610,CTR-USN-004,USN,부모-자녀 갈등,2,2,0,0
CNS-USN-00610,CTR-USN-004,USN,기타 가족관계,2,2,0,0
CNS-USN-00611,CTR-USN-005,USN,부부갈등,5,4,1,0
CNS-USN-00611,CTR-USN-005,USN,부모-자녀 갈등,4,3,1,0
CNS-USN-00611,CTR-USN-005,USN,기타 가족관계,5,4,1,0
CNS-USN-00611,CTR-USN-005,USN,이혼 전후,1,1,0,0
CNS-USN-00612,CTR-USN-005,USN,부부갈등,5,4,1,0
CNS-USN-00612,CTR-USN-005,USN,부모-자녀 갈등,3,2,1,0
CNS-USN-00612,CTR-USN-005,USN,기타 가족관계,4,4,0,0
CNS-USN-00612,CTR-USN-005,USN,이혼 전후,1,1,0,0
CNS-USN-00613,CTR-USN-005,USN,부부갈등,2,2,0,0
CNS-USN-00613,CTR-USN-005,USN,부모-자녀 갈등,2,2,0,0
CNS-USN-00613,CTR-USN-005,USN,기타 가족관계,2,2,0,0
CNS-USN-00614,CTR-USN-005,USN,부부갈등,1,1,0,0
CNS-USN-00614,CTR-USN-005,USN,부모-자녀 갈등,1,1,0,0
CNS-USN-00614,CTR-USN-005,USN,기타 가족관계,1,1,0,0
CNS-USN-00615,CTR-USN-005,USN,부부갈등,3,2,1,0
CNS-USN-00615,CTR-USN-005,USN,부모-자녀 갈등,2,2,0,0
CNS-USN-00615,CTR-USN-005,USN,기타 가족관계,2,2,0,0
CNS-USN-00616,CTR-USN-005,USN,부부갈등,2,2,0,0
CNS-USN-00616,CTR-USN-005,USN,부모-자녀 갈등,1,1,0,0
CNS-USN-00616,CTR-USN-005,USN,기타 가족관계,2,2,0,0
CNS-USN-00617,CTR-USN-005,USN,부부갈등,2,2,0,0
CNS-USN-00617,CTR-USN-005,USN,부모-자녀 갈등,1,1,0,0
CNS-USN-00617,CTR-USN-005,USN,기타 가족관계,1,1,0,0
CNS-USN-00618,CTR-USN-005,USN,부부갈등,3,3,0,0
CNS-USN-00618,CTR-USN-005,USN,부모-자녀 갈등,2,2,0,0
CNS-USN-00618,CTR-USN-005,USN,기타 가족관계,2,1,1,0
CNS-USN-00619,CTR-USN-005,USN,부부갈등,2,2,0,0
CNS-USN-00619,CTR-USN-005,USN,부모-자녀 갈등,2,2,0,0
CNS-USN-00619,CTR-USN-005,USN,기타 가족관계,2,2,0,0
CNS-SEJ-00620,CTR-SEJ-001,SEJ,부부갈등,6,5,1,0
CNS-SEJ-00620,CTR-SEJ-001,SEJ,부모-자녀 갈등,4,3,1,0
CNS-SEJ-00620,CTR-SEJ-001,SEJ,기타 가족관계,5,4,1,0
CNS-SEJ-00620,CTR-SEJ-001,SEJ,이혼 전후,1,1,0,0
CNS-SEJ-00621,CTR-SEJ-001,SEJ,부부갈등,3,3,0,0
CNS-SEJ-00621,CTR-SEJ-001,SEJ,부모-자녀 갈등,3,3,0,0
CNS-SEJ-00621,CTR-SEJ-001,SEJ,기타 가족관계,3,2,1,0
CNS-SEJ-00621,CTR-SEJ-001,SEJ,이혼 전후,1,1,0,0
CNS-SEJ-00622,CTR-SEJ-001,SEJ,부부갈등,3,2,1,0
CNS-SEJ-00622,CTR-SEJ-001,SEJ,부모-자녀 갈등,2,1,1,0
CNS-SEJ-00622,CTR-SEJ-001,SEJ,기타 가족관계,2,2,0,0
CNS-SEJ-00623,CTR-SEJ-001,SEJ,부부갈등,3,3,0,0
CNS-SEJ-00623,CTR-SEJ-001,SEJ,부모-자녀 갈등,2,2,0,0
CNS-SEJ-00623,CTR-SEJ-001,SEJ,기타 가족관계,3,2,1,0
CNS-SEJ-00623,CTR-SEJ-001,SEJ,이혼 전후,1,1,0,0
CNS-SEJ-00624,CTR-SEJ-001,SEJ,부부갈등,3,3,0,0
CNS-SEJ-00624,CTR-SEJ-001,SEJ,부모-자녀 갈등,2,2,0,0
CNS-SEJ-00624,CTR-SEJ-001,SEJ,기타 가족관계,3,2,1,0
CNS-SEJ-00624,CTR-SEJ-001,SEJ,이혼 전후,1,1,0,0
CNS-SEJ-00625,CTR-SEJ-001,SEJ,부부갈등,3,3,0,0
CNS-SEJ-00625,CTR-SEJ-001,SEJ,부모-자녀 갈등,2,2,0,0
CNS-SEJ-00625,CTR-SEJ-001,SEJ,기타 가족관계,3,2,1,0
CNS-SEJ-00625,CTR-SEJ-001,SEJ,이혼 전후,1,1,0,0
CNS-SEJ-00626,CTR-SEJ-001,SEJ,부부갈등,3,2,1,0
CNS-SEJ-00626,CTR-SEJ-001,SEJ,부모-자녀 갈등,3,2,1,0
CNS-SEJ-00626,CTR-SEJ-001,SEJ,기타 가족관계,3,2,1,0
CNS-SEJ-00626,CTR-SEJ-001,SEJ,이혼 전후,1,1,0,0
CNS-SEJ-00627,CTR-SEJ-001,SEJ,부부갈등,2,2,0,0
CNS-SEJ-00627,CTR-SEJ-001,SEJ,부모-자녀 갈등,1,1,0,0
CNS-SEJ-00627,CTR-SEJ-001,SEJ,기타 가족관계,1,1,0,0
CNS-SEJ-00628,CTR-SEJ-001,SEJ,부부갈등,1,1,0,0
CNS-SEJ-00628,CTR-SEJ-001,SEJ,부모-자녀 갈등,1,1,0,0
CNS-SEJ-00628,CTR-SEJ-001,SEJ,기타 가족관계,1,1,0,0
CNS-SEJ-00629,CTR-SEJ-001,SEJ,부부갈등,3,2,1,0
CNS-SEJ-00629,CTR-SEJ-001,SEJ,부모-자녀 갈등,2,2,0,0
CNS-SEJ-00629,CTR-SEJ-001,SEJ,기타 가족관계,2,2,0,0
CNS-SEJ-00630,CTR-SEJ-001,SEJ,부부갈등,3,2,1,0
CNS-SEJ-00630,CTR-SEJ-001,SEJ,부모-자녀 갈등,2,2,0,0
CNS-SEJ-00630,CTR-SEJ-001,SEJ,기타 가족관계,3,2,1,0
CNS-SEJ-00630,CTR-SEJ-001,SEJ,이혼 전후,1,1,0,0
CNS-SEJ-00631,CTR-SEJ-002,SEJ,부부갈등,5,4,1,0
CNS-SEJ-00631,CTR-SEJ-002,SEJ,부모-자녀 갈등,4,3,1,0
CNS-SEJ-00631,CTR-SEJ-002,SEJ,기타 가족관계,4,3,1,0
CNS-SEJ-00631,CTR-SEJ-002,SEJ,이혼 전후,1,1,0,0
CNS-SEJ-00632,CTR-SEJ-002,SEJ,부부갈등,5,5,0,0
CNS-SEJ-00632,CTR-SEJ-002,SEJ,부모-자녀 갈등,3,2,1,0
CNS-SEJ-00632,CTR-SEJ-002,SEJ,기타 가족관계,4,3,1,0
CNS-SEJ-00632,CTR-SEJ-002,SEJ,이혼 전후,1,1,0,0
CNS-SEJ-00633,CTR-SEJ-002,SEJ,부부갈등,4,3,1,0
CNS-SEJ-00633,CTR-SEJ-002,SEJ,부모-자녀 갈등,3,2,1,0
CNS-SEJ-00633,CTR-SEJ-002,SEJ,기타 가족관계,4,3,1,0
CNS-SEJ-00633,CTR-SEJ-002,SEJ,이혼 전후,1,1,0,0
CNS-SEJ-00634,CTR-SEJ-002,SEJ,부부갈등,2,2,0,0
CNS-SEJ-00634,CTR-SEJ-002,SEJ,부모-자녀 갈등,1,1,0,0
CNS-SEJ-00634,CTR-SEJ-002,SEJ,기타 가족관계,2,2,0,0
CNS-SEJ-00635,CTR-SEJ-002,SEJ,부부갈등,3,2,1,0
CNS-SEJ-00635,CTR-SEJ-002,SEJ,부모-자녀 갈등,2,2,0,0
CNS-SEJ-00635,CTR-SEJ-002,SEJ,기타 가족관계,3,2,1,0
CNS-SEJ-00635,CTR-SEJ-002,SEJ,이혼 전후,1,1,0,0
CNS-SEJ-00636,CTR-SEJ-002,SEJ,부부갈등,3,2,1,0
CNS-SEJ-00636,CTR-SEJ-002,SEJ,부모-자녀 갈등,2,2,0,0
CNS-SEJ-00636,CTR-SEJ-002,SEJ,기타 가족관계,3,2,1,0
CNS-SEJ-00636,CTR-SEJ-002,SEJ,이혼 전후,1,1,0,0
CNS-SEJ-00637,CTR-SEJ-002,SEJ,부부갈등,3,2,1,0
CNS-SEJ-00637,CTR-SEJ-002,SEJ,부모-자녀 갈등,3,3,0,0
CNS-SEJ-00637,CTR-SEJ-002,SEJ,기타 가족관계,3,2,1,0
CNS-SEJ-00637,CTR-SEJ-002,SEJ,이혼 전후,1,1,0,0
CNS-SEJ-00638,CTR-SEJ-002,SEJ,부부갈등,3,3,0,0
CNS-SEJ-00638,CTR-SEJ-002,SEJ,부모-자녀 갈등,2,2,0,0
CNS-SEJ-00638,CTR-SEJ-002,SEJ,기타 가족관계,3,3,0,0
CNS-SEJ-00639,CTR-SEJ-002,SEJ,부부갈등,2,2,0,0
CNS-SEJ-00639,CTR-SEJ-002,SEJ,부모-자녀 갈등,1,1,0,0
CNS-SEJ-00639,CTR-SEJ-002,SEJ,기타 가족관계,2,2,0,0
CNS-SEJ-00640,CTR-SEJ-002,SEJ,부부갈등,2,2,0,0
CNS-SEJ-00640,CTR-SEJ-002,SEJ,부모-자녀 갈등,2,2,0,0
CNS-SEJ-00640,CTR-SEJ-002,SEJ,기타 가족관계,2,2,0,0
CNS-SEJ-00641,CTR-SEJ-002,SEJ,부부갈등,4,3,1,0
CNS-SEJ-00641,CTR-SEJ-002,SEJ,부모-자녀 갈등,3,2,1,0
CNS-SEJ-00641,CTR-SEJ-002,SEJ,기타 가족관계,4,3,1,0
CNS-SEJ-00642,CTR-SEJ-002,SEJ,부부갈등,2,2,0,0
CNS-SEJ-00642,CTR-SEJ-002,SEJ,부모-자녀 갈등,1,1,0,0
CNS-SEJ-00642,CTR-SEJ-002,SEJ,기타 가족관계,1,1,0,0
CNS-SEJ-00643,CTR-SEJ-002,SEJ,부부갈등,2,2,0,0
CNS-SEJ-00643,CTR-SEJ-002,SEJ,부모-자녀 갈등,1,1,0,0
CNS-SEJ-00643,CTR-SEJ-002,SEJ,기타 가족관계,2,2,0,0
CNS-SEJ-00644,CTR-SEJ-002,SEJ,부부갈등,3,2,1,0
CNS-SEJ-00644,CTR-SEJ-002,SEJ,부모-자녀 갈등,2,2,0,0
CNS-SEJ-00644,CTR-SEJ-002,SEJ,기타 가족관계,3,2,1,0
CNS-GYE-00645,CTR-GYE-001,GYE,부부갈등,4,4,0,0
CNS-GYE-00645,CTR-GYE-001,GYE,부모-자녀 갈등,3,2,1,0
CNS-GYE-00645,CTR-GYE-001,GYE,기타 가족관계,4,3,1,0
CNS-GYE-00646,CTR-GYE-001,GYE,부부갈등,3,2,1,0
CNS-GYE-00646,CTR-GYE-001,GYE,부모-자녀 갈등,2,2,0,0
CNS-GYE-00646,CTR-GYE-001,GYE,기타 가족관계,3,2,1,0
CNS-GYE-00646,CTR-GYE-001,GYE,이혼 전후,1,1,0,0
CNS-GYE-00647,CTR-GYE-001,GYE,부부갈등,1,1,0,0
CNS-GYE-00647,CTR-GYE-001,GYE,부모-자녀 갈등,1,1,0,0
CNS-GYE-00647,CTR-GYE-001,GYE,기타 가족관계,1,1,0,0
CNS-GYE-00648,CTR-GYE-001,GYE,부부갈등,3,3,0,0
CNS-GYE-00648,CTR-GYE-001,GYE,부모-자녀 갈등,2,2,0,0
CNS-GYE-00648,CTR-GYE-001,GYE,기타 가족관계,2,2,0,0
CNS-GYE-00649,CTR-GYE-001,GYE,부부갈등,3,2,1,0
CNS-GYE-00649,CTR-GYE-001,GYE,부모-자녀 갈등,2,2,0,0
CNS-GYE-00649,CTR-GYE-001,GYE,기타 가족관계,3,2,1,0
CNS-GYE-00650,CTR-GYE-001,GYE,부부갈등,1,1,0,0
CNS-GYE-00650,CTR-GYE-001,GYE,부모-자녀 갈등,1,1,0,0
CNS-GYE-00650,CTR-GYE-001,GYE,기타 가족관계,1,1,0,0
CNS-GYE-00651,CTR-GYE-001,GYE,부부갈등,2,2,0,0
CNS-GYE-00651,CTR-GYE-001,GYE,부모-자녀 갈등,2,2,0,0
CNS-GYE-00651,CTR-GYE-001,GYE,기타 가족관계,2,2,0,0
CNS-GYE-00652,CTR-GYE-001,GYE,부부갈등,3,2,1,0
CNS-GYE-00652,CTR-GYE-001,GYE,부모-자녀 갈등,2,2,0,0
CNS-GYE-00652,CTR-GYE-001,GYE,기타 가족관계,2,2,0,0
CNS-GYE-00653,CTR-GYE-001,GYE,부부갈등,3,2,1,0
CNS-GYE-00653,CTR-GYE-001,GYE,부모-자녀 갈등,2,2,0,0
CNS-GYE-00653,CTR-GYE-001,GYE,기타 가족관계,3,2,1,0
CNS-GYE-00654,CTR-GYE-001,GYE,부부갈등,3,3,0,0
CNS-GYE-00654,CTR-GYE-001,GYE,부모-자녀 갈등,2,2,0,0
CNS-GYE-00654,CTR-GYE-001,GYE,기타 가족관계,3,3,0,0
CNS-GYE-00655,CTR-GYE-002,GYE,부부갈등,6,5,1,0
CNS-GYE-00655,CTR-GYE-002,GYE,부모-자녀 갈등,4,3,1,0
CNS-GYE-00655,CTR-GYE-002,GYE,기타 가족관계,6,4,2,0
CNS-GYE-00655,CTR-GYE-002,GYE,이혼 전후,1,1,0,0
CNS-GYE-00656,CTR-GYE-002,GYE,부부갈등,4,3,1,0
CNS-GYE-00656,CTR-GYE-002,GYE,부모-자녀 갈등,3,3,0,0
CNS-GYE-00656,CTR-GYE-002,GYE,기타 가족관계,4,3,1,0
CNS-GYE-00656,CTR-GYE-002,GYE,이혼 전후,1,1,0,0
CNS-GYE-00657,CTR-GYE-002,GYE,부부갈등,3,2,1,0
CNS-GYE-00657,CTR-GYE-002,GYE,부모-자녀 갈등,2,2,0,0
CNS-GYE-00657,CTR-GYE-002,GYE,기타 가족관계,3,2,1,0
CNS-GYE-00658,CTR-GYE-002,GYE,부부갈등,3,2,1,0
CNS-GYE-00658,CTR-GYE-002,GYE,부모-자녀 갈등,2,2,0,0
CNS-GYE-00658,CTR-GYE-002,GYE,기타 가족관계,3,2,1,0
CNS-GYE-00659,CTR-GYE-002,GYE,부부갈등,3,3,0,0
CNS-GYE-00659,CTR-GYE-002,GYE,부모-자녀 갈등,3,2,1,0
CNS-GYE-00659,CTR-GYE-002,GYE,기타 가족관계,3,2,1,0
CNS-GYE-00659,CTR-GYE-002,GYE,이혼 전후,1,1,0,0
CNS-GYE-00660,CTR-GYE-002,GYE,부부갈등,2,2,0,0
CNS-GYE-00660,CTR-GYE-002,GYE,부모-자녀 갈등,1,1,0,0
CNS-GYE-00660,CTR-GYE-002,GYE,기타 가족관계,2,2,0,0
CNS-GYE-00661,CTR-GYE-002,GYE,부부갈등,3,3,0,0
CNS-GYE-00661,CTR-GYE-002,GYE,부모-자녀 갈등,2,2,0,0
CNS-GYE-00661,CTR-GYE-002,GYE,기타 가족관계,3,2,1,0
CNS-GYE-00661,CTR-GYE-002,GYE,이혼 전후,1,1,0,0
CNS-GYE-00662,CTR-GYE-002,GYE,부부갈등,2,2,0,0
CNS-GYE-00662,CTR-GYE-002,GYE,부모-자녀 갈등,1,1,0,0
CNS-GYE-00662,CTR-GYE-002,GYE,기타 가족관계,2,2,0,0
CNS-GYE-00663,CTR-GYE-002,GYE,부부갈등,3,2,1,0
CNS-GYE-00663,CTR-GYE-002,GYE,부모-자녀 갈등,2,2,0,0
CNS-GYE-00663,CTR-GYE-002,GYE,기타 가족관계,3,3,0,0
CNS-GYE-00664,CTR-GYE-003,GYE,부부갈등,5,4,1,0
CNS-GYE-00664,CTR-GYE-003,GYE,부모-자녀 갈등,4,3,1,0
CNS-GYE-00664,CTR-GYE-003,GYE,기타 가족관계,4,4,0,0
CNS-GYE-00664,CTR-GYE-003,GYE,이혼 전후,1,1,0,0
CNS-GYE-00665,CTR-GYE-003,GYE,부부갈등,3,3,0,0
CNS-GYE-00665,CTR-GYE-003,GYE,부모-자녀 갈등,2,2,0,0
CNS-GYE-00665,CTR-GYE-003,GYE,기타 가족관계,3,3,0,0
CNS-GYE-00665,CTR-GYE-003,GYE,이혼 전후,1,1,0,0
CNS-GYE-00666,CTR-GYE-003,GYE,부부갈등,3,2,1,0
CNS-GYE-00666,CTR-GYE-003,GYE,부모-자녀 갈등,2,1,1,0
CNS-GYE-00666,CTR-GYE-003,GYE,기타 가족관계,3,2,1,0
CNS-GYE-00667,CTR-GYE-003,GYE,부부갈등,2,2,0,0
CNS-GYE-00667,CTR-GYE-003,GYE,부모-자녀 갈등,1,1,0,0
CNS-GYE-00667,CTR-GYE-003,GYE,기타 가족관계,1,1,0,0
CNS-GYE-00668,CTR-GYE-003,GYE,부부갈등,1,1,0,0
CNS-GYE-00668,CTR-GYE-003,GYE,부모-자녀 갈등,1,1,0,0
CNS-GYE-00668,CTR-GYE-003,GYE,기타 가족관계,1,1,0,0
CNS-GYE-00669,CTR-GYE-003,GYE,부부갈등,3,2,1,0
CNS-GYE-00669,CTR-GYE-003,GYE,부모-자녀 갈등,2,2,0,0
CNS-GYE-00669,CTR-GYE-003,GYE,기타 가족관계,3,2,1,0
CNS-GYE-00670,CTR-GYE-003,GYE,부부갈등,2,2,0,0
CNS-GYE-00670,CTR-GYE-003,GYE,부모-자녀 갈등,2,2,0,0
CNS-GYE-00670,CTR-GYE-003,GYE,기타 가족관계,2,2,0,0
CNS-GYE-00671,CTR-GYE-003,GYE,부부갈등,3,3,0,0
CNS-GYE-00671,CTR-GYE-003,GYE,부모-자녀 갈등,2,2,0,0
CNS-GYE-00671,CTR-GYE-003,GYE,기타 가족관계,2,2,0,0
CNS-GYE-00672,CTR-GYE-003,GYE,부부갈등,3,3,0,0
CNS-GYE-00672,CTR-GYE-003,GYE,부모-자녀 갈등,2,2,0,0
CNS-GYE-00672,CTR-GYE-003,GYE,기타 가족관계,3,2,1,0
CNS-GYE-00672,CTR-GYE-003,GYE,이혼 전후,1,1,0,0
CNS-GYE-00673,CTR-GYE-003,GYE,부부갈등,4,3,1,0
CNS-GYE-00673,CTR-GYE-003,GYE,부모-자녀 갈등,3,2,1,0
CNS-GYE-00673,CTR-GYE-003,GYE,기타 가족관계,4,3,1,0
CNS-GYE-00673,CTR-GYE-003,GYE,이혼 전후,1,1,0,0
CNS-GYE-00674,CTR-GYE-004,GYE,부부갈등,5,4,1,0
CNS-GYE-00674,CTR-GYE-004,GYE,부모-자녀 갈등,4,3,1,0
CNS-GYE-00674,CTR-GYE-004,GYE,기타 가족관계,4,4,0,0
CNS-GYE-00674,CTR-GYE-004,GYE,이혼 전후,1,1,0,0
CNS-GYE-00675,CTR-GYE-004,GYE,부부갈등,5,4,1,0
CNS-GYE-00675,CTR-GYE-004,GYE,부모-자녀 갈등,4,4,0,0
CNS-GYE-00675,CTR-GYE-004,GYE,기타 가족관계,5,4,1,0
CNS-GYE-00675,CTR-GYE-004,GYE,이혼 전후,1,1,0,0
CNS-GYE-00676,CTR-GYE-004,GYE,부부갈등,3,2,1,0
CNS-GYE-00676,CTR-GYE-004,GYE,부모-자녀 갈등,2,2,0,0
CNS-GYE-00676,CTR-GYE-004,GYE,기타 가족관계,2,2,0,0
CNS-GYE-00677,CTR-GYE-004,GYE,부부갈등,2,2,0,0
CNS-GYE-00677,CTR-GYE-004,GYE,부모-자녀 갈등,2,2,0,0
CNS-GYE-00677,CTR-GYE-004,GYE,기타 가족관계,2,2,0,0
CNS-GYE-00678,CTR-GYE-004,GYE,부부갈등,2,2,0,0
CNS-GYE-00678,CTR-GYE-004,GYE,부모-자녀 갈등,1,1,0,0
CNS-GYE-00678,CTR-GYE-004,GYE,기타 가족관계,2,2,0,0
CNS-GYE-00679,CTR-GYE-004,GYE,부부갈등,2,2,0,0
CNS-GYE-00679,CTR-GYE-004,GYE,부모-자녀 갈등,1,1,0,0
CNS-GYE-00679,CTR-GYE-004,GYE,기타 가족관계,2,2,0,0
CNS-GYE-00680,CTR-GYE-004,GYE,부부갈등,2,2,0,0
CNS-GYE-00680,CTR-GYE-004,GYE,부모-자녀 갈등,1,1,0,0
CNS-GYE-00680,CTR-GYE-004,GYE,기타 가족관계,2,2,0,0
CNS-GYE-00681,CTR-GYE-004,GYE,부부갈등,3,2,1,0
CNS-GYE-00681,CTR-GYE-004,GYE,부모-자녀 갈등,2,2,0,0
CNS-GYE-00681,CTR-GYE-004,GYE,기타 가족관계,2,2,0,0
CNS-GYE-00682,CTR-GYE-004,GYE,부부갈등,5,4,1,0
CNS-GYE-00682,CTR-GYE-004,GYE,부모-자녀 갈등,3,2,1,0
CNS-GYE-00682,CTR-GYE-004,GYE,기타 가족관계,4,3,1,0
CNS-GYE-00682,CTR-GYE-004,GYE,이혼 전후,1,1,0,0
CNS-GYE-00683,CTR-GYE-004,GYE,부부갈등,3,2,1,0
CNS-GYE-00683,CTR-GYE-004,GYE,부모-자녀 갈등,2,2,0,0
CNS-GYE-00683,CTR-GYE-004,GYE,기타 가족관계,2,2,0,0
CNS-GYE-00684,CTR-GYE-004,GYE,부부갈등,3,3,0,0
CNS-GYE-00684,CTR-GYE-004,GYE,부모-자녀 갈등,2,2,0,0
CNS-GYE-00684,CTR-GYE-004,GYE,기타 가족관계,3,2,1,0
CNS-GYE-00685,CTR-GYE-005,GYE,부부갈등,4,3,1,0
CNS-GYE-00685,CTR-GYE-005,GYE,부모-자녀 갈등,3,2,1,0
CNS-GYE-00685,CTR-GYE-005,GYE,기타 가족관계,4,3,1,0
CNS-GYE-00685,CTR-GYE-005,GYE,이혼 전후,1,1,0,0
CNS-GYE-00686,CTR-GYE-005,GYE,부부갈등,5,4,1,0
CNS-GYE-00686,CTR-GYE-005,GYE,부모-자녀 갈등,3,2,1,0
CNS-GYE-00686,CTR-GYE-005,GYE,기타 가족관계,4,3,1,0
CNS-GYE-00686,CTR-GYE-005,GYE,이혼 전후,1,1,0,0
CNS-GYE-00687,CTR-GYE-005,GYE,부부갈등,3,3,0,0
CNS-GYE-00687,CTR-GYE-005,GYE,부모-자녀 갈등,2,2,0,0
CNS-GYE-00687,CTR-GYE-005,GYE,기타 가족관계,3,3,0,0
CNS-GYE-00688,CTR-GYE-005,GYE,부부갈등,4,4,0,0
CNS-GYE-00688,CTR-GYE-005,GYE,부모-자녀 갈등,3,3,0,0
CNS-GYE-00688,CTR-GYE-005,GYE,기타 가족관계,4,3,1,0
CNS-GYE-00689,CTR-GYE-005,GYE,부부갈등,3,2,1,0
CNS-GYE-00689,CTR-GYE-005,GYE,부모-자녀 갈등,2,2,0,0
CNS-GYE-00689,CTR-GYE-005,GYE,기타 가족관계,2,2,0,0
CNS-GYE-00690,CTR-GYE-005,GYE,부부갈등,3,2,1,0
CNS-GYE-00690,CTR-GYE-005,GYE,부모-자녀 갈등,2,2,0,0
CNS-GYE-00690,CTR-GYE-005,GYE,기타 가족관계,3,2,1,0
CNS-GYE-00690,CTR-GYE-005,GYE,이혼 전후,1,1,0,0
CNS-GYE-00691,CTR-GYE-005,GYE,부부갈등,3,2,1,0
CNS-GYE-00691,CTR-GYE-005,GYE,부모-자녀 갈등,2,1,1,0
CNS-GYE-00691,CTR-GYE-005,GYE,기타 가족관계,2,2,0,0
CNS-GYE-00692,CTR-GYE-005,GYE,부부갈등,3,2,1,0
CNS-GYE-00692,CTR-GYE-005,GYE,부모-자녀 갈등,2,2,0,0
CNS-GYE-00692,CTR-GYE-005,GYE,기타 가족관계,2,2,0,0
CNS-GYE-00693,CTR-GYE-005,GYE,부부갈등,2,2,0,0
CNS-GYE-00693,CTR-GYE-005,GYE,부모-자녀 갈등,2,2,0,0
CNS-GYE-00693,CTR-GYE-005,GYE,기타 가족관계,2,2,0,0
CNS-GYE-00694,CTR-GYE-006,GYE,부부갈등,5,4,1,0
CNS-GYE-00694,CTR-GYE-006,GYE,부모-자녀 갈등,4,3,1,0
CNS-GYE-00694,CTR-GYE-006,GYE,기타 가족관계,5,4,1,0
CNS-GYE-00694,CTR-GYE-006,GYE,이혼 전후,1,1,0,0
CNS-GYE-00695,CTR-GYE-006,GYE,부부갈등,3,3,0,0
CNS-GYE-00695,CTR-GYE-006,GYE,부모-자녀 갈등,3,2,1,0
CNS-GYE-00695,CTR-GYE-006,GYE,기타 가족관계,3,2,1,0
CNS-GYE-00695,CTR-GYE-006,GYE,이혼 전후,1,1,0,0
CNS-GYE-00696,CTR-GYE-006,GYE,부부갈등,3,3,0,0
CNS-GYE-00696,CTR-GYE-006,GYE,부모-자녀 갈등,2,2,0,0
CNS-GYE-00696,CTR-GYE-006,GYE,기타 가족관계,2,2,0,0
CNS-GYE-00697,CTR-GYE-006,GYE,부부갈등,2,2,0,0
CNS-GYE-00697,CTR-GYE-006,GYE,부모-자녀 갈등,2,2,0,0
CNS-GYE-00697,CTR-GYE-006,GYE,기타 가족관계,2,2,0,0
CNS-GYE-00698,CTR-GYE-006,GYE,부부갈등,3,2,1,0
CNS-GYE-00698,CTR-GYE-006,GYE,부모-자녀 갈등,2,2,0,0
CNS-GYE-00698,CTR-GYE-006,GYE,기타 가족관계,3,2,1,0
CNS-GYE-00699,CTR-GYE-006,GYE,부부갈등,3,2,1,0
CNS-GYE-00699,CTR-GYE-006,GYE,부모-자녀 갈등,3,3,0,0
CNS-GYE-00699,CTR-GYE-006,GYE,기타 가족관계,3,3,0,0
CNS-GYE-00699,CTR-GYE-006,GYE,이혼 전후,1,1,0,0
CNS-GYE-00700,CTR-GYE-006,GYE,부부갈등,3,3,0,0
CNS-GYE-00700,CTR-GYE-006,GYE,부모-자녀 갈등,2,2,0,0
CNS-GYE-00700,CTR-GYE-006,GYE,기타 가족관계,2,2,0,0
CNS-GYE-00701,CTR-GYE-006,GYE,부부갈등,1,1,0,0
CNS-GYE-00701,CTR-GYE-006,GYE,부모-자녀 갈등,1,1,0,0
CNS-GYE-00701,CTR-GYE-006,GYE,기타 가족관계,1,1,0,0
CNS-GYE-00702,CTR-GYE-007,GYE,부부갈등,4,3,1,0
CNS-GYE-00702,CTR-GYE-007,GYE,부모-자녀 갈등,3,2,1,0
CNS-GYE-00702,CTR-GYE-007,GYE,기타 가족관계,4,3,1,0
CNS-GYE-00703,CTR-GYE-007,GYE,부부갈등,5,4,1,0
CNS-GYE-00703,CTR-GYE-007,GYE,부모-자녀 갈등,4,3,1,0
CNS-GYE-00703,CTR-GYE-007,GYE,기타 가족관계,4,3,1,0
CNS-GYE-00703,CTR-GYE-007,GYE,이혼 전후,1,1,0,0
CNS-GYE-00704,CTR-GYE-007,GYE,부부갈등,1,1,0,0
CNS-GYE-00704,CTR-GYE-007,GYE,부모-자녀 갈등,1,1,0,0
CNS-GYE-00704,CTR-GYE-007,GYE,기타 가족관계,1,1,0,0
CNS-GYE-00705,CTR-GYE-007,GYE,부부갈등,3,2,1,0
CNS-GYE-00705,CTR-GYE-007,GYE,부모-자녀 갈등,2,2,0,0
CNS-GYE-00705,CTR-GYE-007,GYE,기타 가족관계,3,3,0,0
CNS-GYE-00706,CTR-GYE-007,GYE,부부갈등,3,2,1,0
CNS-GYE-00706,CTR-GYE-007,GYE,부모-자녀 갈등,3,2,1,0
CNS-GYE-00706,CTR-GYE-007,GYE,기타 가족관계,3,3,0,0
CNS-GYE-00706,CTR-GYE-007,GYE,이혼 전후,1,1,0,0
CNS-GYE-00707,CTR-GYE-007,GYE,부부갈등,2,2,0,0
CNS-GYE-00707,CTR-GYE-007,GYE,부모-자녀 갈등,1,1,0,0
CNS-GYE-00707,CTR-GYE-007,GYE,기타 가족관계,2,2,0,0
CNS-GYE-00708,CTR-GYE-007,GYE,부부갈등,3,3,0,0
CNS-GYE-00708,CTR-GYE-007,GYE,부모-자녀 갈등,2,2,0,0
CNS-GYE-00708,CTR-GYE-007,GYE,기타 가족관계,3,2,1,0
CNS-GYE-00709,CTR-GYE-007,GYE,부부갈등,3,3,0,0
CNS-GYE-00709,CTR-GYE-007,GYE,부모-자녀 갈등,2,2,0,0
CNS-GYE-00709,CTR-GYE-007,GYE,기타 가족관계,2,2,0,0
CNS-GYE-00710,CTR-GYE-007,GYE,부부갈등,3,3,0,0
CNS-GYE-00710,CTR-GYE-007,GYE,부모-자녀 갈등,2,2,0,0
CNS-GYE-00710,CTR-GYE-007,GYE,기타 가족관계,3,3,0,0
CNS-GYE-00711,CTR-GYE-008,GYE,부부갈등,4,3,1,0
CNS-GYE-00711,CTR-GYE-008,GYE,부모-자녀 갈등,3,3,0,0
CNS-GYE-00711,CTR-GYE-008,GYE,기타 가족관계,4,3,1,0
CNS-GYE-00711,CTR-GYE-008,GYE,이혼 전후,1,1,0,0
CNS-GYE-00712,CTR-GYE-008,GYE,부부갈등,5,4,1,0
CNS-GYE-00712,CTR-GYE-008,GYE,부모-자녀 갈등,3,2,1,0
CNS-GYE-00712,CTR-GYE-008,GYE,기타 가족관계,4,3,1,0
CNS-GYE-00712,CTR-GYE-008,GYE,이혼 전후,1,1,0,0
CNS-GYE-00713,CTR-GYE-008,GYE,부부갈등,1,1,0,0
CNS-GYE-00713,CTR-GYE-008,GYE,부모-자녀 갈등,1,1,0,0
CNS-GYE-00713,CTR-GYE-008,GYE,기타 가족관계,1,1,0,0
CNS-GYE-00714,CTR-GYE-008,GYE,부부갈등,2,2,0,0
CNS-GYE-00714,CTR-GYE-008,GYE,부모-자녀 갈등,2,2,0,0
CNS-GYE-00714,CTR-GYE-008,GYE,기타 가족관계,2,2,0,0
CNS-GYE-00715,CTR-GYE-008,GYE,부부갈등,3,3,0,0
CNS-GYE-00715,CTR-GYE-008,GYE,부모-자녀 갈등,2,2,0,0
CNS-GYE-00715,CTR-GYE-008,GYE,기타 가족관계,2,2,0,0
CNS-GYE-00716,CTR-GYE-008,GYE,부부갈등,3,2,1,0
CNS-GYE-00716,CTR-GYE-008,GYE,부모-자녀 갈등,2,1,1,0
CNS-GYE-00716,CTR-GYE-008,GYE,기타 가족관계,3,2,1,0
CNS-GYE-00716,CTR-GYE-008,GYE,이혼 전후,1,1,0,0
CNS-GYE-00717,CTR-GYE-008,GYE,부부갈등,3,2,1,0
CNS-GYE-00717,CTR-GYE-008,GYE,부모-자녀 갈등,2,2,0,0
CNS-GYE-00717,CTR-GYE-008,GYE,기타 가족관계,3,3,0,0
CNS-GYE-00718,CTR-GYE-008,GYE,부부갈등,3,2,1,0
CNS-GYE-00718,CTR-GYE-008,GYE,부모-자녀 갈등,2,2,0,0
CNS-GYE-00718,CTR-GYE-008,GYE,기타 가족관계,3,2,1,0
CNS-GYE-00719,CTR-GYE-008,GYE,부부갈등,3,2,1,0
CNS-GYE-00719,CTR-GYE-008,GYE,부모-자녀 갈등,2,1,1,0
CNS-GYE-00719,CTR-GYE-008,GYE,기타 가족관계,3,2,1,0
CNS-GYE-00719,CTR-GYE-008,GYE,이혼 전후,1,1,0,0
CNS-GYE-00720,CTR-GYE-008,GYE,부부갈등,2,2,0,0
CNS-GYE-00720,CTR-GYE-008,GYE,부모-자녀 갈등,2,2,0,0
CNS-GYE-00720,CTR-GYE-008,GYE,기타 가족관계,2,2,0,0
CNS-GYE-00721,CTR-GYE-009,GYE,부부갈등,3,2,1,0
CNS-GYE-00721,CTR-GYE-009,GYE,부모-자녀 갈등,3,2,1,0
CNS-GYE-00721,CTR-GYE-009,GYE,기타 가족관계,3,2,1,0
CNS-GYE-00721,CTR-GYE-009,GYE,이혼 전후,1,1,0,0
CNS-GYE-00722,CTR-GYE-009,GYE,부부갈등,4,3,1,0
CNS-GYE-00722,CTR-GYE-009,GYE,부모-자녀 갈등,3,2,1,0
CNS-GYE-00722,CTR-GYE-009,GYE,기타 가족관계,4,3,1,0
CNS-GYE-00723,CTR-GYE-009,GYE,부부갈등,2,2,0,0
CNS-GYE-00723,CTR-GYE-009,GYE,부모-자녀 갈등,1,1,0,0
CNS-GYE-00723,CTR-GYE-009,GYE,기타 가족관계,2,2,0,0
CNS-GYE-00724,CTR-GYE-009,GYE,부부갈등,3,3,0,0
CNS-GYE-00724,CTR-GYE-009,GYE,부모-자녀 갈등,2,2,0,0
CNS-GYE-00724,CTR-GYE-009,GYE,기타 가족관계,2,2,0,0
CNS-GYE-00725,CTR-GYE-009,GYE,부부갈등,2,2,0,0
CNS-GYE-00725,CTR-GYE-009,GYE,부모-자녀 갈등,1,1,0,0
CNS-GYE-00725,CTR-GYE-009,GYE,기타 가족관계,2,2,0,0
CNS-GYE-00726,CTR-GYE-009,GYE,부부갈등,3,2,1,0
CNS-GYE-00726,CTR-GYE-009,GYE,부모-자녀 갈등,3,2,1,0
CNS-GYE-00726,CTR-GYE-009,GYE,기타 가족관계,3,2,1,0
CNS-GYE-00726,CTR-GYE-009,GYE,이혼 전후,1,1,0,0
CNS-GYE-00727,CTR-GYE-009,GYE,부부갈등,2,1,1,0
CNS-GYE-00727,CTR-GYE-009,GYE,부모-자녀 갈등,1,1,0,0
CNS-GYE-00727,CTR-GYE-009,GYE,기타 가족관계,1,1,0,0
CNS-GYE-00728,CTR-GYE-009,GYE,부부갈등,2,2,0,0
CNS-GYE-00728,CTR-GYE-009,GYE,부모-자녀 갈등,1,1,0,0
CNS-GYE-00728,CTR-GYE-009,GYE,기타 가족관계,2,2,0,0
CNS-GYE-00729,CTR-GYE-009,GYE,부부갈등,2,2,0,0
CNS-GYE-00729,CTR-GYE-009,GYE,부모-자녀 갈등,2,2,0,0
CNS-GYE-00729,CTR-GYE-009,GYE,기타 가족관계,2,2,0,0
CNS-GYE-00730,CTR-GYE-009,GYE,부부갈등,3,2,1,0
CNS-GYE-00730,CTR-GYE-009,GYE,부모-자녀 갈등,2,2,0,0
CNS-GYE-00730,CTR-GYE-009,GYE,기타 가족관계,3,2,1,0
CNS-GYE-00731,CTR-GYE-009,GYE,부부갈등,3,3,0,0
CNS-GYE-00731,CTR-GYE-009,GYE,부모-자녀 갈등,2,2,0,0
CNS-GYE-00731,CTR-GYE-009,GYE,기타 가족관계,3,3,0,0
CNS-GYE-00732,CTR-GYE-010,GYE,부부갈등,5,4,1,0
CNS-GYE-00732,CTR-GYE-010,GYE,부모-자녀 갈등,4,3,1,0
CNS-GYE-00732,CTR-GYE-010,GYE,기타 가족관계,4,3,1,0
CNS-GYE-00732,CTR-GYE-010,GYE,이혼 전후,1,1,0,0
CNS-GYE-00733,CTR-GYE-010,GYE,부부갈등,6,5,1,0
CNS-GYE-00733,CTR-GYE-010,GYE,부모-자녀 갈등,4,3,1,0
CNS-GYE-00733,CTR-GYE-010,GYE,기타 가족관계,6,5,1,0
CNS-GYE-00733,CTR-GYE-010,GYE,이혼 전후,1,1,0,0
CNS-GYE-00734,CTR-GYE-010,GYE,부부갈등,3,3,0,0
CNS-GYE-00734,CTR-GYE-010,GYE,부모-자녀 갈등,2,2,0,0
CNS-GYE-00734,CTR-GYE-010,GYE,기타 가족관계,2,2,0,0
CNS-GYE-00735,CTR-GYE-010,GYE,부부갈등,3,2,1,0
CNS-GYE-00735,CTR-GYE-010,GYE,부모-자녀 갈등,2,2,0,0
CNS-GYE-00735,CTR-GYE-010,GYE,기타 가족관계,3,2,1,0
CNS-GYE-00735,CTR-GYE-010,GYE,이혼 전후,1,1,0,0
CNS-GYE-00736,CTR-GYE-010,GYE,부부갈등,3,3,0,0
CNS-GYE-00736,CTR-GYE-010,GYE,부모-자녀 갈등,2,2,0,0
CNS-GYE-00736,CTR-GYE-010,GYE,기타 가족관계,2,2,0,0
CNS-GYE-00737,CTR-GYE-010,GYE,부부갈등,3,2,1,0
CNS-GYE-00737,CTR-GYE-010,GYE,부모-자녀 갈등,2,1,1,0
CNS-GYE-00737,CTR-GYE-010,GYE,기타 가족관계,3,3,0,0
CNS-GYE-00737,CTR-GYE-010,GYE,이혼 전후,1,1,0,0
CNS-GYE-00738,CTR-GYE-010,GYE,부부갈등,2,2,0,0
CNS-GYE-00738,CTR-GYE-010,GYE,부모-자녀 갈등,1,1,0,0
CNS-GYE-00738,CTR-GYE-010,GYE,기타 가족관계,2,2,0,0
CNS-GYE-00739,CTR-GYE-010,GYE,부부갈등,3,2,1,0
CNS-GYE-00739,CTR-GYE-010,GYE,부모-자녀 갈등,2,2,0,0
CNS-GYE-00739,CTR-GYE-010,GYE,기타 가족관계,3,2,1,0
CNS-GYE-00740,CTR-GYE-010,GYE,부부갈등,2,2,0,0
CNS-GYE-00740,CTR-GYE-010,GYE,부모-자녀 갈등,2,2,0,0
CNS-GYE-00740,CTR-GYE-010,GYE,기타 가족관계,2,2,0,0
CNS-GYE-00741,CTR-GYE-011,GYE,부부갈등,4,3,1,0
CNS-GYE-00741,CTR-GYE-011,GYE,부모-자녀 갈등,3,3,0,0
CNS-GYE-00741,CTR-GYE-011,GYE,기타 가족관계,4,3,1,0
CNS-GYE-00742,CTR-GYE-011,GYE,부부갈등,3,2,1,0
CNS-GYE-00742,CTR-GYE-011,GYE,부모-자녀 갈등,2,2,0,0
CNS-GYE-00742,CTR-GYE-011,GYE,기타 가족관계,3,2,1,0
CNS-GYE-00742,CTR-GYE-011,GYE,이혼 전후,1,1,0,0
CNS-GYE-00743,CTR-GYE-011,GYE,부부갈등,3,2,1,0
CNS-GYE-00743,CTR-GYE-011,GYE,부모-자녀 갈등,3,2,1,0
CNS-GYE-00743,CTR-GYE-011,GYE,기타 가족관계,3,2,1,0
CNS-GYE-00743,CTR-GYE-011,GYE,이혼 전후,1,1,0,0
CNS-GYE-00744,CTR-GYE-011,GYE,부부갈등,2,2,0,0
CNS-GYE-00744,CTR-GYE-011,GYE,부모-자녀 갈등,1,1,0,0
CNS-GYE-00744,CTR-GYE-011,GYE,기타 가족관계,2,2,0,0
CNS-GYE-00745,CTR-GYE-011,GYE,부부갈등,2,2,0,0
CNS-GYE-00745,CTR-GYE-011,GYE,부모-자녀 갈등,2,2,0,0
CNS-GYE-00745,CTR-GYE-011,GYE,기타 가족관계,2,2,0,0
CNS-GYE-00746,CTR-GYE-011,GYE,부부갈등,3,3,0,0
CNS-GYE-00746,CTR-GYE-011,GYE,부모-자녀 갈등,2,2,0,0
CNS-GYE-00746,CTR-GYE-011,GYE,기타 가족관계,3,2,1,0
CNS-GYE-00747,CTR-GYE-011,GYE,부부갈등,2,2,0,0
CNS-GYE-00747,CTR-GYE-011,GYE,부모-자녀 갈등,2,2,0,0
CNS-GYE-00747,CTR-GYE-011,GYE,기타 가족관계,2,2,0,0
CNS-GYE-00748,CTR-GYE-011,GYE,부부갈등,2,2,0,0
CNS-GYE-00748,CTR-GYE-011,GYE,부모-자녀 갈등,2,2,0,0
CNS-GYE-00748,CTR-GYE-011,GYE,기타 가족관계,2,2,0,0
CNS-GYE-00749,CTR-GYE-011,GYE,부부갈등,3,2,1,0
CNS-GYE-00749,CTR-GYE-011,GYE,부모-자녀 갈등,2,2,0,0
CNS-GYE-00749,CTR-GYE-011,GYE,기타 가족관계,3,3,0,0
CNS-GYE-00750,CTR-GYE-012,GYE,부부갈등,2,2,0,0
CNS-GYE-00750,CTR-GYE-012,GYE,부모-자녀 갈등,2,2,0,0
CNS-GYE-00750,CTR-GYE-012,GYE,기타 가족관계,2,2,0,0
CNS-GYE-00751,CTR-GYE-012,GYE,부부갈등,5,4,1,0
CNS-GYE-00751,CTR-GYE-012,GYE,부모-자녀 갈등,3,3,0,0
CNS-GYE-00751,CTR-GYE-012,GYE,기타 가족관계,4,3,1,0
CNS-GYE-00751,CTR-GYE-012,GYE,이혼 전후,1,1,0,0
CNS-GYE-00752,CTR-GYE-012,GYE,부부갈등,2,2,0,0
CNS-GYE-00752,CTR-GYE-012,GYE,부모-자녀 갈등,2,2,0,0
CNS-GYE-00752,CTR-GYE-012,GYE,기타 가족관계,2,2,0,0
CNS-GYE-00753,CTR-GYE-012,GYE,부부갈등,2,2,0,0
CNS-GYE-00753,CTR-GYE-012,GYE,부모-자녀 갈등,1,1,0,0
CNS-GYE-00753,CTR-GYE-012,GYE,기타 가족관계,1,1,0,0
CNS-GYE-00754,CTR-GYE-012,GYE,부부갈등,2,2,0,0
CNS-GYE-00754,CTR-GYE-012,GYE,부모-자녀 갈등,1,1,0,0
CNS-GYE-00754,CTR-GYE-012,GYE,기타 가족관계,2,2,0,0
CNS-GYE-00755,CTR-GYE-012,GYE,부부갈등,3,3,0,0
CNS-GYE-00755,CTR-GYE-012,GYE,부모-자녀 갈등,2,2,0,0
CNS-GYE-00755,CTR-GYE-012,GYE,기타 가족관계,2,2,0,0
CNS-GYE-00756,CTR-GYE-012,GYE,부부갈등,3,3,0,0
CNS-GYE-00756,CTR-GYE-012,GYE,부모-자녀 갈등,2,2,0,0
CNS-GYE-00756,CTR-GYE-012,GYE,기타 가족관계,3,2,1,0
CNS-GYE-00757,CTR-GYE-012,GYE,부부갈등,3,2,1,0
CNS-GYE-00757,CTR-GYE-012,GYE,부모-자녀 갈등,2,2,0,0
CNS-GYE-00757,CTR-GYE-012,GYE,기타 가족관계,3,3,0,0
CNS-GYE-00758,CTR-GYE-012,GYE,부부갈등,3,3,0,0
CNS-GYE-00758,CTR-GYE-012,GYE,부모-자녀 갈등,2,2,0,0
CNS-GYE-00758,CTR-GYE-012,GYE,기타 가족관계,3,2,1,0
CNS-GYE-00758,CTR-GYE-012,GYE,이혼 전후,1,1,0,0
CNS-GYE-00759,CTR-GYE-012,GYE,부부갈등,3,2,1,0
CNS-GYE-00759,CTR-GYE-012,GYE,부모-자녀 갈등,2,2,0,0
CNS-GYE-00759,CTR-GYE-012,GYE,기타 가족관계,2,2,0,0
CNS-GYE-00760,CTR-GYE-013,GYE,부부갈등,4,3,1,0
CNS-GYE-00760,CTR-GYE-013,GYE,부모-자녀 갈등,3,2,1,0
CNS-GYE-00760,CTR-GYE-013,GYE,기타 가족관계,4,3,1,0
CNS-GYE-00760,CTR-GYE-013,GYE,이혼 전후,1,1,0,0
CNS-GYE-00761,CTR-GYE-013,GYE,부부갈등,5,4,1,0
CNS-GYE-00761,CTR-GYE-013,GYE,부모-자녀 갈등,4,3,1,0
CNS-GYE-00761,CTR-GYE-013,GYE,기타 가족관계,4,3,1,0
CNS-GYE-00761,CTR-GYE-013,GYE,이혼 전후,1,1,0,0
CNS-GYE-00762,CTR-GYE-013,GYE,부부갈등,2,2,0,0
CNS-GYE-00762,CTR-GYE-013,GYE,부모-자녀 갈등,2,2,0,0
CNS-GYE-00762,CTR-GYE-013,GYE,기타 가족관계,2,2,0,0
CNS-GYE-00763,CTR-GYE-013,GYE,부부갈등,2,2,0,0
CNS-GYE-00763,CTR-GYE-013,GYE,부모-자녀 갈등,1,1,0,0
CNS-GYE-00763,CTR-GYE-013,GYE,기타 가족관계,2,2,0,0
CNS-GYE-00764,CTR-GYE-013,GYE,부부갈등,3,2,1,0
CNS-GYE-00764,CTR-GYE-013,GYE,부모-자녀 갈등,2,2,0,0
CNS-GYE-00764,CTR-GYE-013,GYE,기타 가족관계,3,2,1,0
CNS-GYE-00765,CTR-GYE-013,GYE,부부갈등,3,3,0,0
CNS-GYE-00765,CTR-GYE-013,GYE,부모-자녀 갈등,2,2,0,0
CNS-GYE-00765,CTR-GYE-013,GYE,기타 가족관계,2,2,0,0
CNS-GYE-00766,CTR-GYE-013,GYE,부부갈등,2,2,0,0
CNS-GYE-00766,CTR-GYE-013,GYE,부모-자녀 갈등,1,1,0,0
CNS-GYE-00766,CTR-GYE-013,GYE,기타 가족관계,2,2,0,0
CNS-GYE-00767,CTR-GYE-013,GYE,부부갈등,3,2,1,0
CNS-GYE-00767,CTR-GYE-013,GYE,부모-자녀 갈등,2,1,1,0
CNS-GYE-00767,CTR-GYE-013,GYE,기타 가족관계,2,2,0,0
CNS-GYE-00768,CTR-GYE-013,GYE,부부갈등,3,3,0,0
CNS-GYE-00768,CTR-GYE-013,GYE,부모-자녀 갈등,2,2,0,0
CNS-GYE-00768,CTR-GYE-013,GYE,기타 가족관계,3,2,1,0
CNS-GYE-00769,CTR-GYE-013,GYE,부부갈등,3,3,0,0
CNS-GYE-00769,CTR-GYE-013,GYE,부모-자녀 갈등,2,2,0,0
CNS-GYE-00769,CTR-GYE-013,GYE,기타 가족관계,2,2,0,0
CNS-GYE-00770,CTR-GYE-013,GYE,부부갈등,2,2,0,0
CNS-GYE-00770,CTR-GYE-013,GYE,부모-자녀 갈등,1,1,0,0
CNS-GYE-00770,CTR-GYE-013,GYE,기타 가족관계,1,1,0,0
CNS-GYE-00771,CTR-GYE-014,GYE,부부갈등,3,2,1,0
CNS-GYE-00771,CTR-GYE-014,GYE,부모-자녀 갈등,2,2,0,0
CNS-GYE-00771,CTR-GYE-014,GYE,기타 가족관계,3,2,1,0
CNS-GYE-00772,CTR-GYE-014,GYE,부부갈등,5,4,1,0
CNS-GYE-00772,CTR-GYE-014,GYE,부모-자녀 갈등,3,2,1,0
CNS-GYE-00772,CTR-GYE-014,GYE,기타 가족관계,4,3,1,0
CNS-GYE-00772,CTR-GYE-014,GYE,이혼 전후,1,1,0,0
CNS-GYE-00773,CTR-GYE-014,GYE,부부갈등,3,2,1,0
CNS-GYE-00773,CTR-GYE-014,GYE,부모-자녀 갈등,2,1,1,0
CNS-GYE-00773,CTR-GYE-014,GYE,기타 가족관계,3,2,1,0
CNS-GYE-00774,CTR-GYE-014,GYE,부부갈등,3,3,0,0
CNS-GYE-00774,CTR-GYE-014,GYE,부모-자녀 갈등,2,2,0,0
CNS-GYE-00774,CTR-GYE-014,GYE,기타 가족관계,3,2,1,0
CNS-GYE-00775,CTR-GYE-014,GYE,부부갈등,3,3,0,0
CNS-GYE-00775,CTR-GYE-014,GYE,부모-자녀 갈등,2,2,0,0
CNS-GYE-00775,CTR-GYE-014,GYE,기타 가족관계,2,2,0,0
CNS-GYE-00776,CTR-GYE-014,GYE,부부갈등,3,3,0,0
CNS-GYE-00776,CTR-GYE-014,GYE,부모-자녀 갈등,2,2,0,0
CNS-GYE-00776,CTR-GYE-014,GYE,기타 가족관계,3,2,1,0
CNS-GYE-00777,CTR-GYE-014,GYE,부부갈등,2,2,0,0
CNS-GYE-00777,CTR-GYE-014,GYE,부모-자녀 갈등,2,2,0,0
CNS-GYE-00777,CTR-GYE-014,GYE,기타 가족관계,2,2,0,0
CNS-GYE-00778,CTR-GYE-014,GYE,부부갈등,4,3,1,0
CNS-GYE-00778,CTR-GYE-014,GYE,부모-자녀 갈등,3,3,0,0
CNS-GYE-00778,CTR-GYE-014,GYE,기타 가족관계,4,4,0,0
CNS-GYE-00779,CTR-GYE-014,GYE,부부갈등,3,2,1,0
CNS-GYE-00779,CTR-GYE-014,GYE,부모-자녀 갈등,2,2,0,0
CNS-GYE-00779,CTR-GYE-014,GYE,기타 가족관계,2,2,0,0
CNS-GYE-00780,CTR-GYE-014,GYE,부부갈등,3,2,1,0
CNS-GYE-00780,CTR-GYE-014,GYE,부모-자녀 갈등,2,2,0,0
CNS-GYE-00780,CTR-GYE-014,GYE,기타 가족관계,2,2,0,0
CNS-GYE-00781,CTR-GYE-015,GYE,부부갈등,3,2,1,0
CNS-GYE-00781,CTR-GYE-015,GYE,부모-자녀 갈등,3,3,0,0
CNS-GYE-00781,CTR-GYE-015,GYE,기타 가족관계,3,2,1,0
CNS-GYE-00781,CTR-GYE-015,GYE,이혼 전후,1,1,0,0
CNS-GYE-00782,CTR-GYE-015,GYE,부부갈등,3,2,1,0
CNS-GYE-00782,CTR-GYE-015,GYE,부모-자녀 갈등,2,2,0,0
CNS-GYE-00782,CTR-GYE-015,GYE,기타 가족관계,3,2,1,0
CNS-GYE-00783,CTR-GYE-015,GYE,부부갈등,3,2,1,0
CNS-GYE-00783,CTR-GYE-015,GYE,부모-자녀 갈등,3,3,0,0
CNS-GYE-00783,CTR-GYE-015,GYE,기타 가족관계,3,2,1,0
CNS-GYE-00783,CTR-GYE-015,GYE,이혼 전후,1,1,0,0
CNS-GYE-00784,CTR-GYE-015,GYE,부부갈등,3,3,0,0
CNS-GYE-00784,CTR-GYE-015,GYE,부모-자녀 갈등,2,2,0,0
CNS-GYE-00784,CTR-GYE-015,GYE,기타 가족관계,3,3,0,0
CNS-GYE-00785,CTR-GYE-015,GYE,부부갈등,2,2,0,0
CNS-GYE-00785,CTR-GYE-015,GYE,부모-자녀 갈등,1,1,0,0
CNS-GYE-00785,CTR-GYE-015,GYE,기타 가족관계,2,2,0,0
CNS-GYE-00786,CTR-GYE-015,GYE,부부갈등,3,3,0,0
CNS-GYE-00786,CTR-GYE-015,GYE,부모-자녀 갈등,2,2,0,0
CNS-GYE-00786,CTR-GYE-015,GYE,기타 가족관계,3,2,1,0
CNS-GYE-00786,CTR-GYE-015,GYE,이혼 전후,1,1,0,0
CNS-GYE-00787,CTR-GYE-015,GYE,부부갈등,3,2,1,0
CNS-GYE-00787,CTR-GYE-015,GYE,부모-자녀 갈등,2,2,0,0
CNS-GYE-00787,CTR-GYE-015,GYE,기타 가족관계,3,2,1,0
CNS-GYE-00787,CTR-GYE-015,GYE,이혼 전후,1,1,0,0
CNS-GYE-00788,CTR-GYE-015,GYE,부부갈등,1,1,0,0
CNS-GYE-00788,CTR-GYE-015,GYE,부모-자녀 갈등,1,1,0,0
CNS-GYE-00788,CTR-GYE-015,GYE,기타 가족관계,1,1,0,0
CNS-GYE-00789,CTR-GYE-015,GYE,부부갈등,3,3,0,0
CNS-GYE-00789,CTR-GYE-015,GYE,부모-자녀 갈등,2,2,0,0
CNS-GYE-00789,CTR-GYE-015,GYE,기타 가족관계,2,2,0,0
CNS-GYE-00790,CTR-GYE-015,GYE,부부갈등,3,3,0,0
CNS-GYE-00790,CTR-GYE-015,GYE,부모-자녀 갈등,3,2,1,0
CNS-GYE-00790,CTR-GYE-015,GYE,기타 가족관계,3,2,1,0
CNS-GYE-00790,CTR-GYE-015,GYE,이혼 전후,1,1,0,0
CNS-GYE-00791,CTR-GYE-016,GYE,부부갈등,3,3,0,0
CNS-GYE-00791,CTR-GYE-016,GYE,부모-자녀 갈등,2,2,0,0
CNS-GYE-00791,CTR-GYE-016,GYE,기타 가족관계,3,3,0,0
CNS-GYE-00791,CTR-GYE-016,GYE,이혼 전후,1,1,0,0
CNS-GYE-00792,CTR-GYE-016,GYE,부부갈등,5,4,1,0
CNS-GYE-00792,CTR-GYE-016,GYE,부모-자녀 갈등,3,3,0,0
CNS-GYE-00792,CTR-GYE-016,GYE,기타 가족관계,4,3,1,0
CNS-GYE-00792,CTR-GYE-016,GYE,이혼 전후,1,1,0,0
CNS-GYE-00793,CTR-GYE-016,GYE,부부갈등,3,3,0,0
CNS-GYE-00793,CTR-GYE-016,GYE,부모-자녀 갈등,2,2,0,0
CNS-GYE-00793,CTR-GYE-016,GYE,기타 가족관계,3,2,1,0
CNS-GYE-00794,CTR-GYE-016,GYE,부부갈등,3,3,0,0
CNS-GYE-00794,CTR-GYE-016,GYE,부모-자녀 갈등,2,2,0,0
CNS-GYE-00794,CTR-GYE-016,GYE,기타 가족관계,3,2,1,0
CNS-GYE-00795,CTR-GYE-016,GYE,부부갈등,3,2,1,0
CNS-GYE-00795,CTR-GYE-016,GYE,부모-자녀 갈등,2,2,0,0
CNS-GYE-00795,CTR-GYE-016,GYE,기타 가족관계,2,2,0,0
CNS-GYE-00796,CTR-GYE-016,GYE,부부갈등,4,3,1,0
CNS-GYE-00796,CTR-GYE-016,GYE,부모-자녀 갈등,3,2,1,0
CNS-GYE-00796,CTR-GYE-016,GYE,기타 가족관계,4,3,1,0
CNS-GYE-00797,CTR-GYE-016,GYE,부부갈등,2,2,0,0
CNS-GYE-00797,CTR-GYE-016,GYE,부모-자녀 갈등,2,2,0,0
CNS-GYE-00797,CTR-GYE-016,GYE,기타 가족관계,2,2,0,0
CNS-GYE-00798,CTR-GYE-016,GYE,부부갈등,2,2,0,0
CNS-GYE-00798,CTR-GYE-016,GYE,부모-자녀 갈등,2,2,0,0
CNS-GYE-00798,CTR-GYE-016,GYE,기타 가족관계,2,2,0,0
CNS-GYE-00799,CTR-GYE-016,GYE,부부갈등,2,2,0,0
CNS-GYE-00799,CTR-GYE-016,GYE,부모-자녀 갈등,2,2,0,0
CNS-GYE-00799,CTR-GYE-016,GYE,기타 가족관계,2,2,0,0
CNS-GYE-00800,CTR-GYE-016,GYE,부부갈등,3,2,1,0
CNS-GYE-00800,CTR-GYE-016,GYE,부모-자녀 갈등,3,2,1,0
CNS-GYE-00800,CTR-GYE-016,GYE,기타 가족관계,3,3,0,0
CNS-GYE-00800,CTR-GYE-016,GYE,이혼 전후,1,1,0,0
CNS-GYE-00801,CTR-GYE-016,GYE,부부갈등,3,2,1,0
CNS-GYE-00801,CTR-GYE-016,GYE,부모-자녀 갈등,2,2,0,0
CNS-GYE-00801,CTR-GYE-016,GYE,기타 가족관계,2,2,0,0
CNS-GYE-00802,CTR-GYE-017,GYE,부부갈등,5,4,1,0
CNS-GYE-00802,CTR-GYE-017,GYE,부모-자녀 갈등,3,3,0,0
CNS-GYE-00802,CTR-GYE-017,GYE,기타 가족관계,4,3,1,0
CNS-GYE-00802,CTR-GYE-017,GYE,이혼 전후,1,1,0,0
CNS-GYE-00803,CTR-GYE-017,GYE,부부갈등,4,3,1,0
CNS-GYE-00803,CTR-GYE-017,GYE,부모-자녀 갈등,3,2,1,0
CNS-GYE-00803,CTR-GYE-017,GYE,기타 가족관계,4,4,0,0
CNS-GYE-00804,CTR-GYE-017,GYE,부부갈등,4,4,0,0
CNS-GYE-00804,CTR-GYE-017,GYE,부모-자녀 갈등,3,2,1,0
CNS-GYE-00804,CTR-GYE-017,GYE,기타 가족관계,4,3,1,0
CNS-GYE-00805,CTR-GYE-017,GYE,부부갈등,3,2,1,0
CNS-GYE-00805,CTR-GYE-017,GYE,부모-자녀 갈등,2,2,0,0
CNS-GYE-00805,CTR-GYE-017,GYE,기타 가족관계,3,3,0,0
CNS-GYE-00806,CTR-GYE-017,GYE,부부갈등,2,2,0,0
CNS-GYE-00806,CTR-GYE-017,GYE,부모-자녀 갈등,2,2,0,0
CNS-GYE-00806,CTR-GYE-017,GYE,기타 가족관계,2,2,0,0
CNS-GYE-00807,CTR-GYE-017,GYE,부부갈등,3,2,1,0
CNS-GYE-00807,CTR-GYE-017,GYE,부모-자녀 갈등,2,2,0,0
CNS-GYE-00807,CTR-GYE-017,GYE,기타 가족관계,3,2,1,0
CNS-GYE-00807,CTR-GYE-017,GYE,이혼 전후,1,1,0,0
CNS-GYE-00808,CTR-GYE-017,GYE,부부갈등,3,2,1,0
CNS-GYE-00808,CTR-GYE-017,GYE,부모-자녀 갈등,2,2,0,0
CNS-GYE-00808,CTR-GYE-017,GYE,기타 가족관계,3,2,1,0
CNS-GYE-00809,CTR-GYE-017,GYE,부부갈등,3,2,1,0
CNS-GYE-00809,CTR-GYE-017,GYE,부모-자녀 갈등,2,2,0,0
CNS-GYE-00809,CTR-GYE-017,GYE,기타 가족관계,3,3,0,0
CNS-GYE-00810,CTR-GYE-017,GYE,부부갈등,3,2,1,0
CNS-GYE-00810,CTR-GYE-017,GYE,부모-자녀 갈등,3,3,0,0
CNS-GYE-00810,CTR-GYE-017,GYE,기타 가족관계,3,2,1,0
CNS-GYE-00810,CTR-GYE-017,GYE,이혼 전후,1,1,0,0
CNS-GYE-00811,CTR-GYE-018,GYE,부부갈등,4,3,1,0
CNS-GYE-00811,CTR-GYE-018,GYE,부모-자녀 갈등,3,2,1,0
CNS-GYE-00811,CTR-GYE-018,GYE,기타 가족관계,4,3,1,0
CNS-GYE-00811,CTR-GYE-018,GYE,이혼 전후,1,1,0,0
CNS-GYE-00812,CTR-GYE-018,GYE,부부갈등,3,3,0,0
CNS-GYE-00812,CTR-GYE-018,GYE,부모-자녀 갈등,3,3,0,0
CNS-GYE-00812,CTR-GYE-018,GYE,기타 가족관계,3,3,0,0
CNS-GYE-00812,CTR-GYE-018,GYE,이혼 전후,1,1,0,0
CNS-GYE-00813,CTR-GYE-018,GYE,부부갈등,2,2,0,0
CNS-GYE-00813,CTR-GYE-018,GYE,부모-자녀 갈등,2,2,0,0
CNS-GYE-00813,CTR-GYE-018,GYE,기타 가족관계,2,2,0,0
CNS-GYE-00814,CTR-GYE-018,GYE,부부갈등,1,1,0,0
CNS-GYE-00814,CTR-GYE-018,GYE,부모-자녀 갈등,1,1,0,0
CNS-GYE-00814,CTR-GYE-018,GYE,기타 가족관계,1,1,0,0
CNS-GYE-00815,CTR-GYE-018,GYE,부부갈등,3,2,1,0
CNS-GYE-00815,CTR-GYE-018,GYE,부모-자녀 갈등,2,2,0,0
CNS-GYE-00815,CTR-GYE-018,GYE,기타 가족관계,2,2,0,0
CNS-GYE-00816,CTR-GYE-018,GYE,부부갈등,1,1,0,0
CNS-GYE-00816,CTR-GYE-018,GYE,부모-자녀 갈등,1,1,0,0
CNS-GYE-00816,CTR-GYE-018,GYE,기타 가족관계,1,1,0,0
CNS-GYE-00817,CTR-GYE-018,GYE,부부갈등,3,2,1,0
CNS-GYE-00817,CTR-GYE-018,GYE,부모-자녀 갈등,2,2,0,0
CNS-GYE-00817,CTR-GYE-018,GYE,기타 가족관계,3,2,1,0
CNS-GYE-00817,CTR-GYE-018,GYE,이혼 전후,1,1,0,0
CNS-GYE-00818,CTR-GYE-018,GYE,부부갈등,3,2,1,0
CNS-GYE-00818,CTR-GYE-018,GYE,부모-자녀 갈등,2,2,0,0
CNS-GYE-00818,CTR-GYE-018,GYE,기타 가족관계,3,3,0,0
CNS-GYE-00819,CTR-GYE-018,GYE,부부갈등,3,3,0,0
CNS-GYE-00819,CTR-GYE-018,GYE,부모-자녀 갈등,2,2,0,0
CNS-GYE-00819,CTR-GYE-018,GYE,기타 가족관계,3,2,1,0
CNS-GYE-00820,CTR-GYE-019,GYE,부부갈등,3,3,0,0
CNS-GYE-00820,CTR-GYE-019,GYE,부모-자녀 갈등,3,2,1,0
CNS-GYE-00820,CTR-GYE-019,GYE,기타 가족관계,3,2,1,0
CNS-GYE-00820,CTR-GYE-019,GYE,이혼 전후,1,1,0,0
CNS-GYE-00821,CTR-GYE-019,GYE,부부갈등,4,3,1,0
CNS-GYE-00821,CTR-GYE-019,GYE,부모-자녀 갈등,3,2,1,0
CNS-GYE-00821,CTR-GYE-019,GYE,기타 가족관계,4,3,1,0
CNS-GYE-00822,CTR-GYE-019,GYE,부부갈등,3,2,1,0
CNS-GYE-00822,CTR-GYE-019,GYE,부모-자녀 갈등,2,2,0,0
CNS-GYE-00822,CTR-GYE-019,GYE,기타 가족관계,3,2,1,0
CNS-GYE-00822,CTR-GYE-019,GYE,이혼 전후,1,1,0,0
CNS-GYE-00823,CTR-GYE-019,GYE,부부갈등,2,2,0,0
CNS-GYE-00823,CTR-GYE-019,GYE,부모-자녀 갈등,1,1,0,0
CNS-GYE-00823,CTR-GYE-019,GYE,기타 가족관계,2,2,0,0
CNS-GYE-00824,CTR-GYE-019,GYE,부부갈등,3,3,0,0
CNS-GYE-00824,CTR-GYE-019,GYE,부모-자녀 갈등,2,2,0,0
CNS-GYE-00824,CTR-GYE-019,GYE,기타 가족관계,3,2,1,0
CNS-GYE-00825,CTR-GYE-019,GYE,부부갈등,3,3,0,0
CNS-GYE-00825,CTR-GYE-019,GYE,부모-자녀 갈등,2,2,0,0
CNS-GYE-00825,CTR-GYE-019,GYE,기타 가족관계,3,3,0,0
CNS-GYE-00826,CTR-GYE-019,GYE,부부갈등,2,2,0,0
CNS-GYE-00826,CTR-GYE-019,GYE,부모-자녀 갈등,2,2,0,0
CNS-GYE-00826,CTR-GYE-019,GYE,기타 가족관계,2,2,0,0
CNS-GYE-00827,CTR-GYE-019,GYE,부부갈등,3,2,1,0
CNS-GYE-00827,CTR-GYE-019,GYE,부모-자녀 갈등,2,2,0,0
CNS-GYE-00827,CTR-GYE-019,GYE,기타 가족관계,3,3,0,0
CNS-GYE-00828,CTR-GYE-019,GYE,부부갈등,3,2,1,0
CNS-GYE-00828,CTR-GYE-019,GYE,부모-자녀 갈등,3,2,1,0
CNS-GYE-00828,CTR-GYE-019,GYE,기타 가족관계,3,3,0,0
CNS-GYE-00828,CTR-GYE-019,GYE,이혼 전후,1,1,0,0
CNS-GYE-00829,CTR-GYE-019,GYE,부부갈등,3,3,0,0
CNS-GYE-00829,CTR-GYE-019,GYE,부모-자녀 갈등,2,2,0,0
CNS-GYE-00829,CTR-GYE-019,GYE,기타 가족관계,3,2,1,0
CNS-GYE-00830,CTR-GYE-020,GYE,부부갈등,5,4,1,0
CNS-GYE-00830,CTR-GYE-020,GYE,부모-자녀 갈등,3,2,1,0
CNS-GYE-00830,CTR-GYE-020,GYE,기타 가족관계,4,4,0,0
CNS-GYE-00830,CTR-GYE-020,GYE,이혼 전후,1,1,0,0
CNS-GYE-00831,CTR-GYE-020,GYE,부부갈등,5,5,0,0
CNS-GYE-00831,CTR-GYE-020,GYE,부모-자녀 갈등,3,2,1,0
CNS-GYE-00831,CTR-GYE-020,GYE,기타 가족관계,4,3,1,0
CNS-GYE-00831,CTR-GYE-020,GYE,이혼 전후,1,1,0,0
CNS-GYE-00832,CTR-GYE-020,GYE,부부갈등,3,2,1,0
CNS-GYE-00832,CTR-GYE-020,GYE,부모-자녀 갈등,2,1,1,0
CNS-GYE-00832,CTR-GYE-020,GYE,기타 가족관계,3,2,1,0
CNS-GYE-00833,CTR-GYE-020,GYE,부부갈등,3,2,1,0
CNS-GYE-00833,CTR-GYE-020,GYE,부모-자녀 갈등,2,2,0,0
CNS-GYE-00833,CTR-GYE-020,GYE,기타 가족관계,2,2,0,0
CNS-GYE-00834,CTR-GYE-020,GYE,부부갈등,3,2,1,0
CNS-GYE-00834,CTR-GYE-020,GYE,부모-자녀 갈등,2,2,0,0
CNS-GYE-00834,CTR-GYE-020,GYE,기타 가족관계,2,2,0,0
CNS-GYE-00835,CTR-GYE-020,GYE,부부갈등,2,2,0,0
CNS-GYE-00835,CTR-GYE-020,GYE,부모-자녀 갈등,2,2,0,0
CNS-GYE-00835,CTR-GYE-020,GYE,기타 가족관계,2,2,0,0
CNS-GYE-00836,CTR-GYE-020,GYE,부부갈등,3,3,0,0
CNS-GYE-00836,CTR-GYE-020,GYE,부모-자녀 갈등,2,2,0,0
CNS-GYE-00836,CTR-GYE-020,GYE,기타 가족관계,2,2,0,0
CNS-GYE-00837,CTR-GYE-020,GYE,부부갈등,3,2,1,0
CNS-GYE-00837,CTR-GYE-020,GYE,부모-자녀 갈등,2,2,0,0
CNS-GYE-00837,CTR-GYE-020,GYE,기타 가족관계,2,2,0,0
CNS-GYE-00838,CTR-GYE-020,GYE,부부갈등,2,2,0,0
CNS-GYE-00838,CTR-GYE-020,GYE,부모-자녀 갈등,2,2,0,0
CNS-GYE-00838,CTR-GYE-020,GYE,기타 가족관계,2,2,0,0
CNS-GYE-00839,CTR-GYE-021,GYE,부부갈등,5,4,1,0
CNS-GYE-00839,CTR-GYE-021,GYE,부모-자녀 갈등,4,3,1,0
CNS-GYE-00839,CTR-GYE-021,GYE,기타 가족관계,5,4,1,0
CNS-GYE-00839,CTR-GYE-021,GYE,이혼 전후,1,1,0,0
CNS-GYE-00840,CTR-GYE-021,GYE,부부갈등,4,3,1,0
CNS-GYE-00840,CTR-GYE-021,GYE,부모-자녀 갈등,3,3,0,0
CNS-GYE-00840,CTR-GYE-021,GYE,기타 가족관계,4,3,1,0
CNS-GYE-00840,CTR-GYE-021,GYE,이혼 전후,1,1,0,0
CNS-GYE-00841,CTR-GYE-021,GYE,부부갈등,2,2,0,0
CNS-GYE-00841,CTR-GYE-021,GYE,부모-자녀 갈등,2,2,0,0
CNS-GYE-00841,CTR-GYE-021,GYE,기타 가족관계,2,2,0,0
CNS-GYE-00842,CTR-GYE-021,GYE,부부갈등,2,2,0,0
CNS-GYE-00842,CTR-GYE-021,GYE,부모-자녀 갈등,1,1,0,0
CNS-GYE-00842,CTR-GYE-021,GYE,기타 가족관계,1,1,0,0
CNS-GYE-00843,CTR-GYE-021,GYE,부부갈등,3,3,0,0
CNS-GYE-00843,CTR-GYE-021,GYE,부모-자녀 갈등,2,2,0,0
CNS-GYE-00843,CTR-GYE-021,GYE,기타 가족관계,3,2,1,0
CNS-GYE-00843,CTR-GYE-021,GYE,이혼 전후,1,1,0,0
CNS-GYE-00844,CTR-GYE-021,GYE,부부갈등,2,2,0,0
CNS-GYE-00844,CTR-GYE-021,GYE,부모-자녀 갈등,2,2,0,0
CNS-GYE-00844,CTR-GYE-021,GYE,기타 가족관계,2,2,0,0
CNS-GYE-00845,CTR-GYE-021,GYE,부부갈등,3,2,1,0
CNS-GYE-00845,CTR-GYE-021,GYE,부모-자녀 갈등,3,3,0,0
CNS-GYE-00845,CTR-GYE-021,GYE,기타 가족관계,3,3,0,0
CNS-GYE-00845,CTR-GYE-021,GYE,이혼 전후,1,1,0,0
CNS-GYE-00846,CTR-GYE-021,GYE,부부갈등,2,1,1,0
CNS-GYE-00846,CTR-GYE-021,GYE,부모-자녀 갈등,1,1,0,0
CNS-GYE-00846,CTR-GYE-021,GYE,기타 가족관계,2,2,0,0
CNS-GYE-00847,CTR-GYE-021,GYE,부부갈등,3,3,0,0
CNS-GYE-00847,CTR-GYE-021,GYE,부모-자녀 갈등,2,2,0,0
CNS-GYE-00847,CTR-GYE-021,GYE,기타 가족관계,3,2,1,0
CNS-GYE-00848,CTR-GYE-021,GYE,부부갈등,2,2,0,0
CNS-GYE-00848,CTR-GYE-021,GYE,부모-자녀 갈등,2,2,0,0
CNS-GYE-00848,CTR-GYE-021,GYE,기타 가족관계,2,2,0,0
CNS-GYE-00849,CTR-GYE-022,GYE,부부갈등,4,3,1,0
CNS-GYE-00849,CTR-GYE-022,GYE,부모-자녀 갈등,3,2,1,0
CNS-GYE-00849,CTR-GYE-022,GYE,기타 가족관계,4,3,1,0
CNS-GYE-00850,CTR-GYE-022,GYE,부부갈등,5,4,1,0
CNS-GYE-00850,CTR-GYE-022,GYE,부모-자녀 갈등,3,2,1,0
CNS-GYE-00850,CTR-GYE-022,GYE,기타 가족관계,4,3,1,0
CNS-GYE-00850,CTR-GYE-022,GYE,이혼 전후,1,1,0,0
CNS-GYE-00851,CTR-GYE-022,GYE,부부갈등,2,2,0,0
CNS-GYE-00851,CTR-GYE-022,GYE,부모-자녀 갈등,1,1,0,0
CNS-GYE-00851,CTR-GYE-022,GYE,기타 가족관계,2,2,0,0
CNS-GYE-00852,CTR-GYE-022,GYE,부부갈등,2,2,0,0
CNS-GYE-00852,CTR-GYE-022,GYE,부모-자녀 갈등,2,2,0,0
CNS-GYE-00852,CTR-GYE-022,GYE,기타 가족관계,2,2,0,0
CNS-GYE-00853,CTR-GYE-022,GYE,부부갈등,1,1,0,0
CNS-GYE-00853,CTR-GYE-022,GYE,부모-자녀 갈등,1,1,0,0
CNS-GYE-00853,CTR-GYE-022,GYE,기타 가족관계,1,1,0,0
CNS-GYE-00854,CTR-GYE-022,GYE,부부갈등,2,2,0,0
CNS-GYE-00854,CTR-GYE-022,GYE,부모-자녀 갈등,2,2,0,0
CNS-GYE-00854,CTR-GYE-022,GYE,기타 가족관계,2,2,0,0
CNS-GYE-00855,CTR-GYE-022,GYE,부부갈등,3,2,1,0
CNS-GYE-00855,CTR-GYE-022,GYE,부모-자녀 갈등,2,2,0,0
CNS-GYE-00855,CTR-GYE-022,GYE,기타 가족관계,3,2,1,0
CNS-GYE-00855,CTR-GYE-022,GYE,이혼 전후,1,1,0,0
CNS-GYE-00856,CTR-GYE-022,GYE,부부갈등,2,2,0,0
CNS-GYE-00856,CTR-GYE-022,GYE,부모-자녀 갈등,1,1,0,0
CNS-GYE-00856,CTR-GYE-022,GYE,기타 가족관계,2,2,0,0
CNS-GYE-00857,CTR-GYE-022,GYE,부부갈등,3,2,1,0
CNS-GYE-00857,CTR-GYE-022,GYE,부모-자녀 갈등,2,2,0,0
CNS-GYE-00857,CTR-GYE-022,GYE,기타 가족관계,2,2,0,0
CNS-GYE-00858,CTR-GYE-022,GYE,부부갈등,2,2,0,0
CNS-GYE-00858,CTR-GYE-022,GYE,부모-자녀 갈등,2,2,0,0
CNS-GYE-00858,CTR-GYE-022,GYE,기타 가족관계,2,2,0,0
CNS-GYE-00859,CTR-GYE-023,GYE,부부갈등,4,4,0,0
CNS-GYE-00859,CTR-GYE-023,GYE,부모-자녀 갈등,3,2,1,0
CNS-GYE-00859,CTR-GYE-023,GYE,기타 가족관계,4,3,1,0
CNS-GYE-00860,CTR-GYE-023,GYE,부부갈등,5,4,1,0
CNS-GYE-00860,CTR-GYE-023,GYE,부모-자녀 갈등,4,4,0,0
CNS-GYE-00860,CTR-GYE-023,GYE,기타 가족관계,5,4,1,0
CNS-GYE-00860,CTR-GYE-023,GYE,이혼 전후,1,1,0,0
CNS-GYE-00861,CTR-GYE-023,GYE,부부갈등,3,2,1,0
CNS-GYE-00861,CTR-GYE-023,GYE,부모-자녀 갈등,2,2,0,0
CNS-GYE-00861,CTR-GYE-023,GYE,기타 가족관계,3,2,1,0
CNS-GYE-00862,CTR-GYE-023,GYE,부부갈등,1,1,0,0
CNS-GYE-00862,CTR-GYE-023,GYE,부모-자녀 갈등,1,1,0,0
CNS-GYE-00862,CTR-GYE-023,GYE,기타 가족관계,1,1,0,0
CNS-GYE-00863,CTR-GYE-023,GYE,부부갈등,3,3,0,0
CNS-GYE-00863,CTR-GYE-023,GYE,부모-자녀 갈등,2,2,0,0
CNS-GYE-00863,CTR-GYE-023,GYE,기타 가족관계,2,2,0,0
CNS-GYE-00864,CTR-GYE-023,GYE,부부갈등,3,2,1,0
CNS-GYE-00864,CTR-GYE-023,GYE,부모-자녀 갈등,2,2,0,0
CNS-GYE-00864,CTR-GYE-023,GYE,기타 가족관계,2,2,0,0
CNS-GYE-00865,CTR-GYE-023,GYE,부부갈등,2,2,0,0
CNS-GYE-00865,CTR-GYE-023,GYE,부모-자녀 갈등,1,1,0,0
CNS-GYE-00865,CTR-GYE-023,GYE,기타 가족관계,1,1,0,0
CNS-GYE-00866,CTR-GYE-023,GYE,부부갈등,2,2,0,0
CNS-GYE-00866,CTR-GYE-023,GYE,부모-자녀 갈등,1,1,0,0
CNS-GYE-00866,CTR-GYE-023,GYE,기타 가족관계,2,2,0,0
CNS-GYE-00867,CTR-GYE-023,GYE,부부갈등,3,2,1,0
CNS-GYE-00867,CTR-GYE-023,GYE,부모-자녀 갈등,2,2,0,0
CNS-GYE-00867,CTR-GYE-023,GYE,기타 가족관계,2,2,0,0
CNS-GYE-00868,CTR-GYE-023,GYE,부부갈등,4,3,1,0
CNS-GYE-00868,CTR-GYE-023,GYE,부모-자녀 갈등,3,2,1,0
CNS-GYE-00868,CTR-GYE-023,GYE,기타 가족관계,4,3,1,0
CNS-GYE-00869,CTR-GYE-024,GYE,부부갈등,4,3,1,0
CNS-GYE-00869,CTR-GYE-024,GYE,부모-자녀 갈등,3,2,1,0
CNS-GYE-00869,CTR-GYE-024,GYE,기타 가족관계,4,3,1,0
CNS-GYE-00870,CTR-GYE-024,GYE,부부갈등,4,3,1,0
CNS-GYE-00870,CTR-GYE-024,GYE,부모-자녀 갈등,3,3,0,0
CNS-GYE-00870,CTR-GYE-024,GYE,기타 가족관계,4,3,1,0
CNS-GYE-00871,CTR-GYE-024,GYE,부부갈등,3,3,0,0
CNS-GYE-00871,CTR-GYE-024,GYE,부모-자녀 갈등,2,2,0,0
CNS-GYE-00871,CTR-GYE-024,GYE,기타 가족관계,2,2,0,0
CNS-GYE-00872,CTR-GYE-024,GYE,부부갈등,3,3,0,0
CNS-GYE-00872,CTR-GYE-024,GYE,부모-자녀 갈등,2,2,0,0
CNS-GYE-00872,CTR-GYE-024,GYE,기타 가족관계,2,2,0,0
CNS-GYE-00873,CTR-GYE-024,GYE,부부갈등,2,2,0,0
CNS-GYE-00873,CTR-GYE-024,GYE,부모-자녀 갈등,2,2,0,0
CNS-GYE-00873,CTR-GYE-024,GYE,기타 가족관계,2,2,0,0
CNS-GYE-00874,CTR-GYE-024,GYE,부부갈등,2,2,0,0
CNS-GYE-00874,CTR-GYE-024,GYE,부모-자녀 갈등,2,2,0,0
CNS-GYE-00874,CTR-GYE-024,GYE,기타 가족관계,2,2,0,0
CNS-GYE-00875,CTR-GYE-024,GYE,부부갈등,3,3,0,0
CNS-GYE-00875,CTR-GYE-024,GYE,부모-자녀 갈등,2,2,0,0
CNS-GYE-00875,CTR-GYE-024,GYE,기타 가족관계,2,2,0,0
CNS-GYE-00876,CTR-GYE-024,GYE,부부갈등,2,2,0,0
CNS-GYE-00876,CTR-GYE-024,GYE,부모-자녀 갈등,1,1,0,0
CNS-GYE-00876,CTR-GYE-024,GYE,기타 가족관계,1,1,0,0
CNS-GYE-00877,CTR-GYE-024,GYE,부부갈등,2,2,0,0
CNS-GYE-00877,CTR-GYE-024,GYE,부모-자녀 갈등,1,1,0,0
CNS-GYE-00877,CTR-GYE-024,GYE,기타 가족관계,2,2,0,0
CNS-GYE-00878,CTR-GYE-024,GYE,부부갈등,1,1,0,0
CNS-GYE-00878,CTR-GYE-024,GYE,부모-자녀 갈등,1,1,0,0
CNS-GYE-00878,CTR-GYE-024,GYE,기타 가족관계,1,1,0,0
CNS-GYE-00879,CTR-GYE-025,GYE,부부갈등,3,3,0,0
CNS-GYE-00879,CTR-GYE-025,GYE,부모-자녀 갈등,2,2,0,0
CNS-GYE-00879,CTR-GYE-025,GYE,기타 가족관계,3,2,1,0
CNS-GYE-00879,CTR-GYE-025,GYE,이혼 전후,1,1,0,0
CNS-GYE-00880,CTR-GYE-025,GYE,부부갈등,4,3,1,0
CNS-GYE-00880,CTR-GYE-025,GYE,부모-자녀 갈등,3,3,0,0
CNS-GYE-00880,CTR-GYE-025,GYE,기타 가족관계,4,3,1,0
CNS-GYE-00881,CTR-GYE-025,GYE,부부갈등,2,2,0,0
CNS-GYE-00881,CTR-GYE-025,GYE,부모-자녀 갈등,1,1,0,0
CNS-GYE-00881,CTR-GYE-025,GYE,기타 가족관계,2,2,0,0
CNS-GYE-00882,CTR-GYE-025,GYE,부부갈등,3,2,1,0
CNS-GYE-00882,CTR-GYE-025,GYE,부모-자녀 갈등,2,2,0,0
CNS-GYE-00882,CTR-GYE-025,GYE,기타 가족관계,3,3,0,0
CNS-GYE-00883,CTR-GYE-025,GYE,부부갈등,2,2,0,0
CNS-GYE-00883,CTR-GYE-025,GYE,부모-자녀 갈등,1,1,0,0
CNS-GYE-00883,CTR-GYE-025,GYE,기타 가족관계,2,2,0,0
CNS-GYE-00884,CTR-GYE-025,GYE,부부갈등,3,2,1,0
CNS-GYE-00884,CTR-GYE-025,GYE,부모-자녀 갈등,2,2,0,0
CNS-GYE-00884,CTR-GYE-025,GYE,기타 가족관계,3,2,1,0
CNS-GYE-00884,CTR-GYE-025,GYE,이혼 전후,1,1,0,0
CNS-GYE-00885,CTR-GYE-025,GYE,부부갈등,2,2,0,0
CNS-GYE-00885,CTR-GYE-025,GYE,부모-자녀 갈등,1,1,0,0
CNS-GYE-00885,CTR-GYE-025,GYE,기타 가족관계,2,2,0,0
CNS-GYE-00886,CTR-GYE-025,GYE,부부갈등,2,2,0,0
CNS-GYE-00886,CTR-GYE-025,GYE,부모-자녀 갈등,2,2,0,0
CNS-GYE-00886,CTR-GYE-025,GYE,기타 가족관계,2,2,0,0
CNS-GYE-00887,CTR-GYE-025,GYE,부부갈등,3,2,1,0
CNS-GYE-00887,CTR-GYE-025,GYE,부모-자녀 갈등,2,2,0,0
CNS-GYE-00887,CTR-GYE-025,GYE,기타 가족관계,3,2,1,0
CNS-GYE-00887,CTR-GYE-025,GYE,이혼 전후,1,1,0,0
CNS-GYE-00888,CTR-GYE-025,GYE,부부갈등,3,2,1,0
CNS-GYE-00888,CTR-GYE-025,GYE,부모-자녀 갈등,2,2,0,0
CNS-GYE-00888,CTR-GYE-025,GYE,기타 가족관계,2,2,0,0
CNS-GYE-00889,CTR-GYE-026,GYE,부부갈등,4,3,1,0
CNS-GYE-00889,CTR-GYE-026,GYE,부모-자녀 갈등,3,3,0,0
CNS-GYE-00889,CTR-GYE-026,GYE,기타 가족관계,4,3,1,0
CNS-GYE-00890,CTR-GYE-026,GYE,부부갈등,3,3,0,0
CNS-GYE-00890,CTR-GYE-026,GYE,부모-자녀 갈등,3,3,0,0
CNS-GYE-00890,CTR-GYE-026,GYE,기타 가족관계,3,2,1,0
CNS-GYE-00890,CTR-GYE-026,GYE,이혼 전후,1,1,0,0
CNS-GYE-00891,CTR-GYE-026,GYE,부부갈등,2,2,0,0
CNS-GYE-00891,CTR-GYE-026,GYE,부모-자녀 갈등,1,1,0,0
CNS-GYE-00891,CTR-GYE-026,GYE,기타 가족관계,2,2,0,0
CNS-GYE-00892,CTR-GYE-026,GYE,부부갈등,2,2,0,0
CNS-GYE-00892,CTR-GYE-026,GYE,부모-자녀 갈등,1,1,0,0
CNS-GYE-00892,CTR-GYE-026,GYE,기타 가족관계,1,1,0,0
CNS-GYE-00893,CTR-GYE-026,GYE,부부갈등,2,2,0,0
CNS-GYE-00893,CTR-GYE-026,GYE,부모-자녀 갈등,1,1,0,0
CNS-GYE-00893,CTR-GYE-026,GYE,기타 가족관계,1,1,0,0
CNS-GYE-00894,CTR-GYE-026,GYE,부부갈등,3,2,1,0
CNS-GYE-00894,CTR-GYE-026,GYE,부모-자녀 갈등,2,2,0,0
CNS-GYE-00894,CTR-GYE-026,GYE,기타 가족관계,3,2,1,0
CNS-GYE-00894,CTR-GYE-026,GYE,이혼 전후,1,1,0,0
CNS-GYE-00895,CTR-GYE-026,GYE,부부갈등,3,3,0,0
CNS-GYE-00895,CTR-GYE-026,GYE,부모-자녀 갈등,2,2,0,0
CNS-GYE-00895,CTR-GYE-026,GYE,기타 가족관계,2,2,0,0
CNS-GYE-00896,CTR-GYE-026,GYE,부부갈등,3,2,1,0
CNS-GYE-00896,CTR-GYE-026,GYE,부모-자녀 갈등,2,2,0,0
CNS-GYE-00896,CTR-GYE-026,GYE,기타 가족관계,3,3,0,0
CNS-GYE-00896,CTR-GYE-026,GYE,이혼 전후,1,1,0,0
CNS-GYE-00897,CTR-GYE-026,GYE,부부갈등,3,2,1,0
CNS-GYE-00897,CTR-GYE-026,GYE,부모-자녀 갈등,2,2,0,0
CNS-GYE-00897,CTR-GYE-026,GYE,기타 가족관계,3,3,0,0
CNS-GYE-00897,CTR-GYE-026,GYE,이혼 전후,1,1,0,0
CNS-GYE-00898,CTR-GYE-026,GYE,부부갈등,1,1,0,0
CNS-GYE-00898,CTR-GYE-026,GYE,부모-자녀 갈등,1,1,0,0
CNS-GYE-00898,CTR-GYE-026,GYE,기타 가족관계,1,1,0,0
CNS-GYE-00899,CTR-GYE-027,GYE,부부갈등,5,4,1,0
CNS-GYE-00899,CTR-GYE-027,GYE,부모-자녀 갈등,3,2,1,0
CNS-GYE-00899,CTR-GYE-027,GYE,기타 가족관계,4,3,1,0
CNS-GYE-00899,CTR-GYE-027,GYE,이혼 전후,1,1,0,0
CNS-GYE-00900,CTR-GYE-027,GYE,부부갈등,5,4,1,0
CNS-GYE-00900,CTR-GYE-027,GYE,부모-자녀 갈등,3,3,0,0
CNS-GYE-00900,CTR-GYE-027,GYE,기타 가족관계,4,3,1,0
CNS-GYE-00900,CTR-GYE-027,GYE,이혼 전후,1,1,0,0
CNS-GYE-00901,CTR-GYE-027,GYE,부부갈등,3,3,0,0
CNS-GYE-00901,CTR-GYE-027,GYE,부모-자녀 갈등,2,2,0,0
CNS-GYE-00901,CTR-GYE-027,GYE,기타 가족관계,2,2,0,0
CNS-GYE-00902,CTR-GYE-027,GYE,부부갈등,3,3,0,0
CNS-GYE-00902,CTR-GYE-027,GYE,부모-자녀 갈등,3,2,1,0
CNS-GYE-00902,CTR-GYE-027,GYE,기타 가족관계,3,2,1,0
CNS-GYE-00902,CTR-GYE-027,GYE,이혼 전후,1,1,0,0
CNS-GYE-00903,CTR-GYE-027,GYE,부부갈등,4,3,1,0
CNS-GYE-00903,CTR-GYE-027,GYE,부모-자녀 갈등,3,2,1,0
CNS-GYE-00903,CTR-GYE-027,GYE,기타 가족관계,4,3,1,0
CNS-GYE-00903,CTR-GYE-027,GYE,이혼 전후,1,1,0,0
CNS-GYE-00904,CTR-GYE-027,GYE,부부갈등,3,3,0,0
CNS-GYE-00904,CTR-GYE-027,GYE,부모-자녀 갈등,2,2,0,0
CNS-GYE-00904,CTR-GYE-027,GYE,기타 가족관계,3,3,0,0
CNS-GYE-00905,CTR-GYE-027,GYE,부부갈등,2,2,0,0
CNS-GYE-00905,CTR-GYE-027,GYE,부모-자녀 갈등,1,1,0,0
CNS-GYE-00905,CTR-GYE-027,GYE,기타 가족관계,2,2,0,0
CNS-GYE-00906,CTR-GYE-027,GYE,부부갈등,3,2,1,0
CNS-GYE-00906,CTR-GYE-027,GYE,부모-자녀 갈등,2,2,0,0
CNS-GYE-00906,CTR-GYE-027,GYE,기타 가족관계,2,2,0,0
CNS-GYE-00907,CTR-GYE-027,GYE,부부갈등,2,2,0,0
CNS-GYE-00907,CTR-GYE-027,GYE,부모-자녀 갈등,1,1,0,0
CNS-GYE-00907,CTR-GYE-027,GYE,기타 가족관계,2,2,0,0
CNS-GYE-00908,CTR-GYE-027,GYE,부부갈등,3,2,1,0
CNS-GYE-00908,CTR-GYE-027,GYE,부모-자녀 갈등,2,2,0,0
CNS-GYE-00908,CTR-GYE-027,GYE,기타 가족관계,3,2,1,0
CNS-GYE-00909,CTR-GYE-028,GYE,부부갈등,5,4,1,0
CNS-GYE-00909,CTR-GYE-028,GYE,부모-자녀 갈등,4,3,1,0
CNS-GYE-00909,CTR-GYE-028,GYE,기타 가족관계,4,3,1,0
CNS-GYE-00909,CTR-GYE-028,GYE,이혼 전후,1,1,0,0
CNS-GYE-00910,CTR-GYE-028,GYE,부부갈등,5,4,1,0
CNS-GYE-00910,CTR-GYE-028,GYE,부모-자녀 갈등,3,2,1,0
CNS-GYE-00910,CTR-GYE-028,GYE,기타 가족관계,4,4,0,0
CNS-GYE-00910,CTR-GYE-028,GYE,이혼 전후,1,1,0,0
CNS-GYE-00911,CTR-GYE-028,GYE,부부갈등,2,2,0,0
CNS-GYE-00911,CTR-GYE-028,GYE,부모-자녀 갈등,2,2,0,0
CNS-GYE-00911,CTR-GYE-028,GYE,기타 가족관계,2,2,0,0
CNS-GYE-00912,CTR-GYE-028,GYE,부부갈등,3,2,1,0
CNS-GYE-00912,CTR-GYE-028,GYE,부모-자녀 갈등,2,2,0,0
CNS-GYE-00912,CTR-GYE-028,GYE,기타 가족관계,2,2,0,0
CNS-GYE-00913,CTR-GYE-028,GYE,부부갈등,3,3,0,0
CNS-GYE-00913,CTR-GYE-028,GYE,부모-자녀 갈등,2,2,0,0
CNS-GYE-00913,CTR-GYE-028,GYE,기타 가족관계,3,3,0,0
CNS-GYE-00914,CTR-GYE-028,GYE,부부갈등,1,1,0,0
CNS-GYE-00914,CTR-GYE-028,GYE,부모-자녀 갈등,1,1,0,0
CNS-GYE-00914,CTR-GYE-028,GYE,기타 가족관계,1,1,0,0
CNS-GYE-00915,CTR-GYE-028,GYE,부부갈등,3,2,1,0
CNS-GYE-00915,CTR-GYE-028,GYE,부모-자녀 갈등,2,2,0,0
CNS-GYE-00915,CTR-GYE-028,GYE,기타 가족관계,3,3,0,0
CNS-GYE-00916,CTR-GYE-028,GYE,부부갈등,3,2,1,0
CNS-GYE-00916,CTR-GYE-028,GYE,부모-자녀 갈등,2,2,0,0
CNS-GYE-00916,CTR-GYE-028,GYE,기타 가족관계,2,2,0,0
CNS-GYE-00917,CTR-GYE-029,GYE,부부갈등,4,3,1,0
CNS-GYE-00917,CTR-GYE-029,GYE,부모-자녀 갈등,3,2,1,0
CNS-GYE-00917,CTR-GYE-029,GYE,기타 가족관계,4,4,0,0
CNS-GYE-00918,CTR-GYE-029,GYE,부부갈등,4,3,1,0
CNS-GYE-00918,CTR-GYE-029,GYE,부모-자녀 갈등,3,2,1,0
CNS-GYE-00918,CTR-GYE-029,GYE,기타 가족관계,4,3,1,0
CNS-GYE-00919,CTR-GYE-029,GYE,부부갈등,1,1,0,0
CNS-GYE-00919,CTR-GYE-029,GYE,부모-자녀 갈등,1,1,0,0
CNS-GYE-00919,CTR-GYE-029,GYE,기타 가족관계,1,1,0,0
CNS-GYE-00920,CTR-GYE-029,GYE,부부갈등,2,2,0,0
CNS-GYE-00920,CTR-GYE-029,GYE,부모-자녀 갈등,2,2,0,0
CNS-GYE-00920,CTR-GYE-029,GYE,기타 가족관계,2,2,0,0
CNS-GYE-00921,CTR-GYE-029,GYE,부부갈등,1,1,0,0
CNS-GYE-00921,CTR-GYE-029,GYE,부모-자녀 갈등,1,1,0,0
CNS-GYE-00921,CTR-GYE-029,GYE,기타 가족관계,1,1,0,0
CNS-GYE-00922,CTR-GYE-029,GYE,부부갈등,3,2,1,0
CNS-GYE-00922,CTR-GYE-029,GYE,부모-자녀 갈등,3,2,1,0
CNS-GYE-00922,CTR-GYE-029,GYE,기타 가족관계,3,3,0,0
CNS-GYE-00922,CTR-GYE-029,GYE,이혼 전후,1,1,0,0
CNS-GYE-00923,CTR-GYE-029,GYE,부부갈등,2,2,0,0
CNS-GYE-00923,CTR-GYE-029,GYE,부모-자녀 갈등,2,2,0,0
CNS-GYE-00923,CTR-GYE-029,GYE,기타 가족관계,2,2,0,0
CNS-GYE-00924,CTR-GYE-029,GYE,부부갈등,3,3,0,0
CNS-GYE-00924,CTR-GYE-029,GYE,부모-자녀 갈등,2,2,0,0
CNS-GYE-00924,CTR-GYE-029,GYE,기타 가족관계,2,2,0,0
CNS-GYE-00925,CTR-GYE-029,GYE,부부갈등,2,2,0,0
CNS-GYE-00925,CTR-GYE-029,GYE,부모-자녀 갈등,2,2,0,0
CNS-GYE-00925,CTR-GYE-029,GYE,기타 가족관계,2,2,0,0
CNS-GYE-00926,CTR-GYE-029,GYE,부부갈등,1,1,0,0
CNS-GYE-00926,CTR-GYE-029,GYE,부모-자녀 갈등,1,1,0,0
CNS-GYE-00926,CTR-GYE-029,GYE,기타 가족관계,1,1,0,0
CNS-GYE-00927,CTR-GYE-029,GYE,부부갈등,3,3,0,0
CNS-GYE-00927,CTR-GYE-029,GYE,부모-자녀 갈등,2,2,0,0
CNS-GYE-00927,CTR-GYE-029,GYE,기타 가족관계,2,2,0,0
CNS-GYE-00928,CTR-GYE-029,GYE,부부갈등,2,1,1,0
CNS-GYE-00928,CTR-GYE-029,GYE,부모-자녀 갈등,1,1,0,0
CNS-GYE-00928,CTR-GYE-029,GYE,기타 가족관계,1,1,0,0
CNS-GYE-00929,CTR-GYE-030,GYE,부부갈등,4,3,1,0
CNS-GYE-00929,CTR-GYE-030,GYE,부모-자녀 갈등,3,2,1,0
CNS-GYE-00929,CTR-GYE-030,GYE,기타 가족관계,4,3,1,0
CNS-GYE-00930,CTR-GYE-030,GYE,부부갈등,3,3,0,0
CNS-GYE-00930,CTR-GYE-030,GYE,부모-자녀 갈등,2,2,0,0
CNS-GYE-00930,CTR-GYE-030,GYE,기타 가족관계,3,3,0,0
CNS-GYE-00930,CTR-GYE-030,GYE,이혼 전후,1,1,0,0
CNS-GYE-00931,CTR-GYE-030,GYE,부부갈등,2,2,0,0
CNS-GYE-00931,CTR-GYE-030,GYE,부모-자녀 갈등,2,2,0,0
CNS-GYE-00931,CTR-GYE-030,GYE,기타 가족관계,2,2,0,0
CNS-GYE-00932,CTR-GYE-030,GYE,부부갈등,3,3,0,0
CNS-GYE-00932,CTR-GYE-030,GYE,부모-자녀 갈등,2,2,0,0
CNS-GYE-00932,CTR-GYE-030,GYE,기타 가족관계,3,2,1,0
CNS-GYE-00933,CTR-GYE-030,GYE,부부갈등,1,1,0,0
CNS-GYE-00933,CTR-GYE-030,GYE,부모-자녀 갈등,1,1,0,0
CNS-GYE-00933,CTR-GYE-030,GYE,기타 가족관계,1,1,0,0
CNS-GYE-00934,CTR-GYE-030,GYE,부부갈등,3,2,1,0
CNS-GYE-00934,CTR-GYE-030,GYE,부모-자녀 갈등,2,2,0,0
CNS-GYE-00934,CTR-GYE-030,GYE,기타 가족관계,3,2,1,0
CNS-GYE-00935,CTR-GYE-030,GYE,부부갈등,2,2,0,0
CNS-GYE-00935,CTR-GYE-030,GYE,부모-자녀 갈등,2,2,0,0
CNS-GYE-00935,CTR-GYE-030,GYE,기타 가족관계,2,2,0,0
CNS-GYE-00936,CTR-GYE-030,GYE,부부갈등,2,1,1,0
CNS-GYE-00936,CTR-GYE-030,GYE,부모-자녀 갈등,2,2,0,0
CNS-GYE-00936,CTR-GYE-030,GYE,기타 가족관계,2,2,0,0
CNS-GYE-00937,CTR-GYE-030,GYE,부부갈등,1,1,0,0
CNS-GYE-00937,CTR-GYE-030,GYE,부모-자녀 갈등,1,1,0,0
CNS-GYE-00937,CTR-GYE-030,GYE,기타 가족관계,1,1,0,0
CNS-GYE-00938,CTR-GYE-031,GYE,부부갈등,4,3,1,0
CNS-GYE-00938,CTR-GYE-031,GYE,부모-자녀 갈등,3,2,1,0
CNS-GYE-00938,CTR-GYE-031,GYE,기타 가족관계,4,3,1,0
CNS-GYE-00938,CTR-GYE-031,GYE,이혼 전후,1,1,0,0
CNS-GYE-00939,CTR-GYE-031,GYE,부부갈등,3,3,0,0
CNS-GYE-00939,CTR-GYE-031,GYE,부모-자녀 갈등,3,2,1,0
CNS-GYE-00939,CTR-GYE-031,GYE,기타 가족관계,3,3,0,0
CNS-GYE-00939,CTR-GYE-031,GYE,이혼 전후,1,1,0,0
CNS-GYE-00940,CTR-GYE-031,GYE,부부갈등,2,2,0,0
CNS-GYE-00940,CTR-GYE-031,GYE,부모-자녀 갈등,1,1,0,0
CNS-GYE-00940,CTR-GYE-031,GYE,기타 가족관계,2,2,0,0
CNS-GYE-00941,CTR-GYE-031,GYE,부부갈등,3,2,1,0
CNS-GYE-00941,CTR-GYE-031,GYE,부모-자녀 갈등,2,2,0,0
CNS-GYE-00941,CTR-GYE-031,GYE,기타 가족관계,2,2,0,0
CNS-GYE-00942,CTR-GYE-031,GYE,부부갈등,2,2,0,0
CNS-GYE-00942,CTR-GYE-031,GYE,부모-자녀 갈등,1,1,0,0
CNS-GYE-00942,CTR-GYE-031,GYE,기타 가족관계,2,2,0,0
CNS-GYE-00943,CTR-GYE-031,GYE,부부갈등,3,2,1,0
CNS-GYE-00943,CTR-GYE-031,GYE,부모-자녀 갈등,2,2,0,0
CNS-GYE-00943,CTR-GYE-031,GYE,기타 가족관계,2,2,0,0
CNS-GYE-00944,CTR-GYE-031,GYE,부부갈등,2,2,0,0
CNS-GYE-00944,CTR-GYE-031,GYE,부모-자녀 갈등,2,2,0,0
CNS-GYE-00944,CTR-GYE-031,GYE,기타 가족관계,2,2,0,0
CNS-GYE-00945,CTR-GYE-031,GYE,부부갈등,3,3,0,0
CNS-GYE-00945,CTR-GYE-031,GYE,부모-자녀 갈등,2,2,0,0
CNS-GYE-00945,CTR-GYE-031,GYE,기타 가족관계,3,3,0,0
CNS-GYE-00946,CTR-GYE-031,GYE,부부갈등,3,2,1,0
CNS-GYE-00946,CTR-GYE-031,GYE,부모-자녀 갈등,2,2,0,0
CNS-GYE-00946,CTR-GYE-031,GYE,기타 가족관계,3,2,1,0
CNS-GYE-00947,CTR-GYE-032,GYE,부부갈등,5,4,1,0
CNS-GYE-00947,CTR-GYE-032,GYE,부모-자녀 갈등,3,2,1,0
CNS-GYE-00947,CTR-GYE-032,GYE,기타 가족관계,4,3,1,0
CNS-GYE-00947,CTR-GYE-032,GYE,이혼 전후,1,1,0,0
CNS-GYE-00948,CTR-GYE-032,GYE,부부갈등,4,3,1,0
CNS-GYE-00948,CTR-GYE-032,GYE,부모-자녀 갈등,3,3,0,0
CNS-GYE-00948,CTR-GYE-032,GYE,기타 가족관계,4,3,1,0
CNS-GYE-00949,CTR-GYE-032,GYE,부부갈등,3,3,0,0
CNS-GYE-00949,CTR-GYE-032,GYE,부모-자녀 갈등,2,2,0,0
CNS-GYE-00949,CTR-GYE-032,GYE,기타 가족관계,3,2,1,0
CNS-GYE-00950,CTR-GYE-032,GYE,부부갈등,3,2,1,0
CNS-GYE-00950,CTR-GYE-032,GYE,부모-자녀 갈등,2,2,0,0
CNS-GYE-00950,CTR-GYE-032,GYE,기타 가족관계,3,2,1,0
CNS-GYE-00950,CTR-GYE-032,GYE,이혼 전후,1,1,0,0
CNS-GYE-00951,CTR-GYE-032,GYE,부부갈등,3,3,0,0
CNS-GYE-00951,CTR-GYE-032,GYE,부모-자녀 갈등,3,3,0,0
CNS-GYE-00951,CTR-GYE-032,GYE,기타 가족관계,3,2,1,0
CNS-GYE-00951,CTR-GYE-032,GYE,이혼 전후,1,1,0,0
CNS-GYE-00952,CTR-GYE-032,GYE,부부갈등,4,3,1,0
CNS-GYE-00952,CTR-GYE-032,GYE,부모-자녀 갈등,3,2,1,0
CNS-GYE-00952,CTR-GYE-032,GYE,기타 가족관계,4,3,1,0
CNS-GYE-00953,CTR-GYE-032,GYE,부부갈등,2,2,0,0
CNS-GYE-00953,CTR-GYE-032,GYE,부모-자녀 갈등,2,2,0,0
CNS-GYE-00953,CTR-GYE-032,GYE,기타 가족관계,2,2,0,0
CNS-GYE-00954,CTR-GYE-032,GYE,부부갈등,2,1,1,0
CNS-GYE-00954,CTR-GYE-032,GYE,부모-자녀 갈등,1,1,0,0
CNS-GYE-00954,CTR-GYE-032,GYE,기타 가족관계,2,2,0,0
CNS-GYE-00955,CTR-GYE-032,GYE,부부갈등,5,4,1,0
CNS-GYE-00955,CTR-GYE-032,GYE,부모-자녀 갈등,3,2,1,0
CNS-GYE-00955,CTR-GYE-032,GYE,기타 가족관계,4,3,1,0
CNS-GYE-00955,CTR-GYE-032,GYE,이혼 전후,1,1,0,0
CNS-GYE-00956,CTR-GYE-032,GYE,부부갈등,2,2,0,0
CNS-GYE-00956,CTR-GYE-032,GYE,부모-자녀 갈등,1,1,0,0
CNS-GYE-00956,CTR-GYE-032,GYE,기타 가족관계,2,2,0,0
CNS-GYE-00957,CTR-GYE-032,GYE,부부갈등,3,2,1,0
CNS-GYE-00957,CTR-GYE-032,GYE,부모-자녀 갈등,2,2,0,0
CNS-GYE-00957,CTR-GYE-032,GYE,기타 가족관계,3,2,1,0
CNS-GYE-00958,CTR-GYE-032,GYE,부부갈등,3,2,1,0
CNS-GYE-00958,CTR-GYE-032,GYE,부모-자녀 갈등,2,2,0,0
CNS-GYE-00958,CTR-GYE-032,GYE,기타 가족관계,3,3,0,0
CNS-GYE-00958,CTR-GYE-032,GYE,이혼 전후,1,1,0,0
CNS-GYE-00959,CTR-GYE-032,GYE,부부갈등,2,2,0,0
CNS-GYE-00959,CTR-GYE-032,GYE,부모-자녀 갈등,1,1,0,0
CNS-GYE-00959,CTR-GYE-032,GYE,기타 가족관계,1,1,0,0
CNS-GAN-00960,CTR-GAN-001,GAN,부부갈등,3,2,1,0
CNS-GAN-00960,CTR-GAN-001,GAN,부모-자녀 갈등,2,2,0,0
CNS-GAN-00960,CTR-GAN-001,GAN,기타 가족관계,3,2,1,0
CNS-GAN-00960,CTR-GAN-001,GAN,이혼 전후,1,1,0,0
CNS-GAN-00961,CTR-GAN-001,GAN,부부갈등,1,1,0,0
CNS-GAN-00961,CTR-GAN-001,GAN,부모-자녀 갈등,1,1,0,0
CNS-GAN-00961,CTR-GAN-001,GAN,기타 가족관계,1,1,0,0
CNS-GAN-00962,CTR-GAN-001,GAN,부부갈등,4,3,1,0
CNS-GAN-00962,CTR-GAN-001,GAN,부모-자녀 갈등,3,2,1,0
CNS-GAN-00962,CTR-GAN-001,GAN,기타 가족관계,4,4,0,0
CNS-GAN-00963,CTR-GAN-001,GAN,부부갈등,2,2,0,0
CNS-GAN-00963,CTR-GAN-001,GAN,부모-자녀 갈등,2,2,0,0
CNS-GAN-00963,CTR-GAN-001,GAN,기타 가족관계,2,2,0,0
CNS-GAN-00964,CTR-GAN-001,GAN,부부갈등,3,2,1,0
CNS-GAN-00964,CTR-GAN-001,GAN,부모-자녀 갈등,2,2,0,0
CNS-GAN-00964,CTR-GAN-001,GAN,기타 가족관계,2,2,0,0
CNS-GAN-00965,CTR-GAN-002,GAN,부부갈등,5,4,1,0
CNS-GAN-00965,CTR-GAN-002,GAN,부모-자녀 갈등,4,3,1,0
CNS-GAN-00965,CTR-GAN-002,GAN,기타 가족관계,4,3,1,0
CNS-GAN-00965,CTR-GAN-002,GAN,이혼 전후,1,1,0,0
CNS-GAN-00966,CTR-GAN-002,GAN,부부갈등,3,2,1,0
CNS-GAN-00966,CTR-GAN-002,GAN,부모-자녀 갈등,3,2,1,0
CNS-GAN-00966,CTR-GAN-002,GAN,기타 가족관계,3,3,0,0
CNS-GAN-00966,CTR-GAN-002,GAN,이혼 전후,1,1,0,0
CNS-GAN-00967,CTR-GAN-002,GAN,부부갈등,1,1,0,0
CNS-GAN-00967,CTR-GAN-002,GAN,부모-자녀 갈등,1,1,0,0
CNS-GAN-00967,CTR-GAN-002,GAN,기타 가족관계,1,1,0,0
CNS-GAN-00968,CTR-GAN-002,GAN,부부갈등,3,2,1,0
CNS-GAN-00968,CTR-GAN-002,GAN,부모-자녀 갈등,3,2,1,0
CNS-GAN-00968,CTR-GAN-002,GAN,기타 가족관계,3,2,1,0
CNS-GAN-00968,CTR-GAN-002,GAN,이혼 전후,1,1,0,0
CNS-GAN-00969,CTR-GAN-002,GAN,부부갈등,4,3,1,0
CNS-GAN-00969,CTR-GAN-002,GAN,부모-자녀 갈등,3,3,0,0
CNS-GAN-00969,CTR-GAN-002,GAN,기타 가족관계,4,3,1,0
CNS-GAN-00969,CTR-GAN-002,GAN,이혼 전후,1,1,0,0
CNS-GAN-00970,CTR-GAN-003,GAN,부부갈등,4,4,0,0
CNS-GAN-00970,CTR-GAN-003,GAN,부모-자녀 갈등,3,2,1,0
CNS-GAN-00970,CTR-GAN-003,GAN,기타 가족관계,4,3,1,0
CNS-GAN-00971,CTR-GAN-003,GAN,부부갈등,4,3,1,0
CNS-GAN-00971,CTR-GAN-003,GAN,부모-자녀 갈등,3,2,1,0
CNS-GAN-00971,CTR-GAN-003,GAN,기타 가족관계,4,3,1,0
CNS-GAN-00971,CTR-GAN-003,GAN,이혼 전후,1,1,0,0
CNS-GAN-00972,CTR-GAN-003,GAN,부부갈등,2,2,0,0
CNS-GAN-00972,CTR-GAN-003,GAN,부모-자녀 갈등,1,1,0,0
CNS-GAN-00972,CTR-GAN-003,GAN,기타 가족관계,1,1,0,0
CNS-GAN-00973,CTR-GAN-003,GAN,부부갈등,3,3,0,0
CNS-GAN-00973,CTR-GAN-003,GAN,부모-자녀 갈등,2,1,1,0
CNS-GAN-00973,CTR-GAN-003,GAN,기타 가족관계,3,2,1,0
CNS-GAN-00974,CTR-GAN-004,GAN,부부갈등,4,3,1,0
CNS-GAN-00974,CTR-GAN-004,GAN,부모-자녀 갈등,3,3,0,0
CNS-GAN-00974,CTR-GAN-004,GAN,기타 가족관계,4,3,1,0
CNS-GAN-00975,CTR-GAN-004,GAN,부부갈등,3,2,1,0
CNS-GAN-00975,CTR-GAN-004,GAN,부모-자녀 갈등,2,2,0,0
CNS-GAN-00975,CTR-GAN-004,GAN,기타 가족관계,3,2,1,0
CNS-GAN-00976,CTR-GAN-004,GAN,부부갈등,2,2,0,0
CNS-GAN-00976,CTR-GAN-004,GAN,부모-자녀 갈등,2,2,0,0
CNS-GAN-00976,CTR-GAN-004,GAN,기타 가족관계,2,2,0,0
CNS-GAN-00977,CTR-GAN-004,GAN,부부갈등,3,2,1,0
CNS-GAN-00977,CTR-GAN-004,GAN,부모-자녀 갈등,2,2,0,0
CNS-GAN-00977,CTR-GAN-004,GAN,기타 가족관계,2,2,0,0
CNS-GAN-00978,CTR-GAN-004,GAN,부부갈등,3,3,0,0
CNS-GAN-00978,CTR-GAN-004,GAN,부모-자녀 갈등,2,2,0,0
CNS-GAN-00978,CTR-GAN-004,GAN,기타 가족관계,2,2,0,0
CNS-GAN-00979,CTR-GAN-005,GAN,부부갈등,5,4,1,0
CNS-GAN-00979,CTR-GAN-005,GAN,부모-자녀 갈등,4,3,1,0
CNS-GAN-00979,CTR-GAN-005,GAN,기타 가족관계,4,3,1,0
CNS-GAN-00979,CTR-GAN-005,GAN,이혼 전후,1,1,0,0
CNS-GAN-00980,CTR-GAN-005,GAN,부부갈등,3,2,1,0
CNS-GAN-00980,CTR-GAN-005,GAN,부모-자녀 갈등,2,2,0,0
CNS-GAN-00980,CTR-GAN-005,GAN,기타 가족관계,3,2,1,0
CNS-GAN-00980,CTR-GAN-005,GAN,이혼 전후,1,1,0,0
CNS-GAN-00981,CTR-GAN-005,GAN,부부갈등,3,2,1,0
CNS-GAN-00981,CTR-GAN-005,GAN,부모-자녀 갈등,2,2,0,0
CNS-GAN-00981,CTR-GAN-005,GAN,기타 가족관계,2,2,0,0
CNS-GAN-00982,CTR-GAN-005,GAN,부부갈등,3,2,1,0
CNS-GAN-00982,CTR-GAN-005,GAN,부모-자녀 갈등,2,2,0,0
CNS-GAN-00982,CTR-GAN-005,GAN,기타 가족관계,3,2,1,0
CNS-GAN-00983,CTR-GAN-005,GAN,부부갈등,2,2,0,0
CNS-GAN-00983,CTR-GAN-005,GAN,부모-자녀 갈등,2,2,0,0
CNS-GAN-00983,CTR-GAN-005,GAN,기타 가족관계,2,1,1,0
CNS-GAN-00984,CTR-GAN-006,GAN,부부갈등,5,4,1,0
CNS-GAN-00984,CTR-GAN-006,GAN,부모-자녀 갈등,4,3,1,0
CNS-GAN-00984,CTR-GAN-006,GAN,기타 가족관계,4,3,1,0
CNS-GAN-00984,CTR-GAN-006,GAN,이혼 전후,1,1,0,0
CNS-GAN-00985,CTR-GAN-006,GAN,부부갈등,3,2,1,0
CNS-GAN-00985,CTR-GAN-006,GAN,부모-자녀 갈등,2,2,0,0
CNS-GAN-00985,CTR-GAN-006,GAN,기타 가족관계,3,3,0,0
CNS-GAN-00986,CTR-GAN-006,GAN,부부갈등,2,2,0,0
CNS-GAN-00986,CTR-GAN-006,GAN,부모-자녀 갈등,2,2,0,0
CNS-GAN-00986,CTR-GAN-006,GAN,기타 가족관계,2,2,0,0
CNS-GAN-00987,CTR-GAN-006,GAN,부부갈등,2,2,0,0
CNS-GAN-00987,CTR-GAN-006,GAN,부모-자녀 갈등,1,1,0,0
CNS-GAN-00987,CTR-GAN-006,GAN,기타 가족관계,2,2,0,0
CNS-GAN-00988,CTR-GAN-006,GAN,부부갈등,3,3,0,0
CNS-GAN-00988,CTR-GAN-006,GAN,부모-자녀 갈등,2,2,0,0
CNS-GAN-00988,CTR-GAN-006,GAN,기타 가족관계,3,3,0,0
CNS-GAN-00988,CTR-GAN-006,GAN,이혼 전후,1,1,0,0
CNS-GAN-00989,CTR-GAN-007,GAN,부부갈등,5,4,1,0
CNS-GAN-00989,CTR-GAN-007,GAN,부모-자녀 갈등,4,4,0,0
CNS-GAN-00989,CTR-GAN-007,GAN,기타 가족관계,5,4,1,0
CNS-GAN-00989,CTR-GAN-007,GAN,이혼 전후,1,1,0,0
CNS-GAN-00990,CTR-GAN-007,GAN,부부갈등,3,2,1,0
CNS-GAN-00990,CTR-GAN-007,GAN,부모-자녀 갈등,2,2,0,0
CNS-GAN-00990,CTR-GAN-007,GAN,기타 가족관계,2,2,0,0
CNS-GAN-00991,CTR-GAN-007,GAN,부부갈등,2,2,0,0
CNS-GAN-00991,CTR-GAN-007,GAN,부모-자녀 갈등,1,1,0,0
CNS-GAN-00991,CTR-GAN-007,GAN,기타 가족관계,1,1,0,0
CNS-GAN-00992,CTR-GAN-007,GAN,부부갈등,2,2,0,0
CNS-GAN-00992,CTR-GAN-007,GAN,부모-자녀 갈등,2,2,0,0
CNS-GAN-00992,CTR-GAN-007,GAN,기타 가족관계,2,2,0,0
CNS-GAN-00993,CTR-GAN-008,GAN,부부갈등,5,4,1,0
CNS-GAN-00993,CTR-GAN-008,GAN,부모-자녀 갈등,3,2,1,0
CNS-GAN-00993,CTR-GAN-008,GAN,기타 가족관계,4,3,1,0
CNS-GAN-00993,CTR-GAN-008,GAN,이혼 전후,1,1,0,0
CNS-GAN-00994,CTR-GAN-008,GAN,부부갈등,3,2,1,0
CNS-GAN-00994,CTR-GAN-008,GAN,부모-자녀 갈등,3,2,1,0
CNS-GAN-00994,CTR-GAN-008,GAN,기타 가족관계,3,2,1,0
CNS-GAN-00994,CTR-GAN-008,GAN,이혼 전후,1,1,0,0
CNS-GAN-00995,CTR-GAN-008,GAN,부부갈등,3,2,1,0
CNS-GAN-00995,CTR-GAN-008,GAN,부모-자녀 갈등,2,2,0,0
CNS-GAN-00995,CTR-GAN-008,GAN,기타 가족관계,3,2,1,0
CNS-GAN-00996,CTR-GAN-008,GAN,부부갈등,2,2,0,0
CNS-GAN-00996,CTR-GAN-008,GAN,부모-자녀 갈등,1,1,0,0
CNS-GAN-00996,CTR-GAN-008,GAN,기타 가족관계,2,2,0,0
CNS-GAN-00997,CTR-GAN-008,GAN,부부갈등,2,2,0,0
CNS-GAN-00997,CTR-GAN-008,GAN,부모-자녀 갈등,1,1,0,0
CNS-GAN-00997,CTR-GAN-008,GAN,기타 가족관계,2,2,0,0
CNS-GAN-00998,CTR-GAN-009,GAN,부부갈등,3,2,1,0
CNS-GAN-00998,CTR-GAN-009,GAN,부모-자녀 갈등,2,2,0,0
CNS-GAN-00998,CTR-GAN-009,GAN,기타 가족관계,3,2,1,0
CNS-GAN-00999,CTR-GAN-009,GAN,부부갈등,2,2,0,0
CNS-GAN-00999,CTR-GAN-009,GAN,부모-자녀 갈등,2,2,0,0
CNS-GAN-00999,CTR-GAN-009,GAN,기타 가족관계,2,2,0,0
CNS-GAN-01000,CTR-GAN-009,GAN,부부갈등,4,3,1,0
CNS-GAN-01000,CTR-GAN-009,GAN,부모-자녀 갈등,3,2,1,0
CNS-GAN-01000,CTR-GAN-009,GAN,기타 가족관계,4,3,1,0
CNS-GAN-01001,CTR-GAN-009,GAN,부부갈등,3,3,0,0
CNS-GAN-01001,CTR-GAN-009,GAN,부모-자녀 갈등,2,2,0,0
CNS-GAN-01001,CTR-GAN-009,GAN,기타 가족관계,2,2,0,0
CNS-GAN-01002,CTR-GAN-009,GAN,부부갈등,3,3,0,0
CNS-GAN-01002,CTR-GAN-009,GAN,부모-자녀 갈등,2,2,0,0
CNS-GAN-01002,CTR-GAN-009,GAN,기타 가족관계,3,2,1,0
CNS-GAN-01003,CTR-GAN-010,GAN,부부갈등,6,5,1,0
CNS-GAN-01003,CTR-GAN-010,GAN,부모-자녀 갈등,4,3,1,0
CNS-GAN-01003,CTR-GAN-010,GAN,기타 가족관계,6,5,1,0
CNS-GAN-01003,CTR-GAN-010,GAN,이혼 전후,1,1,0,0
CNS-GAN-01004,CTR-GAN-010,GAN,부부갈등,3,2,1,0
CNS-GAN-01004,CTR-GAN-010,GAN,부모-자녀 갈등,2,2,0,0
CNS-GAN-01004,CTR-GAN-010,GAN,기타 가족관계,3,2,1,0
CNS-GAN-01005,CTR-GAN-010,GAN,부부갈등,2,2,0,0
CNS-GAN-01005,CTR-GAN-010,GAN,부모-자녀 갈등,1,1,0,0
CNS-GAN-01005,CTR-GAN-010,GAN,기타 가족관계,2,2,0,0
CNS-GAN-01006,CTR-GAN-010,GAN,부부갈등,2,2,0,0
CNS-GAN-01006,CTR-GAN-010,GAN,부모-자녀 갈등,1,1,0,0
CNS-GAN-01006,CTR-GAN-010,GAN,기타 가족관계,2,2,0,0
CNS-GAN-01007,CTR-GAN-011,GAN,부부갈등,5,4,1,0
CNS-GAN-01007,CTR-GAN-011,GAN,부모-자녀 갈등,4,3,1,0
CNS-GAN-01007,CTR-GAN-011,GAN,기타 가족관계,5,4,1,0
CNS-GAN-01007,CTR-GAN-011,GAN,이혼 전후,1,1,0,0
CNS-GAN-01008,CTR-GAN-011,GAN,부부갈등,3,2,1,0
CNS-GAN-01008,CTR-GAN-011,GAN,부모-자녀 갈등,2,2,0,0
CNS-GAN-01008,CTR-GAN-011,GAN,기타 가족관계,2,2,0,0
CNS-GAN-01009,CTR-GAN-011,GAN,부부갈등,3,3,0,0
CNS-GAN-01009,CTR-GAN-011,GAN,부모-자녀 갈등,2,2,0,0
CNS-GAN-01009,CTR-GAN-011,GAN,기타 가족관계,3,2,1,0
CNS-GAN-01010,CTR-GAN-011,GAN,부부갈등,2,2,0,0
CNS-GAN-01010,CTR-GAN-011,GAN,부모-자녀 갈등,2,2,0,0
CNS-GAN-01010,CTR-GAN-011,GAN,기타 가족관계,2,2,0,0
CNS-GAN-01011,CTR-GAN-011,GAN,부부갈등,3,2,1,0
CNS-GAN-01011,CTR-GAN-011,GAN,부모-자녀 갈등,2,2,0,0
CNS-GAN-01011,CTR-GAN-011,GAN,기타 가족관계,3,3,0,0
CNS-GAN-01011,CTR-GAN-011,GAN,이혼 전후,1,1,0,0
CNS-GAN-01012,CTR-GAN-012,GAN,부부갈등,4,3,1,0
CNS-GAN-01012,CTR-GAN-012,GAN,부모-자녀 갈등,3,3,0,0
CNS-GAN-01012,CTR-GAN-012,GAN,기타 가족관계,4,4,0,0
CNS-GAN-01012,CTR-GAN-012,GAN,이혼 전후,1,1,0,0
CNS-GAN-01013,CTR-GAN-012,GAN,부부갈등,2,2,0,0
CNS-GAN-01013,CTR-GAN-012,GAN,부모-자녀 갈등,2,2,0,0
CNS-GAN-01013,CTR-GAN-012,GAN,기타 가족관계,2,2,0,0
CNS-GAN-01014,CTR-GAN-012,GAN,부부갈등,3,3,0,0
CNS-GAN-01014,CTR-GAN-012,GAN,부모-자녀 갈등,2,2,0,0
CNS-GAN-01014,CTR-GAN-012,GAN,기타 가족관계,2,2,0,0
CNS-GAN-01015,CTR-GAN-012,GAN,부부갈등,3,3,0,0
CNS-GAN-01015,CTR-GAN-012,GAN,부모-자녀 갈등,3,3,0,0
CNS-GAN-01015,CTR-GAN-012,GAN,기타 가족관계,3,2,1,0
CNS-GAN-01015,CTR-GAN-012,GAN,이혼 전후,1,1,0,0
CNS-GAN-01016,CTR-GAN-013,GAN,부부갈등,4,3,1,0
CNS-GAN-01016,CTR-GAN-013,GAN,부모-자녀 갈등,3,2,1,0
CNS-GAN-01016,CTR-GAN-013,GAN,기타 가족관계,4,3,1,0
CNS-GAN-01016,CTR-GAN-013,GAN,이혼 전후,1,1,0,0
CNS-GAN-01017,CTR-GAN-013,GAN,부부갈등,3,3,0,0
CNS-GAN-01017,CTR-GAN-013,GAN,부모-자녀 갈등,2,2,0,0
CNS-GAN-01017,CTR-GAN-013,GAN,기타 가족관계,2,2,0,0
CNS-GAN-01018,CTR-GAN-013,GAN,부부갈등,4,3,1,0
CNS-GAN-01018,CTR-GAN-013,GAN,부모-자녀 갈등,3,2,1,0
CNS-GAN-01018,CTR-GAN-013,GAN,기타 가족관계,4,4,0,0
CNS-GAN-01019,CTR-GAN-013,GAN,부부갈등,3,2,1,0
CNS-GAN-01019,CTR-GAN-013,GAN,부모-자녀 갈등,2,2,0,0
CNS-GAN-01019,CTR-GAN-013,GAN,기타 가족관계,2,2,0,0
CNS-GAN-01020,CTR-GAN-014,GAN,부부갈등,5,4,1,0
CNS-GAN-01020,CTR-GAN-014,GAN,부모-자녀 갈등,3,2,1,0
CNS-GAN-01020,CTR-GAN-014,GAN,기타 가족관계,4,3,1,0
CNS-GAN-01020,CTR-GAN-014,GAN,이혼 전후,1,1,0,0
CNS-GAN-01021,CTR-GAN-014,GAN,부부갈등,3,2,1,0
CNS-GAN-01021,CTR-GAN-014,GAN,부모-자녀 갈등,3,2,1,0
CNS-GAN-01021,CTR-GAN-014,GAN,기타 가족관계,3,3,0,0
CNS-GAN-01021,CTR-GAN-014,GAN,이혼 전후,1,1,0,0
CNS-GAN-01022,CTR-GAN-014,GAN,부부갈등,2,2,0,0
CNS-GAN-01022,CTR-GAN-014,GAN,부모-자녀 갈등,2,2,0,0
CNS-GAN-01022,CTR-GAN-014,GAN,기타 가족관계,2,2,0,0
CNS-GAN-01023,CTR-GAN-014,GAN,부부갈등,3,2,1,0
CNS-GAN-01023,CTR-GAN-014,GAN,부모-자녀 갈등,2,2,0,0
CNS-GAN-01023,CTR-GAN-014,GAN,기타 가족관계,3,2,1,0
CNS-GAN-01023,CTR-GAN-014,GAN,이혼 전후,1,1,0,0
CNS-GAN-01024,CTR-GAN-014,GAN,부부갈등,3,3,0,0
CNS-GAN-01024,CTR-GAN-014,GAN,부모-자녀 갈등,2,2,0,0
CNS-GAN-01024,CTR-GAN-014,GAN,기타 가족관계,2,2,0,0
CNS-GAN-01025,CTR-GAN-015,GAN,부부갈등,4,3,1,0
CNS-GAN-01025,CTR-GAN-015,GAN,부모-자녀 갈등,3,2,1,0
CNS-GAN-01025,CTR-GAN-015,GAN,기타 가족관계,4,3,1,0
CNS-GAN-01026,CTR-GAN-015,GAN,부부갈등,3,2,1,0
CNS-GAN-01026,CTR-GAN-015,GAN,부모-자녀 갈등,2,2,0,0
CNS-GAN-01026,CTR-GAN-015,GAN,기타 가족관계,2,2,0,0
CNS-GAN-01027,CTR-GAN-015,GAN,부부갈등,2,2,0,0
CNS-GAN-01027,CTR-GAN-015,GAN,부모-자녀 갈등,1,1,0,0
CNS-GAN-01027,CTR-GAN-015,GAN,기타 가족관계,1,1,0,0
CNS-GAN-01028,CTR-GAN-015,GAN,부부갈등,3,2,1,0
CNS-GAN-01028,CTR-GAN-015,GAN,부모-자녀 갈등,2,2,0,0
CNS-GAN-01028,CTR-GAN-015,GAN,기타 가족관계,3,3,0,0
CNS-GAN-01029,CTR-GAN-015,GAN,부부갈등,2,2,0,0
CNS-GAN-01029,CTR-GAN-015,GAN,부모-자녀 갈등,1,1,0,0
CNS-GAN-01029,CTR-GAN-015,GAN,기타 가족관계,1,1,0,0
CNS-GAN-01030,CTR-GAN-016,GAN,부부갈등,5,4,1,0
CNS-GAN-01030,CTR-GAN-016,GAN,부모-자녀 갈등,4,4,0,0
CNS-GAN-01030,CTR-GAN-016,GAN,기타 가족관계,5,4,1,0
CNS-GAN-01030,CTR-GAN-016,GAN,이혼 전후,1,1,0,0
CNS-GAN-01031,CTR-GAN-016,GAN,부부갈등,4,4,0,0
CNS-GAN-01031,CTR-GAN-016,GAN,부모-자녀 갈등,3,3,0,0
CNS-GAN-01031,CTR-GAN-016,GAN,기타 가족관계,4,3,1,0
CNS-GAN-01031,CTR-GAN-016,GAN,이혼 전후,1,1,0,0
CNS-GAN-01032,CTR-GAN-016,GAN,부부갈등,4,4,0,0
CNS-GAN-01032,CTR-GAN-016,GAN,부모-자녀 갈등,3,2,1,0
CNS-GAN-01032,CTR-GAN-016,GAN,기타 가족관계,4,3,1,0
CNS-GAN-01032,CTR-GAN-016,GAN,이혼 전후,1,1,0,0
CNS-GAN-01033,CTR-GAN-016,GAN,부부갈등,3,2,1,0
CNS-GAN-01033,CTR-GAN-016,GAN,부모-자녀 갈등,2,2,0,0
CNS-GAN-01033,CTR-GAN-016,GAN,기타 가족관계,3,2,1,0
CNS-GAN-01034,CTR-GAN-017,GAN,부부갈등,5,4,1,0
CNS-GAN-01034,CTR-GAN-017,GAN,부모-자녀 갈등,3,2,1,0
CNS-GAN-01034,CTR-GAN-017,GAN,기타 가족관계,4,3,1,0
CNS-GAN-01034,CTR-GAN-017,GAN,이혼 전후,1,1,0,0
CNS-GAN-01035,CTR-GAN-017,GAN,부부갈등,1,1,0,0
CNS-GAN-01035,CTR-GAN-017,GAN,부모-자녀 갈등,1,1,0,0
CNS-GAN-01035,CTR-GAN-017,GAN,기타 가족관계,1,1,0,0
CNS-GAN-01036,CTR-GAN-017,GAN,부부갈등,3,2,1,0
CNS-GAN-01036,CTR-GAN-017,GAN,부모-자녀 갈등,2,2,0,0
CNS-GAN-01036,CTR-GAN-017,GAN,기타 가족관계,3,3,0,0
CNS-GAN-01036,CTR-GAN-017,GAN,이혼 전후,1,1,0,0
CNS-GAN-01037,CTR-GAN-017,GAN,부부갈등,2,2,0,0
CNS-GAN-01037,CTR-GAN-017,GAN,부모-자녀 갈등,1,1,0,0
CNS-GAN-01037,CTR-GAN-017,GAN,기타 가족관계,2,2,0,0
CNS-GAN-01038,CTR-GAN-017,GAN,부부갈등,3,2,1,0
CNS-GAN-01038,CTR-GAN-017,GAN,부모-자녀 갈등,2,2,0,0
CNS-GAN-01038,CTR-GAN-017,GAN,기타 가족관계,2,2,0,0
CNS-GAN-01039,CTR-GAN-018,GAN,부부갈등,4,3,1,0
CNS-GAN-01039,CTR-GAN-018,GAN,부모-자녀 갈등,3,2,1,0
CNS-GAN-01039,CTR-GAN-018,GAN,기타 가족관계,4,3,1,0
CNS-GAN-01039,CTR-GAN-018,GAN,이혼 전후,1,1,0,0
CNS-GAN-01040,CTR-GAN-018,GAN,부부갈등,2,2,0,0
CNS-GAN-01040,CTR-GAN-018,GAN,부모-자녀 갈등,2,2,0,0
CNS-GAN-01040,CTR-GAN-018,GAN,기타 가족관계,2,2,0,0
CNS-GAN-01041,CTR-GAN-018,GAN,부부갈등,3,2,1,0
CNS-GAN-01041,CTR-GAN-018,GAN,부모-자녀 갈등,2,2,0,0
CNS-GAN-01041,CTR-GAN-018,GAN,기타 가족관계,2,2,0,0
CNS-GAN-01042,CTR-GAN-018,GAN,부부갈등,3,2,1,0
CNS-GAN-01042,CTR-GAN-018,GAN,부모-자녀 갈등,2,2,0,0
CNS-GAN-01042,CTR-GAN-018,GAN,기타 가족관계,2,2,0,0
CNS-GAN-01043,CTR-GAN-018,GAN,부부갈등,3,3,0,0
CNS-GAN-01043,CTR-GAN-018,GAN,부모-자녀 갈등,2,2,0,0
CNS-GAN-01043,CTR-GAN-018,GAN,기타 가족관계,2,2,0,0
CNS-GAN-01044,CTR-GAN-019,GAN,부부갈등,4,3,1,0
CNS-GAN-01044,CTR-GAN-019,GAN,부모-자녀 갈등,3,3,0,0
CNS-GAN-01044,CTR-GAN-019,GAN,기타 가족관계,4,3,1,0
CNS-GAN-01044,CTR-GAN-019,GAN,이혼 전후,1,1,0,0
CNS-GAN-01045,CTR-GAN-019,GAN,부부갈등,4,3,1,0
CNS-GAN-01045,CTR-GAN-019,GAN,부모-자녀 갈등,3,3,0,0
CNS-GAN-01045,CTR-GAN-019,GAN,기타 가족관계,4,3,1,0
CNS-GAN-01045,CTR-GAN-019,GAN,이혼 전후,1,1,0,0
CNS-GAN-01046,CTR-GAN-019,GAN,부부갈등,3,2,1,0
CNS-GAN-01046,CTR-GAN-019,GAN,부모-자녀 갈등,2,2,0,0
CNS-GAN-01046,CTR-GAN-019,GAN,기타 가족관계,2,2,0,0
CNS-GAN-01047,CTR-GAN-019,GAN,부부갈등,4,3,1,0
CNS-GAN-01047,CTR-GAN-019,GAN,부모-자녀 갈등,3,2,1,0
CNS-GAN-01047,CTR-GAN-019,GAN,기타 가족관계,4,3,1,0
CNS-GAN-01048,CTR-GAN-019,GAN,부부갈등,3,2,1,0
CNS-GAN-01048,CTR-GAN-019,GAN,부모-자녀 갈등,2,2,0,0
CNS-GAN-01048,CTR-GAN-019,GAN,기타 가족관계,2,2,0,0
CNS-CBK-01049,CTR-CBK-001,CBK,부부갈등,5,4,1,0
CNS-CBK-01049,CTR-CBK-001,CBK,부모-자녀 갈등,3,2,1,0
CNS-CBK-01049,CTR-CBK-001,CBK,기타 가족관계,4,3,1,0
CNS-CBK-01049,CTR-CBK-001,CBK,이혼 전후,1,1,0,0
CNS-CBK-01050,CTR-CBK-001,CBK,부부갈등,2,2,0,0
CNS-CBK-01050,CTR-CBK-001,CBK,부모-자녀 갈등,2,2,0,0
CNS-CBK-01050,CTR-CBK-001,CBK,기타 가족관계,2,2,0,0
CNS-CBK-01051,CTR-CBK-001,CBK,부부갈등,1,1,0,0
CNS-CBK-01051,CTR-CBK-001,CBK,부모-자녀 갈등,1,1,0,0
CNS-CBK-01051,CTR-CBK-001,CBK,기타 가족관계,1,1,0,0
CNS-CBK-01052,CTR-CBK-001,CBK,부부갈등,3,2,1,0
CNS-CBK-01052,CTR-CBK-001,CBK,부모-자녀 갈등,2,2,0,0
CNS-CBK-01052,CTR-CBK-001,CBK,기타 가족관계,2,2,0,0
CNS-CBK-01053,CTR-CBK-001,CBK,부부갈등,3,3,0,0
CNS-CBK-01053,CTR-CBK-001,CBK,부모-자녀 갈등,2,2,0,0
CNS-CBK-01053,CTR-CBK-001,CBK,기타 가족관계,3,2,1,0
CNS-CBK-01054,CTR-CBK-002,CBK,부부갈등,3,2,1,0
CNS-CBK-01054,CTR-CBK-002,CBK,부모-자녀 갈등,3,2,1,0
CNS-CBK-01054,CTR-CBK-002,CBK,기타 가족관계,3,3,0,0
CNS-CBK-01054,CTR-CBK-002,CBK,이혼 전후,1,1,0,0
CNS-CBK-01055,CTR-CBK-002,CBK,부부갈등,2,2,0,0
CNS-CBK-01055,CTR-CBK-002,CBK,부모-자녀 갈등,2,2,0,0
CNS-CBK-01055,CTR-CBK-002,CBK,기타 가족관계,2,2,0,0
CNS-CBK-01056,CTR-CBK-002,CBK,부부갈등,2,2,0,0
CNS-CBK-01056,CTR-CBK-002,CBK,부모-자녀 갈등,1,1,0,0
CNS-CBK-01056,CTR-CBK-002,CBK,기타 가족관계,2,2,0,0
CNS-CBK-01057,CTR-CBK-002,CBK,부부갈등,3,2,1,0
CNS-CBK-01057,CTR-CBK-002,CBK,부모-자녀 갈등,2,2,0,0
CNS-CBK-01057,CTR-CBK-002,CBK,기타 가족관계,2,2,0,0
CNS-CBK-01058,CTR-CBK-002,CBK,부부갈등,2,2,0,0
CNS-CBK-01058,CTR-CBK-002,CBK,부모-자녀 갈등,1,1,0,0
CNS-CBK-01058,CTR-CBK-002,CBK,기타 가족관계,2,2,0,0
CNS-CBK-01059,CTR-CBK-003,CBK,부부갈등,6,5,1,0
CNS-CBK-01059,CTR-CBK-003,CBK,부모-자녀 갈등,5,4,1,0
CNS-CBK-01059,CTR-CBK-003,CBK,기타 가족관계,6,5,1,0
CNS-CBK-01059,CTR-CBK-003,CBK,이혼 전후,1,1,0,0
CNS-CBK-01060,CTR-CBK-003,CBK,부부갈등,3,3,0,0
CNS-CBK-01060,CTR-CBK-003,CBK,부모-자녀 갈등,2,2,0,0
CNS-CBK-01060,CTR-CBK-003,CBK,기타 가족관계,3,2,1,0
CNS-CBK-01060,CTR-CBK-003,CBK,이혼 전후,1,1,0,0
CNS-CBK-01061,CTR-CBK-003,CBK,부부갈등,3,2,1,0
CNS-CBK-01061,CTR-CBK-003,CBK,부모-자녀 갈등,2,2,0,0
CNS-CBK-01061,CTR-CBK-003,CBK,기타 가족관계,3,3,0,0
CNS-CBK-01062,CTR-CBK-003,CBK,부부갈등,2,2,0,0
CNS-CBK-01062,CTR-CBK-003,CBK,부모-자녀 갈등,1,1,0,0
CNS-CBK-01062,CTR-CBK-003,CBK,기타 가족관계,1,1,0,0
CNS-CBK-01063,CTR-CBK-003,CBK,부부갈등,3,2,1,0
CNS-CBK-01063,CTR-CBK-003,CBK,부모-자녀 갈등,2,2,0,0
CNS-CBK-01063,CTR-CBK-003,CBK,기타 가족관계,2,2,0,0
CNS-CBK-01064,CTR-CBK-004,CBK,부부갈등,4,3,1,0
CNS-CBK-01064,CTR-CBK-004,CBK,부모-자녀 갈등,3,3,0,0
CNS-CBK-01064,CTR-CBK-004,CBK,기타 가족관계,4,3,1,0
CNS-CBK-01064,CTR-CBK-004,CBK,이혼 전후,1,1,0,0
CNS-CBK-01065,CTR-CBK-004,CBK,부부갈등,2,2,0,0
CNS-CBK-01065,CTR-CBK-004,CBK,부모-자녀 갈등,1,1,0,0
CNS-CBK-01065,CTR-CBK-004,CBK,기타 가족관계,2,1,1,0
CNS-CBK-01066,CTR-CBK-004,CBK,부부갈등,2,2,0,0
CNS-CBK-01066,CTR-CBK-004,CBK,부모-자녀 갈등,1,1,0,0
CNS-CBK-01066,CTR-CBK-004,CBK,기타 가족관계,2,2,0,0
CNS-CBK-01067,CTR-CBK-004,CBK,부부갈등,2,2,0,0
CNS-CBK-01067,CTR-CBK-004,CBK,부모-자녀 갈등,1,1,0,0
CNS-CBK-01067,CTR-CBK-004,CBK,기타 가족관계,1,1,0,0
CNS-CBK-01068,CTR-CBK-004,CBK,부부갈등,3,2,1,0
CNS-CBK-01068,CTR-CBK-004,CBK,부모-자녀 갈등,2,2,0,0
CNS-CBK-01068,CTR-CBK-004,CBK,기타 가족관계,3,2,1,0
CNS-CBK-01068,CTR-CBK-004,CBK,이혼 전후,1,1,0,0
CNS-CBK-01069,CTR-CBK-005,CBK,부부갈등,3,2,1,0
CNS-CBK-01069,CTR-CBK-005,CBK,부모-자녀 갈등,2,2,0,0
CNS-CBK-01069,CTR-CBK-005,CBK,기타 가족관계,3,3,0,0
CNS-CBK-01069,CTR-CBK-005,CBK,이혼 전후,1,1,0,0
CNS-CBK-01070,CTR-CBK-005,CBK,부부갈등,2,2,0,0
CNS-CBK-01070,CTR-CBK-005,CBK,부모-자녀 갈등,1,1,0,0
CNS-CBK-01070,CTR-CBK-005,CBK,기타 가족관계,2,2,0,0
CNS-CBK-01071,CTR-CBK-005,CBK,부부갈등,1,1,0,0
CNS-CBK-01071,CTR-CBK-005,CBK,부모-자녀 갈등,1,1,0,0
CNS-CBK-01071,CTR-CBK-005,CBK,기타 가족관계,1,1,0,0
CNS-CBK-01072,CTR-CBK-005,CBK,부부갈등,2,2,0,0
CNS-CBK-01072,CTR-CBK-005,CBK,부모-자녀 갈등,1,1,0,0
CNS-CBK-01072,CTR-CBK-005,CBK,기타 가족관계,2,2,0,0
CNS-CBK-01073,CTR-CBK-005,CBK,부부갈등,3,2,1,0
CNS-CBK-01073,CTR-CBK-005,CBK,부모-자녀 갈등,2,2,0,0
CNS-CBK-01073,CTR-CBK-005,CBK,기타 가족관계,3,3,0,0
CNS-CBK-01074,CTR-CBK-006,CBK,부부갈등,4,3,1,0
CNS-CBK-01074,CTR-CBK-006,CBK,부모-자녀 갈등,3,2,1,0
CNS-CBK-01074,CTR-CBK-006,CBK,기타 가족관계,4,4,0,0
CNS-CBK-01075,CTR-CBK-006,CBK,부부갈등,3,3,0,0
CNS-CBK-01075,CTR-CBK-006,CBK,부모-자녀 갈등,2,2,0,0
CNS-CBK-01075,CTR-CBK-006,CBK,기타 가족관계,3,2,1,0
CNS-CBK-01075,CTR-CBK-006,CBK,이혼 전후,1,1,0,0
CNS-CBK-01076,CTR-CBK-006,CBK,부부갈등,1,1,0,0
CNS-CBK-01076,CTR-CBK-006,CBK,부모-자녀 갈등,1,1,0,0
CNS-CBK-01076,CTR-CBK-006,CBK,기타 가족관계,1,1,0,0
CNS-CBK-01077,CTR-CBK-006,CBK,부부갈등,2,2,0,0
CNS-CBK-01077,CTR-CBK-006,CBK,부모-자녀 갈등,2,2,0,0
CNS-CBK-01077,CTR-CBK-006,CBK,기타 가족관계,2,2,0,0
CNS-CBK-01078,CTR-CBK-006,CBK,부부갈등,3,3,0,0
CNS-CBK-01078,CTR-CBK-006,CBK,부모-자녀 갈등,2,2,0,0
CNS-CBK-01078,CTR-CBK-006,CBK,기타 가족관계,3,2,1,0
CNS-CBK-01078,CTR-CBK-006,CBK,이혼 전후,1,1,0,0
CNS-CBK-01079,CTR-CBK-007,CBK,부부갈등,4,3,1,0
CNS-CBK-01079,CTR-CBK-007,CBK,부모-자녀 갈등,3,2,1,0
CNS-CBK-01079,CTR-CBK-007,CBK,기타 가족관계,4,3,1,0
CNS-CBK-01079,CTR-CBK-007,CBK,이혼 전후,1,1,0,0
CNS-CBK-01080,CTR-CBK-007,CBK,부부갈등,3,3,0,0
CNS-CBK-01080,CTR-CBK-007,CBK,부모-자녀 갈등,2,1,1,0
CNS-CBK-01080,CTR-CBK-007,CBK,기타 가족관계,3,2,1,0
CNS-CBK-01080,CTR-CBK-007,CBK,이혼 전후,1,1,0,0
CNS-CBK-01081,CTR-CBK-007,CBK,부부갈등,3,2,1,0
CNS-CBK-01081,CTR-CBK-007,CBK,부모-자녀 갈등,2,2,0,0
CNS-CBK-01081,CTR-CBK-007,CBK,기타 가족관계,2,2,0,0
CNS-CBK-01082,CTR-CBK-007,CBK,부부갈등,2,2,0,0
CNS-CBK-01082,CTR-CBK-007,CBK,부모-자녀 갈등,1,1,0,0
CNS-CBK-01082,CTR-CBK-007,CBK,기타 가족관계,2,2,0,0
CNS-CBK-01083,CTR-CBK-007,CBK,부부갈등,1,1,0,0
CNS-CBK-01083,CTR-CBK-007,CBK,부모-자녀 갈등,1,1,0,0
CNS-CBK-01083,CTR-CBK-007,CBK,기타 가족관계,1,1,0,0
CNS-CBK-01084,CTR-CBK-008,CBK,부부갈등,3,2,1,0
CNS-CBK-01084,CTR-CBK-008,CBK,부모-자녀 갈등,2,2,0,0
CNS-CBK-01084,CTR-CBK-008,CBK,기타 가족관계,3,2,1,0
CNS-CBK-01085,CTR-CBK-008,CBK,부부갈등,3,2,1,0
CNS-CBK-01085,CTR-CBK-008,CBK,부모-자녀 갈등,2,2,0,0
CNS-CBK-01085,CTR-CBK-008,CBK,기타 가족관계,2,2,0,0
CNS-CBK-01086,CTR-CBK-008,CBK,부부갈등,2,2,0,0
CNS-CBK-01086,CTR-CBK-008,CBK,부모-자녀 갈등,2,2,0,0
CNS-CBK-01086,CTR-CBK-008,CBK,기타 가족관계,2,2,0,0
CNS-CBK-01087,CTR-CBK-008,CBK,부부갈등,2,2,0,0
CNS-CBK-01087,CTR-CBK-008,CBK,부모-자녀 갈등,1,1,0,0
CNS-CBK-01087,CTR-CBK-008,CBK,기타 가족관계,1,1,0,0
CNS-CBK-01088,CTR-CBK-008,CBK,부부갈등,4,3,1,0
CNS-CBK-01088,CTR-CBK-008,CBK,부모-자녀 갈등,3,2,1,0
CNS-CBK-01088,CTR-CBK-008,CBK,기타 가족관계,4,3,1,0
CNS-CBK-01088,CTR-CBK-008,CBK,이혼 전후,1,1,0,0
CNS-CBK-01089,CTR-CBK-009,CBK,부부갈등,5,4,1,0
CNS-CBK-01089,CTR-CBK-009,CBK,부모-자녀 갈등,4,3,1,0
CNS-CBK-01089,CTR-CBK-009,CBK,기타 가족관계,5,4,1,0
CNS-CBK-01089,CTR-CBK-009,CBK,이혼 전후,1,1,0,0
CNS-CBK-01090,CTR-CBK-009,CBK,부부갈등,3,2,1,0
CNS-CBK-01090,CTR-CBK-009,CBK,부모-자녀 갈등,2,2,0,0
CNS-CBK-01090,CTR-CBK-009,CBK,기타 가족관계,2,2,0,0
CNS-CBK-01091,CTR-CBK-009,CBK,부부갈등,3,2,1,0
CNS-CBK-01091,CTR-CBK-009,CBK,부모-자녀 갈등,2,2,0,0
CNS-CBK-01091,CTR-CBK-009,CBK,기타 가족관계,3,2,1,0
CNS-CBK-01092,CTR-CBK-009,CBK,부부갈등,2,2,0,0
CNS-CBK-01092,CTR-CBK-009,CBK,부모-자녀 갈등,2,2,0,0
CNS-CBK-01092,CTR-CBK-009,CBK,기타 가족관계,2,2,0,0
CNS-CBK-01093,CTR-CBK-009,CBK,부부갈등,3,2,1,0
CNS-CBK-01093,CTR-CBK-009,CBK,부모-자녀 갈등,2,2,0,0
CNS-CBK-01093,CTR-CBK-009,CBK,기타 가족관계,2,2,0,0
CNS-CBK-01094,CTR-CBK-010,CBK,부부갈등,5,4,1,0
CNS-CBK-01094,CTR-CBK-010,CBK,부모-자녀 갈등,3,3,0,0
CNS-CBK-01094,CTR-CBK-010,CBK,기타 가족관계,4,3,1,0
CNS-CBK-01094,CTR-CBK-010,CBK,이혼 전후,1,1,0,0
CNS-CBK-01095,CTR-CBK-010,CBK,부부갈등,3,3,0,0
CNS-CBK-01095,CTR-CBK-010,CBK,부모-자녀 갈등,2,2,0,0
CNS-CBK-01095,CTR-CBK-010,CBK,기타 가족관계,3,3,0,0
CNS-CBK-01095,CTR-CBK-010,CBK,이혼 전후,1,1,0,0
CNS-CBK-01096,CTR-CBK-010,CBK,부부갈등,2,2,0,0
CNS-CBK-01096,CTR-CBK-010,CBK,부모-자녀 갈등,2,2,0,0
CNS-CBK-01096,CTR-CBK-010,CBK,기타 가족관계,2,2,0,0
CNS-CBK-01097,CTR-CBK-010,CBK,부부갈등,2,2,0,0
CNS-CBK-01097,CTR-CBK-010,CBK,부모-자녀 갈등,2,2,0,0
CNS-CBK-01097,CTR-CBK-010,CBK,기타 가족관계,2,2,0,0
CNS-CBK-01098,CTR-CBK-010,CBK,부부갈등,2,2,0,0
CNS-CBK-01098,CTR-CBK-010,CBK,부모-자녀 갈등,1,1,0,0
CNS-CBK-01098,CTR-CBK-010,CBK,기타 가족관계,1,1,0,0
CNS-CBK-01099,CTR-CBK-011,CBK,부부갈등,4,4,0,0
CNS-CBK-01099,CTR-CBK-011,CBK,부모-자녀 갈등,3,2,1,0
CNS-CBK-01099,CTR-CBK-011,CBK,기타 가족관계,4,3,1,0
CNS-CBK-01099,CTR-CBK-011,CBK,이혼 전후,1,1,0,0
CNS-CBK-01100,CTR-CBK-011,CBK,부부갈등,3,2,1,0
CNS-CBK-01100,CTR-CBK-011,CBK,부모-자녀 갈등,3,2,1,0
CNS-CBK-01100,CTR-CBK-011,CBK,기타 가족관계,3,3,0,0
CNS-CBK-01100,CTR-CBK-011,CBK,이혼 전후,1,1,0,0
CNS-CBK-01101,CTR-CBK-011,CBK,부부갈등,2,2,0,0
CNS-CBK-01101,CTR-CBK-011,CBK,부모-자녀 갈등,1,1,0,0
CNS-CBK-01101,CTR-CBK-011,CBK,기타 가족관계,1,1,0,0
CNS-CBK-01102,CTR-CBK-011,CBK,부부갈등,3,3,0,0
CNS-CBK-01102,CTR-CBK-011,CBK,부모-자녀 갈등,2,2,0,0
CNS-CBK-01102,CTR-CBK-011,CBK,기타 가족관계,2,2,0,0
CNS-CBK-01103,CTR-CBK-011,CBK,부부갈등,2,2,0,0
CNS-CBK-01103,CTR-CBK-011,CBK,부모-자녀 갈등,2,2,0,0
CNS-CBK-01103,CTR-CBK-011,CBK,기타 가족관계,2,2,0,0
CNS-CNM-01104,CTR-CNM-001,CNM,부부갈등,3,2,1,0
CNS-CNM-01104,CTR-CNM-001,CNM,부모-자녀 갈등,3,2,1,0
CNS-CNM-01104,CTR-CNM-001,CNM,기타 가족관계,3,3,0,0
CNS-CNM-01104,CTR-CNM-001,CNM,이혼 전후,1,1,0,0
CNS-CNM-01105,CTR-CNM-001,CNM,부부갈등,5,4,1,0
CNS-CNM-01105,CTR-CNM-001,CNM,부모-자녀 갈등,3,2,1,0
CNS-CNM-01105,CTR-CNM-001,CNM,기타 가족관계,4,3,1,0
CNS-CNM-01105,CTR-CNM-001,CNM,이혼 전후,1,1,0,0
CNS-CNM-01106,CTR-CNM-001,CNM,부부갈등,3,2,1,0
CNS-CNM-01106,CTR-CNM-001,CNM,부모-자녀 갈등,3,3,0,0
CNS-CNM-01106,CTR-CNM-001,CNM,기타 가족관계,3,3,0,0
CNS-CNM-01106,CTR-CNM-001,CNM,이혼 전후,1,1,0,0
CNS-CNM-01107,CTR-CNM-001,CNM,부부갈등,3,3,0,0
CNS-CNM-01107,CTR-CNM-001,CNM,부모-자녀 갈등,2,2,0,0
CNS-CNM-01107,CTR-CNM-001,CNM,기타 가족관계,3,3,0,0
CNS-CNM-01107,CTR-CNM-001,CNM,이혼 전후,1,1,0,0
CNS-CNM-01108,CTR-CNM-001,CNM,부부갈등,2,2,0,0
CNS-CNM-01108,CTR-CNM-001,CNM,부모-자녀 갈등,1,1,0,0
CNS-CNM-01108,CTR-CNM-001,CNM,기타 가족관계,1,1,0,0
CNS-CNM-01109,CTR-CNM-001,CNM,부부갈등,3,3,0,0
CNS-CNM-01109,CTR-CNM-001,CNM,부모-자녀 갈등,2,2,0,0
CNS-CNM-01109,CTR-CNM-001,CNM,기타 가족관계,3,2,1,0
CNS-CNM-01110,CTR-CNM-001,CNM,부부갈등,3,2,1,0
CNS-CNM-01110,CTR-CNM-001,CNM,부모-자녀 갈등,3,3,0,0
CNS-CNM-01110,CTR-CNM-001,CNM,기타 가족관계,3,3,0,0
CNS-CNM-01110,CTR-CNM-001,CNM,이혼 전후,1,1,0,0
CNS-CNM-01111,CTR-CNM-002,CNM,부부갈등,5,4,1,0
CNS-CNM-01111,CTR-CNM-002,CNM,부모-자녀 갈등,3,3,0,0
CNS-CNM-01111,CTR-CNM-002,CNM,기타 가족관계,4,3,1,0
CNS-CNM-01111,CTR-CNM-002,CNM,이혼 전후,1,1,0,0
CNS-CNM-01112,CTR-CNM-002,CNM,부부갈등,3,2,1,0
CNS-CNM-01112,CTR-CNM-002,CNM,부모-자녀 갈등,2,2,0,0
CNS-CNM-01112,CTR-CNM-002,CNM,기타 가족관계,3,2,1,0
CNS-CNM-01113,CTR-CNM-002,CNM,부부갈등,3,3,0,0
CNS-CNM-01113,CTR-CNM-002,CNM,부모-자녀 갈등,2,2,0,0
CNS-CNM-01113,CTR-CNM-002,CNM,기타 가족관계,2,2,0,0
CNS-CNM-01114,CTR-CNM-002,CNM,부부갈등,4,3,1,0
CNS-CNM-01114,CTR-CNM-002,CNM,부모-자녀 갈등,3,3,0,0
CNS-CNM-01114,CTR-CNM-002,CNM,기타 가족관계,4,3,1,0
CNS-CNM-01115,CTR-CNM-002,CNM,부부갈등,3,3,0,0
CNS-CNM-01115,CTR-CNM-002,CNM,부모-자녀 갈등,2,2,0,0
CNS-CNM-01115,CTR-CNM-002,CNM,기타 가족관계,2,2,0,0
CNS-CNM-01116,CTR-CNM-002,CNM,부부갈등,2,1,1,0
CNS-CNM-01116,CTR-CNM-002,CNM,부모-자녀 갈등,1,1,0,0
CNS-CNM-01116,CTR-CNM-002,CNM,기타 가족관계,2,2,0,0
CNS-CNM-01117,CTR-CNM-002,CNM,부부갈등,2,2,0,0
CNS-CNM-01117,CTR-CNM-002,CNM,부모-자녀 갈등,2,2,0,0
CNS-CNM-01117,CTR-CNM-002,CNM,기타 가족관계,2,2,0,0
CNS-CNM-01118,CTR-CNM-003,CNM,부부갈등,5,4,1,0
CNS-CNM-01118,CTR-CNM-003,CNM,부모-자녀 갈등,4,3,1,0
CNS-CNM-01118,CTR-CNM-003,CNM,기타 가족관계,4,3,1,0
CNS-CNM-01118,CTR-CNM-003,CNM,이혼 전후,1,1,0,0
CNS-CNM-01119,CTR-CNM-003,CNM,부부갈등,6,5,1,0
CNS-CNM-01119,CTR-CNM-003,CNM,부모-자녀 갈등,4,3,1,0
CNS-CNM-01119,CTR-CNM-003,CNM,기타 가족관계,5,4,1,0
CNS-CNM-01119,CTR-CNM-003,CNM,이혼 전후,1,1,0,0
CNS-CNM-01120,CTR-CNM-003,CNM,부부갈등,1,1,0,0
CNS-CNM-01120,CTR-CNM-003,CNM,부모-자녀 갈등,1,1,0,0
CNS-CNM-01120,CTR-CNM-003,CNM,기타 가족관계,1,1,0,0
CNS-CNM-01121,CTR-CNM-003,CNM,부부갈등,3,2,1,0
CNS-CNM-01121,CTR-CNM-003,CNM,부모-자녀 갈등,2,2,0,0
CNS-CNM-01121,CTR-CNM-003,CNM,기타 가족관계,2,2,0,0
CNS-CNM-01122,CTR-CNM-003,CNM,부부갈등,1,1,0,0
CNS-CNM-01122,CTR-CNM-003,CNM,부모-자녀 갈등,1,1,0,0
CNS-CNM-01122,CTR-CNM-003,CNM,기타 가족관계,1,1,0,0
CNS-CNM-01123,CTR-CNM-003,CNM,부부갈등,2,2,0,0
CNS-CNM-01123,CTR-CNM-003,CNM,부모-자녀 갈등,1,1,0,0
CNS-CNM-01123,CTR-CNM-003,CNM,기타 가족관계,2,2,0,0
CNS-CNM-01124,CTR-CNM-003,CNM,부부갈등,3,2,1,0
CNS-CNM-01124,CTR-CNM-003,CNM,부모-자녀 갈등,2,2,0,0
CNS-CNM-01124,CTR-CNM-003,CNM,기타 가족관계,3,2,1,0
CNS-CNM-01124,CTR-CNM-003,CNM,이혼 전후,1,1,0,0
CNS-CNM-01125,CTR-CNM-003,CNM,부부갈등,3,3,0,0
CNS-CNM-01125,CTR-CNM-003,CNM,부모-자녀 갈등,3,2,1,0
CNS-CNM-01125,CTR-CNM-003,CNM,기타 가족관계,3,3,0,0
CNS-CNM-01125,CTR-CNM-003,CNM,이혼 전후,1,1,0,0
CNS-CNM-01126,CTR-CNM-004,CNM,부부갈등,4,3,1,0
CNS-CNM-01126,CTR-CNM-004,CNM,부모-자녀 갈등,3,2,1,0
CNS-CNM-01126,CTR-CNM-004,CNM,기타 가족관계,4,3,1,0
CNS-CNM-01127,CTR-CNM-004,CNM,부부갈등,5,4,1,0
CNS-CNM-01127,CTR-CNM-004,CNM,부모-자녀 갈등,3,3,0,0
CNS-CNM-01127,CTR-CNM-004,CNM,기타 가족관계,4,3,1,0
CNS-CNM-01127,CTR-CNM-004,CNM,이혼 전후,1,1,0,0
CNS-CNM-01128,CTR-CNM-004,CNM,부부갈등,1,1,0,0
CNS-CNM-01128,CTR-CNM-004,CNM,부모-자녀 갈등,1,1,0,0
CNS-CNM-01128,CTR-CNM-004,CNM,기타 가족관계,1,1,0,0
CNS-CNM-01129,CTR-CNM-004,CNM,부부갈등,3,3,0,0
CNS-CNM-01129,CTR-CNM-004,CNM,부모-자녀 갈등,2,2,0,0
CNS-CNM-01129,CTR-CNM-004,CNM,기타 가족관계,2,2,0,0
CNS-CNM-01130,CTR-CNM-004,CNM,부부갈등,3,3,0,0
CNS-CNM-01130,CTR-CNM-004,CNM,부모-자녀 갈등,2,2,0,0
CNS-CNM-01130,CTR-CNM-004,CNM,기타 가족관계,2,2,0,0
CNS-CNM-01131,CTR-CNM-004,CNM,부부갈등,2,2,0,0
CNS-CNM-01131,CTR-CNM-004,CNM,부모-자녀 갈등,2,2,0,0
CNS-CNM-01131,CTR-CNM-004,CNM,기타 가족관계,2,2,0,0
CNS-CNM-01132,CTR-CNM-004,CNM,부부갈등,3,2,1,0
CNS-CNM-01132,CTR-CNM-004,CNM,부모-자녀 갈등,2,2,0,0
CNS-CNM-01132,CTR-CNM-004,CNM,기타 가족관계,2,2,0,0
CNS-CNM-01133,CTR-CNM-005,CNM,부부갈등,4,3,1,0
CNS-CNM-01133,CTR-CNM-005,CNM,부모-자녀 갈등,3,3,0,0
CNS-CNM-01133,CTR-CNM-005,CNM,기타 가족관계,4,3,1,0
CNS-CNM-01133,CTR-CNM-005,CNM,이혼 전후,1,1,0,0
CNS-CNM-01134,CTR-CNM-005,CNM,부부갈등,2,2,0,0
CNS-CNM-01134,CTR-CNM-005,CNM,부모-자녀 갈등,2,2,0,0
CNS-CNM-01134,CTR-CNM-005,CNM,기타 가족관계,2,2,0,0
CNS-CNM-01135,CTR-CNM-005,CNM,부부갈등,3,2,1,0
CNS-CNM-01135,CTR-CNM-005,CNM,부모-자녀 갈등,2,2,0,0
CNS-CNM-01135,CTR-CNM-005,CNM,기타 가족관계,2,2,0,0
CNS-CNM-01136,CTR-CNM-005,CNM,부부갈등,3,2,1,0
CNS-CNM-01136,CTR-CNM-005,CNM,부모-자녀 갈등,2,2,0,0
CNS-CNM-01136,CTR-CNM-005,CNM,기타 가족관계,2,2,0,0
CNS-CNM-01137,CTR-CNM-005,CNM,부부갈등,4,3,1,0
CNS-CNM-01137,CTR-CNM-005,CNM,부모-자녀 갈등,3,2,1,0
CNS-CNM-01137,CTR-CNM-005,CNM,기타 가족관계,4,4,0,0
CNS-CNM-01138,CTR-CNM-006,CNM,부부갈등,5,4,1,0
CNS-CNM-01138,CTR-CNM-006,CNM,부모-자녀 갈등,3,3,0,0
CNS-CNM-01138,CTR-CNM-006,CNM,기타 가족관계,4,3,1,0
CNS-CNM-01138,CTR-CNM-006,CNM,이혼 전후,1,1,0,0
CNS-CNM-01139,CTR-CNM-006,CNM,부부갈등,4,3,1,0
CNS-CNM-01139,CTR-CNM-006,CNM,부모-자녀 갈등,3,3,0,0
CNS-CNM-01139,CTR-CNM-006,CNM,기타 가족관계,4,3,1,0
CNS-CNM-01139,CTR-CNM-006,CNM,이혼 전후,1,1,0,0
CNS-CNM-01140,CTR-CNM-006,CNM,부부갈등,3,2,1,0
CNS-CNM-01140,CTR-CNM-006,CNM,부모-자녀 갈등,2,2,0,0
CNS-CNM-01140,CTR-CNM-006,CNM,기타 가족관계,3,3,0,0
CNS-CNM-01141,CTR-CNM-006,CNM,부부갈등,3,3,0,0
CNS-CNM-01141,CTR-CNM-006,CNM,부모-자녀 갈등,2,2,0,0
CNS-CNM-01141,CTR-CNM-006,CNM,기타 가족관계,2,2,0,0
CNS-CNM-01142,CTR-CNM-006,CNM,부부갈등,3,3,0,0
CNS-CNM-01142,CTR-CNM-006,CNM,부모-자녀 갈등,2,2,0,0
CNS-CNM-01142,CTR-CNM-006,CNM,기타 가족관계,2,1,1,0
CNS-CNM-01143,CTR-CNM-006,CNM,부부갈등,3,2,1,0
CNS-CNM-01143,CTR-CNM-006,CNM,부모-자녀 갈등,2,2,0,0
CNS-CNM-01143,CTR-CNM-006,CNM,기타 가족관계,3,3,0,0
CNS-CNM-01144,CTR-CNM-006,CNM,부부갈등,3,3,0,0
CNS-CNM-01144,CTR-CNM-006,CNM,부모-자녀 갈등,2,2,0,0
CNS-CNM-01144,CTR-CNM-006,CNM,기타 가족관계,2,2,0,0
CNS-CNM-01145,CTR-CNM-007,CNM,부부갈등,4,4,0,0
CNS-CNM-01145,CTR-CNM-007,CNM,부모-자녀 갈등,3,2,1,0
CNS-CNM-01145,CTR-CNM-007,CNM,기타 가족관계,4,3,1,0
CNS-CNM-01145,CTR-CNM-007,CNM,이혼 전후,1,1,0,0
CNS-CNM-01146,CTR-CNM-007,CNM,부부갈등,5,4,1,0
CNS-CNM-01146,CTR-CNM-007,CNM,부모-자녀 갈등,3,2,1,0
CNS-CNM-01146,CTR-CNM-007,CNM,기타 가족관계,4,3,1,0
CNS-CNM-01146,CTR-CNM-007,CNM,이혼 전후,1,1,0,0
CNS-CNM-01147,CTR-CNM-007,CNM,부부갈등,3,2,1,0
CNS-CNM-01147,CTR-CNM-007,CNM,부모-자녀 갈등,2,2,0,0
CNS-CNM-01147,CTR-CNM-007,CNM,기타 가족관계,2,2,0,0
CNS-CNM-01148,CTR-CNM-007,CNM,부부갈등,2,2,0,0
CNS-CNM-01148,CTR-CNM-007,CNM,부모-자녀 갈등,2,2,0,0
CNS-CNM-01148,CTR-CNM-007,CNM,기타 가족관계,2,2,0,0
CNS-CNM-01149,CTR-CNM-007,CNM,부부갈등,3,2,1,0
CNS-CNM-01149,CTR-CNM-007,CNM,부모-자녀 갈등,2,2,0,0
CNS-CNM-01149,CTR-CNM-007,CNM,기타 가족관계,2,2,0,0
CNS-CNM-01150,CTR-CNM-007,CNM,부부갈등,3,2,1,0
CNS-CNM-01150,CTR-CNM-007,CNM,부모-자녀 갈등,2,2,0,0
CNS-CNM-01150,CTR-CNM-007,CNM,기타 가족관계,3,2,1,0
CNS-CNM-01150,CTR-CNM-007,CNM,이혼 전후,1,1,0,0
CNS-CNM-01151,CTR-CNM-007,CNM,부부갈등,3,3,0,0
CNS-CNM-01151,CTR-CNM-007,CNM,부모-자녀 갈등,2,2,0,0
CNS-CNM-01151,CTR-CNM-007,CNM,기타 가족관계,3,2,1,0
CNS-CNM-01151,CTR-CNM-007,CNM,이혼 전후,1,1,0,0
CNS-CNM-01152,CTR-CNM-008,CNM,부부갈등,5,4,1,0
CNS-CNM-01152,CTR-CNM-008,CNM,부모-자녀 갈등,3,2,1,0
CNS-CNM-01152,CTR-CNM-008,CNM,기타 가족관계,4,3,1,0
CNS-CNM-01152,CTR-CNM-008,CNM,이혼 전후,1,1,0,0
CNS-CNM-01153,CTR-CNM-008,CNM,부부갈등,2,2,0,0
CNS-CNM-01153,CTR-CNM-008,CNM,부모-자녀 갈등,2,2,0,0
CNS-CNM-01153,CTR-CNM-008,CNM,기타 가족관계,2,2,0,0
CNS-CNM-01154,CTR-CNM-008,CNM,부부갈등,3,2,1,0
CNS-CNM-01154,CTR-CNM-008,CNM,부모-자녀 갈등,2,2,0,0
CNS-CNM-01154,CTR-CNM-008,CNM,기타 가족관계,3,2,1,0
CNS-CNM-01155,CTR-CNM-008,CNM,부부갈등,3,2,1,0
CNS-CNM-01155,CTR-CNM-008,CNM,부모-자녀 갈등,2,2,0,0
CNS-CNM-01155,CTR-CNM-008,CNM,기타 가족관계,3,3,0,0
CNS-CNM-01155,CTR-CNM-008,CNM,이혼 전후,1,1,0,0
CNS-CNM-01156,CTR-CNM-008,CNM,부부갈등,3,2,1,0
CNS-CNM-01156,CTR-CNM-008,CNM,부모-자녀 갈등,2,2,0,0
CNS-CNM-01156,CTR-CNM-008,CNM,기타 가족관계,3,3,0,0
CNS-CNM-01157,CTR-CNM-009,CNM,부부갈등,5,4,1,0
CNS-CNM-01157,CTR-CNM-009,CNM,부모-자녀 갈등,3,2,1,0
CNS-CNM-01157,CTR-CNM-009,CNM,기타 가족관계,4,3,1,0
CNS-CNM-01157,CTR-CNM-009,CNM,이혼 전후,1,1,0,0
CNS-CNM-01158,CTR-CNM-009,CNM,부부갈등,2,2,0,0
CNS-CNM-01158,CTR-CNM-009,CNM,부모-자녀 갈등,1,1,0,0
CNS-CNM-01158,CTR-CNM-009,CNM,기타 가족관계,1,1,0,0
CNS-CNM-01159,CTR-CNM-009,CNM,부부갈등,2,2,0,0
CNS-CNM-01159,CTR-CNM-009,CNM,부모-자녀 갈등,1,1,0,0
CNS-CNM-01159,CTR-CNM-009,CNM,기타 가족관계,1,1,0,0
CNS-CNM-01160,CTR-CNM-009,CNM,부부갈등,3,2,1,0
CNS-CNM-01160,CTR-CNM-009,CNM,부모-자녀 갈등,2,2,0,0
CNS-CNM-01160,CTR-CNM-009,CNM,기타 가족관계,2,2,0,0
CNS-CNM-01161,CTR-CNM-009,CNM,부부갈등,3,3,0,0
CNS-CNM-01161,CTR-CNM-009,CNM,부모-자녀 갈등,3,3,0,0
CNS-CNM-01161,CTR-CNM-009,CNM,기타 가족관계,3,3,0,0
CNS-CNM-01161,CTR-CNM-009,CNM,이혼 전후,1,1,0,0
CNS-CNM-01162,CTR-CNM-010,CNM,부부갈등,5,4,1,0
CNS-CNM-01162,CTR-CNM-010,CNM,부모-자녀 갈등,4,3,1,0
CNS-CNM-01162,CTR-CNM-010,CNM,기타 가족관계,5,4,1,0
CNS-CNM-01162,CTR-CNM-010,CNM,이혼 전후,1,1,0,0
CNS-CNM-01163,CTR-CNM-010,CNM,부부갈등,5,4,1,0
CNS-CNM-01163,CTR-CNM-010,CNM,부모-자녀 갈등,4,4,0,0
CNS-CNM-01163,CTR-CNM-010,CNM,기타 가족관계,5,4,1,0
CNS-CNM-01163,CTR-CNM-010,CNM,이혼 전후,1,1,0,0
CNS-CNM-01164,CTR-CNM-010,CNM,부부갈등,3,2,1,0
CNS-CNM-01164,CTR-CNM-010,CNM,부모-자녀 갈등,2,2,0,0
CNS-CNM-01164,CTR-CNM-010,CNM,기타 가족관계,3,3,0,0
CNS-CNM-01165,CTR-CNM-010,CNM,부부갈등,2,2,0,0
CNS-CNM-01165,CTR-CNM-010,CNM,부모-자녀 갈등,2,2,0,0
CNS-CNM-01165,CTR-CNM-010,CNM,기타 가족관계,2,2,0,0
CNS-CNM-01166,CTR-CNM-010,CNM,부부갈등,4,4,0,0
CNS-CNM-01166,CTR-CNM-010,CNM,부모-자녀 갈등,3,3,0,0
CNS-CNM-01166,CTR-CNM-010,CNM,기타 가족관계,4,3,1,0
CNS-CNM-01167,CTR-CNM-010,CNM,부부갈등,3,2,1,0
CNS-CNM-01167,CTR-CNM-010,CNM,부모-자녀 갈등,2,2,0,0
CNS-CNM-01167,CTR-CNM-010,CNM,기타 가족관계,2,2,0,0
CNS-CNM-01168,CTR-CNM-010,CNM,부부갈등,3,2,1,0
CNS-CNM-01168,CTR-CNM-010,CNM,부모-자녀 갈등,3,2,1,0
CNS-CNM-01168,CTR-CNM-010,CNM,기타 가족관계,3,3,0,0
CNS-CNM-01168,CTR-CNM-010,CNM,이혼 전후,1,1,0,0
CNS-CNM-01169,CTR-CNM-011,CNM,부부갈등,5,4,1,0
CNS-CNM-01169,CTR-CNM-011,CNM,부모-자녀 갈등,4,3,1,0
CNS-CNM-01169,CTR-CNM-011,CNM,기타 가족관계,4,3,1,0
CNS-CNM-01169,CTR-CNM-011,CNM,이혼 전후,1,1,0,0
CNS-CNM-01170,CTR-CNM-011,CNM,부부갈등,5,4,1,0
CNS-CNM-01170,CTR-CNM-011,CNM,부모-자녀 갈등,3,2,1,0
CNS-CNM-01170,CTR-CNM-011,CNM,기타 가족관계,4,3,1,0
CNS-CNM-01170,CTR-CNM-011,CNM,이혼 전후,1,1,0,0
CNS-CNM-01171,CTR-CNM-011,CNM,부부갈등,3,2,1,0
CNS-CNM-01171,CTR-CNM-011,CNM,부모-자녀 갈등,3,3,0,0
CNS-CNM-01171,CTR-CNM-011,CNM,기타 가족관계,3,3,0,0
CNS-CNM-01171,CTR-CNM-011,CNM,이혼 전후,1,1,0,0
CNS-CNM-01172,CTR-CNM-011,CNM,부부갈등,3,3,0,0
CNS-CNM-01172,CTR-CNM-011,CNM,부모-자녀 갈등,2,2,0,0
CNS-CNM-01172,CTR-CNM-011,CNM,기타 가족관계,3,3,0,0
CNS-CNM-01173,CTR-CNM-011,CNM,부부갈등,3,2,1,0
CNS-CNM-01173,CTR-CNM-011,CNM,부모-자녀 갈등,2,2,0,0
CNS-CNM-01173,CTR-CNM-011,CNM,기타 가족관계,3,3,0,0
CNS-CNM-01174,CTR-CNM-011,CNM,부부갈등,3,2,1,0
CNS-CNM-01174,CTR-CNM-011,CNM,부모-자녀 갈등,3,3,0,0
CNS-CNM-01174,CTR-CNM-011,CNM,기타 가족관계,3,2,1,0
CNS-CNM-01174,CTR-CNM-011,CNM,이혼 전후,1,1,0,0
CNS-CNM-01175,CTR-CNM-011,CNM,부부갈등,2,2,0,0
CNS-CNM-01175,CTR-CNM-011,CNM,부모-자녀 갈등,1,1,0,0
CNS-CNM-01175,CTR-CNM-011,CNM,기타 가족관계,2,2,0,0
CNS-CNM-01176,CTR-CNM-012,CNM,부부갈등,4,3,1,0
CNS-CNM-01176,CTR-CNM-012,CNM,부모-자녀 갈등,3,3,0,0
CNS-CNM-01176,CTR-CNM-012,CNM,기타 가족관계,4,4,0,0
CNS-CNM-01177,CTR-CNM-012,CNM,부부갈등,3,2,1,0
CNS-CNM-01177,CTR-CNM-012,CNM,부모-자녀 갈등,2,2,0,0
CNS-CNM-01177,CTR-CNM-012,CNM,기타 가족관계,3,2,1,0
CNS-CNM-01177,CTR-CNM-012,CNM,이혼 전후,1,1,0,0
CNS-CNM-01178,CTR-CNM-012,CNM,부부갈등,3,2,1,0
CNS-CNM-01178,CTR-CNM-012,CNM,부모-자녀 갈등,2,2,0,0
CNS-CNM-01178,CTR-CNM-012,CNM,기타 가족관계,2,1,1,0
CNS-CNM-01179,CTR-CNM-012,CNM,부부갈등,2,2,0,0
CNS-CNM-01179,CTR-CNM-012,CNM,부모-자녀 갈등,1,1,0,0
CNS-CNM-01179,CTR-CNM-012,CNM,기타 가족관계,2,2,0,0
CNS-CNM-01180,CTR-CNM-012,CNM,부부갈등,1,1,0,0
CNS-CNM-01180,CTR-CNM-012,CNM,부모-자녀 갈등,1,1,0,0
CNS-CNM-01180,CTR-CNM-012,CNM,기타 가족관계,1,1,0,0
CNS-CNM-01181,CTR-CNM-012,CNM,부부갈등,2,2,0,0
CNS-CNM-01181,CTR-CNM-012,CNM,부모-자녀 갈등,2,2,0,0
CNS-CNM-01181,CTR-CNM-012,CNM,기타 가족관계,2,2,0,0
CNS-CNM-01182,CTR-CNM-012,CNM,부부갈등,2,2,0,0
CNS-CNM-01182,CTR-CNM-012,CNM,부모-자녀 갈등,1,1,0,0
CNS-CNM-01182,CTR-CNM-012,CNM,기타 가족관계,1,1,0,0
CNS-CNM-01183,CTR-CNM-013,CNM,부부갈등,5,4,1,0
CNS-CNM-01183,CTR-CNM-013,CNM,부모-자녀 갈등,3,3,0,0
CNS-CNM-01183,CTR-CNM-013,CNM,기타 가족관계,4,3,1,0
CNS-CNM-01183,CTR-CNM-013,CNM,이혼 전후,1,1,0,0
CNS-CNM-01184,CTR-CNM-013,CNM,부부갈등,3,2,1,0
CNS-CNM-01184,CTR-CNM-013,CNM,부모-자녀 갈등,2,2,0,0
CNS-CNM-01184,CTR-CNM-013,CNM,기타 가족관계,3,3,0,0
CNS-CNM-01184,CTR-CNM-013,CNM,이혼 전후,1,1,0,0
CNS-CNM-01185,CTR-CNM-013,CNM,부부갈등,1,1,0,0
CNS-CNM-01185,CTR-CNM-013,CNM,부모-자녀 갈등,1,1,0,0
CNS-CNM-01185,CTR-CNM-013,CNM,기타 가족관계,1,1,0,0
CNS-CNM-01186,CTR-CNM-013,CNM,부부갈등,3,2,1,0
CNS-CNM-01186,CTR-CNM-013,CNM,부모-자녀 갈등,2,2,0,0
CNS-CNM-01186,CTR-CNM-013,CNM,기타 가족관계,3,3,0,0
CNS-CNM-01187,CTR-CNM-013,CNM,부부갈등,1,1,0,0
CNS-CNM-01187,CTR-CNM-013,CNM,부모-자녀 갈등,1,1,0,0
CNS-CNM-01187,CTR-CNM-013,CNM,기타 가족관계,1,1,0,0
CNS-CNM-01188,CTR-CNM-014,CNM,부부갈등,4,3,1,0
CNS-CNM-01188,CTR-CNM-014,CNM,부모-자녀 갈등,3,2,1,0
CNS-CNM-01188,CTR-CNM-014,CNM,기타 가족관계,4,3,1,0
CNS-CNM-01188,CTR-CNM-014,CNM,이혼 전후,1,1,0,0
CNS-CNM-01189,CTR-CNM-014,CNM,부부갈등,3,3,0,0
CNS-CNM-01189,CTR-CNM-014,CNM,부모-자녀 갈등,2,2,0,0
CNS-CNM-01189,CTR-CNM-014,CNM,기타 가족관계,3,2,1,0
CNS-CNM-01189,CTR-CNM-014,CNM,이혼 전후,1,1,0,0
CNS-CNM-01190,CTR-CNM-014,CNM,부부갈등,3,2,1,0
CNS-CNM-01190,CTR-CNM-014,CNM,부모-자녀 갈등,2,2,0,0
CNS-CNM-01190,CTR-CNM-014,CNM,기타 가족관계,2,2,0,0
CNS-CNM-01191,CTR-CNM-014,CNM,부부갈등,3,3,0,0
CNS-CNM-01191,CTR-CNM-014,CNM,부모-자녀 갈등,2,2,0,0
CNS-CNM-01191,CTR-CNM-014,CNM,기타 가족관계,2,2,0,0
CNS-CNM-01192,CTR-CNM-014,CNM,부부갈등,3,2,1,0
CNS-CNM-01192,CTR-CNM-014,CNM,부모-자녀 갈등,2,2,0,0
CNS-CNM-01192,CTR-CNM-014,CNM,기타 가족관계,3,3,0,0
CNS-CNM-01192,CTR-CNM-014,CNM,이혼 전후,1,1,0,0
CNS-CNM-01193,CTR-CNM-015,CNM,부부갈등,5,4,1,0
CNS-CNM-01193,CTR-CNM-015,CNM,부모-자녀 갈등,4,3,1,0
CNS-CNM-01193,CTR-CNM-015,CNM,기타 가족관계,4,3,1,0
CNS-CNM-01193,CTR-CNM-015,CNM,이혼 전후,1,1,0,0
CNS-CNM-01194,CTR-CNM-015,CNM,부부갈등,3,3,0,0
CNS-CNM-01194,CTR-CNM-015,CNM,부모-자녀 갈등,2,2,0,0
CNS-CNM-01194,CTR-CNM-015,CNM,기타 가족관계,2,2,0,0
CNS-CNM-01195,CTR-CNM-015,CNM,부부갈등,3,2,1,0
CNS-CNM-01195,CTR-CNM-015,CNM,부모-자녀 갈등,2,1,1,0
CNS-CNM-01195,CTR-CNM-015,CNM,기타 가족관계,3,2,1,0
CNS-CNM-01195,CTR-CNM-015,CNM,이혼 전후,1,1,0,0
CNS-CNM-01196,CTR-CNM-015,CNM,부부갈등,3,2,1,0
CNS-CNM-01196,CTR-CNM-015,CNM,부모-자녀 갈등,2,2,0,0
CNS-CNM-01196,CTR-CNM-015,CNM,기타 가족관계,3,2,1,0
CNS-CNM-01196,CTR-CNM-015,CNM,이혼 전후,1,1,0,0
CNS-CNM-01197,CTR-CNM-015,CNM,부부갈등,3,2,1,0
CNS-CNM-01197,CTR-CNM-015,CNM,부모-자녀 갈등,2,2,0,0
CNS-CNM-01197,CTR-CNM-015,CNM,기타 가족관계,3,2,1,0
CNS-JBK-01198,CTR-JBK-001,JBK,부부갈등,5,3,2,0
CNS-JBK-01198,CTR-JBK-001,JBK,부모-자녀 갈등,4,4,0,0
CNS-JBK-01198,CTR-JBK-001,JBK,기타 가족관계,5,4,1,0
CNS-JBK-01198,CTR-JBK-001,JBK,이혼 전후,1,1,0,0
CNS-JBK-01199,CTR-JBK-001,JBK,부부갈등,3,2,1,0
CNS-JBK-01199,CTR-JBK-001,JBK,부모-자녀 갈등,2,2,0,0
CNS-JBK-01199,CTR-JBK-001,JBK,기타 가족관계,3,2,1,0
CNS-JBK-01200,CTR-JBK-001,JBK,부부갈등,3,3,0,0
CNS-JBK-01200,CTR-JBK-001,JBK,부모-자녀 갈등,2,2,0,0
CNS-JBK-01200,CTR-JBK-001,JBK,기타 가족관계,3,2,1,0
CNS-JBK-01201,CTR-JBK-001,JBK,부부갈등,3,2,1,0
CNS-JBK-01201,CTR-JBK-001,JBK,부모-자녀 갈등,3,2,1,0
CNS-JBK-01201,CTR-JBK-001,JBK,기타 가족관계,3,3,0,0
CNS-JBK-01201,CTR-JBK-001,JBK,이혼 전후,1,1,0,0
CNS-JBK-01202,CTR-JBK-001,JBK,부부갈등,3,2,1,0
CNS-JBK-01202,CTR-JBK-001,JBK,부모-자녀 갈등,2,2,0,0
CNS-JBK-01202,CTR-JBK-001,JBK,기타 가족관계,2,2,0,0
CNS-JBK-01203,CTR-JBK-002,JBK,부부갈등,3,3,0,0
CNS-JBK-01203,CTR-JBK-002,JBK,부모-자녀 갈등,2,2,0,0
CNS-JBK-01203,CTR-JBK-002,JBK,기타 가족관계,3,2,1,0
CNS-JBK-01203,CTR-JBK-002,JBK,이혼 전후,1,1,0,0
CNS-JBK-01204,CTR-JBK-002,JBK,부부갈등,2,2,0,0
CNS-JBK-01204,CTR-JBK-002,JBK,부모-자녀 갈등,1,1,0,0
CNS-JBK-01204,CTR-JBK-002,JBK,기타 가족관계,2,2,0,0
CNS-JBK-01205,CTR-JBK-002,JBK,부부갈등,2,2,0,0
CNS-JBK-01205,CTR-JBK-002,JBK,부모-자녀 갈등,1,1,0,0
CNS-JBK-01205,CTR-JBK-002,JBK,기타 가족관계,1,1,0,0
CNS-JBK-01206,CTR-JBK-002,JBK,부부갈등,3,2,1,0
CNS-JBK-01206,CTR-JBK-002,JBK,부모-자녀 갈등,2,1,1,0
CNS-JBK-01206,CTR-JBK-002,JBK,기타 가족관계,3,3,0,0
CNS-JBK-01207,CTR-JBK-002,JBK,부부갈등,3,3,0,0
CNS-JBK-01207,CTR-JBK-002,JBK,부모-자녀 갈등,2,2,0,0
CNS-JBK-01207,CTR-JBK-002,JBK,기타 가족관계,3,3,0,0
CNS-JBK-01207,CTR-JBK-002,JBK,이혼 전후,1,1,0,0
CNS-JBK-01208,CTR-JBK-003,JBK,부부갈등,5,4,1,0
CNS-JBK-01208,CTR-JBK-003,JBK,부모-자녀 갈등,4,3,1,0
CNS-JBK-01208,CTR-JBK-003,JBK,기타 가족관계,4,3,1,0
CNS-JBK-01208,CTR-JBK-003,JBK,이혼 전후,1,1,0,0
CNS-JBK-01209,CTR-JBK-003,JBK,부부갈등,4,4,0,0
CNS-JBK-01209,CTR-JBK-003,JBK,부모-자녀 갈등,3,2,1,0
CNS-JBK-01209,CTR-JBK-003,JBK,기타 가족관계,4,3,1,0
CNS-JBK-01209,CTR-JBK-003,JBK,이혼 전후,1,1,0,0
CNS-JBK-01210,CTR-JBK-003,JBK,부부갈등,3,3,0,0
CNS-JBK-01210,CTR-JBK-003,JBK,부모-자녀 갈등,3,3,0,0
CNS-JBK-01210,CTR-JBK-003,JBK,기타 가족관계,3,3,0,0
CNS-JBK-01210,CTR-JBK-003,JBK,이혼 전후,1,1,0,0
CNS-JBK-01211,CTR-JBK-003,JBK,부부갈등,3,2,1,0
CNS-JBK-01211,CTR-JBK-003,JBK,부모-자녀 갈등,3,2,1,0
CNS-JBK-01211,CTR-JBK-003,JBK,기타 가족관계,3,2,1,0
CNS-JBK-01211,CTR-JBK-003,JBK,이혼 전후,1,1,0,0
CNS-JBK-01212,CTR-JBK-003,JBK,부부갈등,3,2,1,0
CNS-JBK-01212,CTR-JBK-003,JBK,부모-자녀 갈등,2,2,0,0
CNS-JBK-01212,CTR-JBK-003,JBK,기타 가족관계,3,2,1,0
CNS-JBK-01213,CTR-JBK-003,JBK,부부갈등,3,2,1,0
CNS-JBK-01213,CTR-JBK-003,JBK,부모-자녀 갈등,2,2,0,0
CNS-JBK-01213,CTR-JBK-003,JBK,기타 가족관계,3,2,1,0
CNS-JBK-01214,CTR-JBK-003,JBK,부부갈등,2,2,0,0
CNS-JBK-01214,CTR-JBK-003,JBK,부모-자녀 갈등,1,1,0,0
CNS-JBK-01214,CTR-JBK-003,JBK,기타 가족관계,2,2,0,0
CNS-JBK-01215,CTR-JBK-004,JBK,부부갈등,3,3,0,0
CNS-JBK-01215,CTR-JBK-004,JBK,부모-자녀 갈등,2,2,0,0
CNS-JBK-01215,CTR-JBK-004,JBK,기타 가족관계,3,2,1,0
CNS-JBK-01216,CTR-JBK-004,JBK,부부갈등,2,2,0,0
CNS-JBK-01216,CTR-JBK-004,JBK,부모-자녀 갈등,2,2,0,0
CNS-JBK-01216,CTR-JBK-004,JBK,기타 가족관계,2,2,0,0
CNS-JBK-01217,CTR-JBK-004,JBK,부부갈등,2,2,0,0
CNS-JBK-01217,CTR-JBK-004,JBK,부모-자녀 갈등,1,1,0,0
CNS-JBK-01217,CTR-JBK-004,JBK,기타 가족관계,2,2,0,0
CNS-JBK-01218,CTR-JBK-004,JBK,부부갈등,2,2,0,0
CNS-JBK-01218,CTR-JBK-004,JBK,부모-자녀 갈등,2,2,0,0
CNS-JBK-01218,CTR-JBK-004,JBK,기타 가족관계,2,2,0,0
CNS-JBK-01219,CTR-JBK-004,JBK,부부갈등,2,2,0,0
CNS-JBK-01219,CTR-JBK-004,JBK,부모-자녀 갈등,1,1,0,0
CNS-JBK-01219,CTR-JBK-004,JBK,기타 가족관계,2,2,0,0
CNS-JBK-01220,CTR-JBK-005,JBK,부부갈등,3,2,1,0
CNS-JBK-01220,CTR-JBK-005,JBK,부모-자녀 갈등,2,2,0,0
CNS-JBK-01220,CTR-JBK-005,JBK,기타 가족관계,3,2,1,0
CNS-JBK-01220,CTR-JBK-005,JBK,이혼 전후,1,1,0,0
CNS-JBK-01221,CTR-JBK-005,JBK,부부갈등,3,3,0,0
CNS-JBK-01221,CTR-JBK-005,JBK,부모-자녀 갈등,2,2,0,0
CNS-JBK-01221,CTR-JBK-005,JBK,기타 가족관계,2,2,0,0
CNS-JBK-01222,CTR-JBK-005,JBK,부부갈등,3,2,1,0
CNS-JBK-01222,CTR-JBK-005,JBK,부모-자녀 갈등,3,2,1,0
CNS-JBK-01222,CTR-JBK-005,JBK,기타 가족관계,3,2,1,0
CNS-JBK-01222,CTR-JBK-005,JBK,이혼 전후,1,1,0,0
CNS-JBK-01223,CTR-JBK-005,JBK,부부갈등,3,2,1,0
CNS-JBK-01223,CTR-JBK-005,JBK,부모-자녀 갈등,2,2,0,0
CNS-JBK-01223,CTR-JBK-005,JBK,기타 가족관계,3,2,1,0
CNS-JBK-01223,CTR-JBK-005,JBK,이혼 전후,1,1,0,0
CNS-JBK-01224,CTR-JBK-005,JBK,부부갈등,2,2,0,0
CNS-JBK-01224,CTR-JBK-005,JBK,부모-자녀 갈등,2,2,0,0
CNS-JBK-01224,CTR-JBK-005,JBK,기타 가족관계,2,2,0,0
CNS-JBK-01225,CTR-JBK-006,JBK,부부갈등,6,5,1,0
CNS-JBK-01225,CTR-JBK-006,JBK,부모-자녀 갈등,4,4,0,0
CNS-JBK-01225,CTR-JBK-006,JBK,기타 가족관계,5,4,1,0
CNS-JBK-01225,CTR-JBK-006,JBK,이혼 전후,1,1,0,0
CNS-JBK-01226,CTR-JBK-006,JBK,부부갈등,3,2,1,0
CNS-JBK-01226,CTR-JBK-006,JBK,부모-자녀 갈등,2,2,0,0
CNS-JBK-01226,CTR-JBK-006,JBK,기타 가족관계,2,2,0,0
CNS-JBK-01227,CTR-JBK-006,JBK,부부갈등,2,2,0,0
CNS-JBK-01227,CTR-JBK-006,JBK,부모-자녀 갈등,1,1,0,0
CNS-JBK-01227,CTR-JBK-006,JBK,기타 가족관계,2,2,0,0
CNS-JBK-01228,CTR-JBK-006,JBK,부부갈등,3,2,1,0
CNS-JBK-01228,CTR-JBK-006,JBK,부모-자녀 갈등,2,2,0,0
CNS-JBK-01228,CTR-JBK-006,JBK,기타 가족관계,3,3,0,0
CNS-JBK-01229,CTR-JBK-006,JBK,부부갈등,3,2,1,0
CNS-JBK-01229,CTR-JBK-006,JBK,부모-자녀 갈등,3,3,0,0
CNS-JBK-01229,CTR-JBK-006,JBK,기타 가족관계,3,2,1,0
CNS-JBK-01229,CTR-JBK-006,JBK,이혼 전후,1,1,0,0
CNS-JBK-01230,CTR-JBK-006,JBK,부부갈등,2,2,0,0
CNS-JBK-01230,CTR-JBK-006,JBK,부모-자녀 갈등,2,1,1,0
CNS-JBK-01230,CTR-JBK-006,JBK,기타 가족관계,2,2,0,0
CNS-JBK-01231,CTR-JBK-007,JBK,부부갈등,4,3,1,0
CNS-JBK-01231,CTR-JBK-007,JBK,부모-자녀 갈등,3,2,1,0
CNS-JBK-01231,CTR-JBK-007,JBK,기타 가족관계,4,3,1,0
CNS-JBK-01232,CTR-JBK-007,JBK,부부갈등,3,2,1,0
CNS-JBK-01232,CTR-JBK-007,JBK,부모-자녀 갈등,3,2,1,0
CNS-JBK-01232,CTR-JBK-007,JBK,기타 가족관계,3,2,1,0
CNS-JBK-01232,CTR-JBK-007,JBK,이혼 전후,1,1,0,0
CNS-JBK-01233,CTR-JBK-007,JBK,부부갈등,3,3,0,0
CNS-JBK-01233,CTR-JBK-007,JBK,부모-자녀 갈등,2,2,0,0
CNS-JBK-01233,CTR-JBK-007,JBK,기타 가족관계,3,2,1,0
CNS-JBK-01234,CTR-JBK-007,JBK,부부갈등,2,2,0,0
CNS-JBK-01234,CTR-JBK-007,JBK,부모-자녀 갈등,2,2,0,0
CNS-JBK-01234,CTR-JBK-007,JBK,기타 가족관계,2,2,0,0
CNS-JBK-01235,CTR-JBK-007,JBK,부부갈등,2,1,1,0
CNS-JBK-01235,CTR-JBK-007,JBK,부모-자녀 갈등,2,2,0,0
CNS-JBK-01235,CTR-JBK-007,JBK,기타 가족관계,2,1,1,0
CNS-JBK-01236,CTR-JBK-008,JBK,부부갈등,4,3,1,0
CNS-JBK-01236,CTR-JBK-008,JBK,부모-자녀 갈등,3,3,0,0
CNS-JBK-01236,CTR-JBK-008,JBK,기타 가족관계,4,3,1,0
CNS-JBK-01237,CTR-JBK-008,JBK,부부갈등,2,2,0,0
CNS-JBK-01237,CTR-JBK-008,JBK,부모-자녀 갈등,1,1,0,0
CNS-JBK-01237,CTR-JBK-008,JBK,기타 가족관계,1,1,0,0
CNS-JBK-01238,CTR-JBK-008,JBK,부부갈등,3,2,1,0
CNS-JBK-01238,CTR-JBK-008,JBK,부모-자녀 갈등,3,2,1,0
CNS-JBK-01238,CTR-JBK-008,JBK,기타 가족관계,3,2,1,0
CNS-JBK-01238,CTR-JBK-008,JBK,이혼 전후,1,1,0,0
CNS-JBK-01239,CTR-JBK-008,JBK,부부갈등,2,2,0,0
CNS-JBK-01239,CTR-JBK-008,JBK,부모-자녀 갈등,1,1,0,0
CNS-JBK-01239,CTR-JBK-008,JBK,기타 가족관계,1,1,0,0
CNS-JBK-01240,CTR-JBK-008,JBK,부부갈등,3,2,1,0
CNS-JBK-01240,CTR-JBK-008,JBK,부모-자녀 갈등,2,2,0,0
CNS-JBK-01240,CTR-JBK-008,JBK,기타 가족관계,2,2,0,0
CNS-JBK-01241,CTR-JBK-009,JBK,부부갈등,4,3,1,0
CNS-JBK-01241,CTR-JBK-009,JBK,부모-자녀 갈등,3,2,1,0
CNS-JBK-01241,CTR-JBK-009,JBK,기타 가족관계,4,3,1,0
CNS-JBK-01241,CTR-JBK-009,JBK,이혼 전후,1,1,0,0
CNS-JBK-01242,CTR-JBK-009,JBK,부부갈등,5,4,1,0
CNS-JBK-01242,CTR-JBK-009,JBK,부모-자녀 갈등,3,2,1,0
CNS-JBK-01242,CTR-JBK-009,JBK,기타 가족관계,4,3,1,0
CNS-JBK-01242,CTR-JBK-009,JBK,이혼 전후,1,1,0,0
CNS-JBK-01243,CTR-JBK-009,JBK,부부갈등,2,2,0,0
CNS-JBK-01243,CTR-JBK-009,JBK,부모-자녀 갈등,2,2,0,0
CNS-JBK-01243,CTR-JBK-009,JBK,기타 가족관계,2,2,0,0
CNS-JBK-01244,CTR-JBK-009,JBK,부부갈등,3,3,0,0
CNS-JBK-01244,CTR-JBK-009,JBK,부모-자녀 갈등,2,2,0,0
CNS-JBK-01244,CTR-JBK-009,JBK,기타 가족관계,3,2,1,0
CNS-JBK-01245,CTR-JBK-009,JBK,부부갈등,5,4,1,0
CNS-JBK-01245,CTR-JBK-009,JBK,부모-자녀 갈등,3,2,1,0
CNS-JBK-01245,CTR-JBK-009,JBK,기타 가족관계,4,3,1,0
CNS-JBK-01245,CTR-JBK-009,JBK,이혼 전후,1,1,0,0
CNS-JBK-01246,CTR-JBK-009,JBK,부부갈등,3,3,0,0
CNS-JBK-01246,CTR-JBK-009,JBK,부모-자녀 갈등,2,1,1,0
CNS-JBK-01246,CTR-JBK-009,JBK,기타 가족관계,3,3,0,0
CNS-JBK-01247,CTR-JBK-009,JBK,부부갈등,3,3,0,0
CNS-JBK-01247,CTR-JBK-009,JBK,부모-자녀 갈등,2,2,0,0
CNS-JBK-01247,CTR-JBK-009,JBK,기타 가족관계,3,2,1,0
CNS-JBK-01247,CTR-JBK-009,JBK,이혼 전후,1,1,0,0
CNS-JBK-01248,CTR-JBK-009,JBK,부부갈등,3,2,1,0
CNS-JBK-01248,CTR-JBK-009,JBK,부모-자녀 갈등,2,2,0,0
CNS-JBK-01248,CTR-JBK-009,JBK,기타 가족관계,3,3,0,0
CNS-JBK-01249,CTR-JBK-010,JBK,부부갈등,3,2,1,0
CNS-JBK-01249,CTR-JBK-010,JBK,부모-자녀 갈등,3,3,0,0
CNS-JBK-01249,CTR-JBK-010,JBK,기타 가족관계,3,2,1,0
CNS-JBK-01249,CTR-JBK-010,JBK,이혼 전후,1,1,0,0
CNS-JBK-01250,CTR-JBK-010,JBK,부부갈등,2,2,0,0
CNS-JBK-01250,CTR-JBK-010,JBK,부모-자녀 갈등,2,2,0,0
CNS-JBK-01250,CTR-JBK-010,JBK,기타 가족관계,2,2,0,0
CNS-JBK-01251,CTR-JBK-010,JBK,부부갈등,2,2,0,0
CNS-JBK-01251,CTR-JBK-010,JBK,부모-자녀 갈등,1,1,0,0
CNS-JBK-01251,CTR-JBK-010,JBK,기타 가족관계,1,1,0,0
CNS-JBK-01252,CTR-JBK-010,JBK,부부갈등,2,2,0,0
CNS-JBK-01252,CTR-JBK-010,JBK,부모-자녀 갈등,1,1,0,0
CNS-JBK-01252,CTR-JBK-010,JBK,기타 가족관계,1,1,0,0
CNS-JBK-01253,CTR-JBK-010,JBK,부부갈등,4,3,1,0
CNS-JBK-01253,CTR-JBK-010,JBK,부모-자녀 갈등,3,2,1,0
CNS-JBK-01253,CTR-JBK-010,JBK,기타 가족관계,4,3,1,0
CNS-JBK-01254,CTR-JBK-010,JBK,부부갈등,3,2,1,0
CNS-JBK-01254,CTR-JBK-010,JBK,부모-자녀 갈등,2,2,0,0
CNS-JBK-01254,CTR-JBK-010,JBK,기타 가족관계,3,2,1,0
CNS-JBK-01254,CTR-JBK-010,JBK,이혼 전후,1,1,0,0
CNS-JBK-01255,CTR-JBK-011,JBK,부부갈등,6,5,1,0
CNS-JBK-01255,CTR-JBK-011,JBK,부모-자녀 갈등,4,3,1,0
CNS-JBK-01255,CTR-JBK-011,JBK,기타 가족관계,6,5,1,0
CNS-JBK-01255,CTR-JBK-011,JBK,이혼 전후,1,1,0,0
CNS-JBK-01256,CTR-JBK-011,JBK,부부갈등,2,2,0,0
CNS-JBK-01256,CTR-JBK-011,JBK,부모-자녀 갈등,2,2,0,0
CNS-JBK-01256,CTR-JBK-011,JBK,기타 가족관계,2,2,0,0
CNS-JBK-01257,CTR-JBK-011,JBK,부부갈등,3,2,1,0
CNS-JBK-01257,CTR-JBK-011,JBK,부모-자녀 갈등,2,2,0,0
CNS-JBK-01257,CTR-JBK-011,JBK,기타 가족관계,3,2,1,0
CNS-JBK-01258,CTR-JBK-011,JBK,부부갈등,1,1,0,0
CNS-JBK-01258,CTR-JBK-011,JBK,부모-자녀 갈등,1,1,0,0
CNS-JBK-01258,CTR-JBK-011,JBK,기타 가족관계,1,1,0,0
CNS-JBK-01259,CTR-JBK-011,JBK,부부갈등,3,2,1,0
CNS-JBK-01259,CTR-JBK-011,JBK,부모-자녀 갈등,2,2,0,0
CNS-JBK-01259,CTR-JBK-011,JBK,기타 가족관계,3,3,0,0
CNS-JBK-01259,CTR-JBK-011,JBK,이혼 전후,1,1,0,0
CNS-JBK-01260,CTR-JBK-012,JBK,부부갈등,4,3,1,0
CNS-JBK-01260,CTR-JBK-012,JBK,부모-자녀 갈등,3,2,1,0
CNS-JBK-01260,CTR-JBK-012,JBK,기타 가족관계,4,3,1,0
CNS-JBK-01261,CTR-JBK-012,JBK,부부갈등,3,2,1,0
CNS-JBK-01261,CTR-JBK-012,JBK,부모-자녀 갈등,2,2,0,0
CNS-JBK-01261,CTR-JBK-012,JBK,기타 가족관계,3,2,1,0
CNS-JBK-01261,CTR-JBK-012,JBK,이혼 전후,1,1,0,0
CNS-JBK-01262,CTR-JBK-012,JBK,부부갈등,3,2,1,0
CNS-JBK-01262,CTR-JBK-012,JBK,부모-자녀 갈등,2,2,0,0
CNS-JBK-01262,CTR-JBK-012,JBK,기타 가족관계,3,3,0,0
CNS-JBK-01262,CTR-JBK-012,JBK,이혼 전후,1,1,0,0
CNS-JBK-01263,CTR-JBK-012,JBK,부부갈등,3,2,1,0
CNS-JBK-01263,CTR-JBK-012,JBK,부모-자녀 갈등,2,2,0,0
CNS-JBK-01263,CTR-JBK-012,JBK,기타 가족관계,3,2,1,0
CNS-JBK-01264,CTR-JBK-012,JBK,부부갈등,2,2,0,0
CNS-JBK-01264,CTR-JBK-012,JBK,부모-자녀 갈등,2,2,0,0
CNS-JBK-01264,CTR-JBK-012,JBK,기타 가족관계,2,2,0,0
CNS-JBK-01265,CTR-JBK-012,JBK,부부갈등,2,2,0,0
CNS-JBK-01265,CTR-JBK-012,JBK,부모-자녀 갈등,1,1,0,0
CNS-JBK-01265,CTR-JBK-012,JBK,기타 가족관계,2,2,0,0
CNS-JBK-01266,CTR-JBK-012,JBK,부부갈등,2,2,0,0
CNS-JBK-01266,CTR-JBK-012,JBK,부모-자녀 갈등,2,2,0,0
CNS-JBK-01266,CTR-JBK-012,JBK,기타 가족관계,2,1,1,0
CNS-JBK-01267,CTR-JBK-013,JBK,부부갈등,4,3,1,0
CNS-JBK-01267,CTR-JBK-013,JBK,부모-자녀 갈등,3,3,0,0
CNS-JBK-01267,CTR-JBK-013,JBK,기타 가족관계,4,3,1,0
CNS-JBK-01268,CTR-JBK-013,JBK,부부갈등,2,2,0,0
CNS-JBK-01268,CTR-JBK-013,JBK,부모-자녀 갈등,1,1,0,0
CNS-JBK-01268,CTR-JBK-013,JBK,기타 가족관계,1,1,0,0
CNS-JBK-01269,CTR-JBK-013,JBK,부부갈등,2,2,0,0
CNS-JBK-01269,CTR-JBK-013,JBK,부모-자녀 갈등,1,1,0,0
CNS-JBK-01269,CTR-JBK-013,JBK,기타 가족관계,2,2,0,0
CNS-JBK-01270,CTR-JBK-013,JBK,부부갈등,3,2,1,0
CNS-JBK-01270,CTR-JBK-013,JBK,부모-자녀 갈등,2,1,1,0
CNS-JBK-01270,CTR-JBK-013,JBK,기타 가족관계,3,3,0,0
CNS-JBK-01270,CTR-JBK-013,JBK,이혼 전후,1,1,0,0
CNS-JBK-01271,CTR-JBK-013,JBK,부부갈등,2,2,0,0
CNS-JBK-01271,CTR-JBK-013,JBK,부모-자녀 갈등,1,1,0,0
CNS-JBK-01271,CTR-JBK-013,JBK,기타 가족관계,2,2,0,0
CNS-JBK-01272,CTR-JBK-014,JBK,부부갈등,4,3,1,0
CNS-JBK-01272,CTR-JBK-014,JBK,부모-자녀 갈등,3,2,1,0
CNS-JBK-01272,CTR-JBK-014,JBK,기타 가족관계,4,4,0,0
CNS-JBK-01272,CTR-JBK-014,JBK,이혼 전후,1,1,0,0
CNS-JBK-01273,CTR-JBK-014,JBK,부부갈등,4,3,1,0
CNS-JBK-01273,CTR-JBK-014,JBK,부모-자녀 갈등,3,2,1,0
CNS-JBK-01273,CTR-JBK-014,JBK,기타 가족관계,4,3,1,0
CNS-JBK-01273,CTR-JBK-014,JBK,이혼 전후,1,1,0,0
CNS-JBK-01274,CTR-JBK-014,JBK,부부갈등,3,2,1,0
CNS-JBK-01274,CTR-JBK-014,JBK,부모-자녀 갈등,3,2,1,0
CNS-JBK-01274,CTR-JBK-014,JBK,기타 가족관계,3,2,1,0
CNS-JBK-01274,CTR-JBK-014,JBK,이혼 전후,1,1,0,0
CNS-JBK-01275,CTR-JBK-014,JBK,부부갈등,1,1,0,0
CNS-JBK-01275,CTR-JBK-014,JBK,부모-자녀 갈등,1,1,0,0
CNS-JBK-01275,CTR-JBK-014,JBK,기타 가족관계,1,1,0,0
CNS-JBK-01276,CTR-JBK-014,JBK,부부갈등,3,2,1,0
CNS-JBK-01276,CTR-JBK-014,JBK,부모-자녀 갈등,2,2,0,0
CNS-JBK-01276,CTR-JBK-014,JBK,기타 가족관계,3,3,0,0
CNS-JBK-01276,CTR-JBK-014,JBK,이혼 전후,1,1,0,0
CNS-JBK-01277,CTR-JBK-015,JBK,부부갈등,5,4,1,0
CNS-JBK-01277,CTR-JBK-015,JBK,부모-자녀 갈등,3,2,1,0
CNS-JBK-01277,CTR-JBK-015,JBK,기타 가족관계,4,3,1,0
CNS-JBK-01277,CTR-JBK-015,JBK,이혼 전후,1,1,0,0
CNS-JBK-01278,CTR-JBK-015,JBK,부부갈등,4,3,1,0
CNS-JBK-01278,CTR-JBK-015,JBK,부모-자녀 갈등,3,3,0,0
CNS-JBK-01278,CTR-JBK-015,JBK,기타 가족관계,4,3,1,0
CNS-JBK-01279,CTR-JBK-015,JBK,부부갈등,4,3,1,0
CNS-JBK-01279,CTR-JBK-015,JBK,부모-자녀 갈등,3,2,1,0
CNS-JBK-01279,CTR-JBK-015,JBK,기타 가족관계,4,3,1,0
CNS-JBK-01279,CTR-JBK-015,JBK,이혼 전후,1,1,0,0
CNS-JBK-01280,CTR-JBK-015,JBK,부부갈등,3,2,1,0
CNS-JBK-01280,CTR-JBK-015,JBK,부모-자녀 갈등,3,3,0,0
CNS-JBK-01280,CTR-JBK-015,JBK,기타 가족관계,3,3,0,0
CNS-JBK-01280,CTR-JBK-015,JBK,이혼 전후,1,1,0,0
CNS-JBK-01281,CTR-JBK-015,JBK,부부갈등,3,3,0,0
CNS-JBK-01281,CTR-JBK-015,JBK,부모-자녀 갈등,2,2,0,0
CNS-JBK-01281,CTR-JBK-015,JBK,기타 가족관계,3,2,1,0
CNS-JBK-01281,CTR-JBK-015,JBK,이혼 전후,1,1,0,0
CNS-JBK-01282,CTR-JBK-015,JBK,부부갈등,3,2,1,0
CNS-JBK-01282,CTR-JBK-015,JBK,부모-자녀 갈등,2,2,0,0
CNS-JBK-01282,CTR-JBK-015,JBK,기타 가족관계,3,3,0,0
CNS-JBK-01283,CTR-JBK-015,JBK,부부갈등,3,2,1,0
CNS-JBK-01283,CTR-JBK-015,JBK,부모-자녀 갈등,2,2,0,0
CNS-JBK-01283,CTR-JBK-015,JBK,기타 가족관계,2,2,0,0
CNS-JBK-01284,CTR-JBK-015,JBK,부부갈등,3,3,0,0
CNS-JBK-01284,CTR-JBK-015,JBK,부모-자녀 갈등,2,2,0,0
CNS-JBK-01284,CTR-JBK-015,JBK,기타 가족관계,3,2,1,0
CNS-JNM-01285,CTR-JNM-001,JNM,부부갈등,5,4,1,0
CNS-JNM-01285,CTR-JNM-001,JNM,부모-자녀 갈등,3,2,1,0
CNS-JNM-01285,CTR-JNM-001,JNM,기타 가족관계,4,3,1,0
CNS-JNM-01285,CTR-JNM-001,JNM,이혼 전후,1,1,0,0
CNS-JNM-01286,CTR-JNM-001,JNM,부부갈등,3,2,1,0
CNS-JNM-01286,CTR-JNM-001,JNM,부모-자녀 갈등,2,2,0,0
CNS-JNM-01286,CTR-JNM-001,JNM,기타 가족관계,3,2,1,0
CNS-JNM-01286,CTR-JNM-001,JNM,이혼 전후,1,1,0,0
CNS-JNM-01287,CTR-JNM-001,JNM,부부갈등,3,2,1,0
CNS-JNM-01287,CTR-JNM-001,JNM,부모-자녀 갈등,2,2,0,0
CNS-JNM-01287,CTR-JNM-001,JNM,기타 가족관계,3,2,1,0
CNS-JNM-01287,CTR-JNM-001,JNM,이혼 전후,1,1,0,0
CNS-JNM-01288,CTR-JNM-001,JNM,부부갈등,3,3,0,0
CNS-JNM-01288,CTR-JNM-001,JNM,부모-자녀 갈등,2,2,0,0
CNS-JNM-01288,CTR-JNM-001,JNM,기타 가족관계,2,2,0,0
CNS-JNM-01289,CTR-JNM-001,JNM,부부갈등,2,2,0,0
CNS-JNM-01289,CTR-JNM-001,JNM,부모-자녀 갈등,2,1,1,0
CNS-JNM-01289,CTR-JNM-001,JNM,기타 가족관계,2,2,0,0
CNS-JNM-01290,CTR-JNM-001,JNM,부부갈등,2,2,0,0
CNS-JNM-01290,CTR-JNM-001,JNM,부모-자녀 갈등,1,1,0,0
CNS-JNM-01290,CTR-JNM-001,JNM,기타 가족관계,1,1,0,0
CNS-JNM-01291,CTR-JNM-001,JNM,부부갈등,2,2,0,0
CNS-JNM-01291,CTR-JNM-001,JNM,부모-자녀 갈등,2,2,0,0
CNS-JNM-01291,CTR-JNM-001,JNM,기타 가족관계,2,2,0,0
CNS-JNM-01292,CTR-JNM-002,JNM,부부갈등,5,4,1,0
CNS-JNM-01292,CTR-JNM-002,JNM,부모-자녀 갈등,4,3,1,0
CNS-JNM-01292,CTR-JNM-002,JNM,기타 가족관계,4,3,1,0
CNS-JNM-01292,CTR-JNM-002,JNM,이혼 전후,1,1,0,0
CNS-JNM-01293,CTR-JNM-002,JNM,부부갈등,2,2,0,0
CNS-JNM-01293,CTR-JNM-002,JNM,부모-자녀 갈등,2,2,0,0
CNS-JNM-01293,CTR-JNM-002,JNM,기타 가족관계,2,2,0,0
CNS-JNM-01294,CTR-JNM-002,JNM,부부갈등,3,2,1,0
CNS-JNM-01294,CTR-JNM-002,JNM,부모-자녀 갈등,3,2,1,0
CNS-JNM-01294,CTR-JNM-002,JNM,기타 가족관계,3,3,0,0
CNS-JNM-01294,CTR-JNM-002,JNM,이혼 전후,1,1,0,0
CNS-JNM-01295,CTR-JNM-002,JNM,부부갈등,2,1,1,0
CNS-JNM-01295,CTR-JNM-002,JNM,부모-자녀 갈등,2,2,0,0
CNS-JNM-01295,CTR-JNM-002,JNM,기타 가족관계,2,2,0,0
CNS-JNM-01296,CTR-JNM-002,JNM,부부갈등,4,3,1,0
CNS-JNM-01296,CTR-JNM-002,JNM,부모-자녀 갈등,3,3,0,0
CNS-JNM-01296,CTR-JNM-002,JNM,기타 가족관계,4,3,1,0
CNS-JNM-01297,CTR-JNM-003,JNM,부부갈등,4,3,1,0
CNS-JNM-01297,CTR-JNM-003,JNM,부모-자녀 갈등,3,3,0,0
CNS-JNM-01297,CTR-JNM-003,JNM,기타 가족관계,4,3,1,0
CNS-JNM-01297,CTR-JNM-003,JNM,이혼 전후,1,1,0,0
CNS-JNM-01298,CTR-JNM-003,JNM,부부갈등,2,1,1,0
CNS-JNM-01298,CTR-JNM-003,JNM,부모-자녀 갈등,1,1,0,0
CNS-JNM-01298,CTR-JNM-003,JNM,기타 가족관계,1,1,0,0
CNS-JNM-01299,CTR-JNM-003,JNM,부부갈등,2,2,0,0
CNS-JNM-01299,CTR-JNM-003,JNM,부모-자녀 갈등,2,2,0,0
CNS-JNM-01299,CTR-JNM-003,JNM,기타 가족관계,2,2,0,0
CNS-JNM-01300,CTR-JNM-003,JNM,부부갈등,2,2,0,0
CNS-JNM-01300,CTR-JNM-003,JNM,부모-자녀 갈등,2,2,0,0
CNS-JNM-01300,CTR-JNM-003,JNM,기타 가족관계,2,2,0,0
CNS-JNM-01301,CTR-JNM-003,JNM,부부갈등,3,3,0,0
CNS-JNM-01301,CTR-JNM-003,JNM,부모-자녀 갈등,2,2,0,0
CNS-JNM-01301,CTR-JNM-003,JNM,기타 가족관계,2,2,0,0
CNS-JNM-01302,CTR-JNM-004,JNM,부부갈등,5,4,1,0
CNS-JNM-01302,CTR-JNM-004,JNM,부모-자녀 갈등,4,3,1,0
CNS-JNM-01302,CTR-JNM-004,JNM,기타 가족관계,4,3,1,0
CNS-JNM-01302,CTR-JNM-004,JNM,이혼 전후,1,1,0,0
CNS-JNM-01303,CTR-JNM-004,JNM,부부갈등,3,3,0,0
CNS-JNM-01303,CTR-JNM-004,JNM,부모-자녀 갈등,2,2,0,0
CNS-JNM-01303,CTR-JNM-004,JNM,기타 가족관계,2,2,0,0
CNS-JNM-01304,CTR-JNM-004,JNM,부부갈등,3,2,1,0
CNS-JNM-01304,CTR-JNM-004,JNM,부모-자녀 갈등,2,2,0,0
CNS-JNM-01304,CTR-JNM-004,JNM,기타 가족관계,2,2,0,0
CNS-JNM-01305,CTR-JNM-004,JNM,부부갈등,3,2,1,0
CNS-JNM-01305,CTR-JNM-004,JNM,부모-자녀 갈등,2,2,0,0
CNS-JNM-01305,CTR-JNM-004,JNM,기타 가족관계,3,2,1,0
CNS-JNM-01306,CTR-JNM-004,JNM,부부갈등,3,2,1,0
CNS-JNM-01306,CTR-JNM-004,JNM,부모-자녀 갈등,2,2,0,0
CNS-JNM-01306,CTR-JNM-004,JNM,기타 가족관계,3,2,1,0
CNS-JNM-01306,CTR-JNM-004,JNM,이혼 전후,1,1,0,0
CNS-JNM-01307,CTR-JNM-005,JNM,부부갈등,5,4,1,0
CNS-JNM-01307,CTR-JNM-005,JNM,부모-자녀 갈등,3,2,1,0
CNS-JNM-01307,CTR-JNM-005,JNM,기타 가족관계,4,3,1,0
CNS-JNM-01307,CTR-JNM-005,JNM,이혼 전후,1,1,0,0
CNS-JNM-01308,CTR-JNM-005,JNM,부부갈등,2,2,0,0
CNS-JNM-01308,CTR-JNM-005,JNM,부모-자녀 갈등,1,1,0,0
CNS-JNM-01308,CTR-JNM-005,JNM,기타 가족관계,2,2,0,0
CNS-JNM-01309,CTR-JNM-005,JNM,부부갈등,3,2,1,0
CNS-JNM-01309,CTR-JNM-005,JNM,부모-자녀 갈등,2,2,0,0
CNS-JNM-01309,CTR-JNM-005,JNM,기타 가족관계,3,2,1,0
CNS-JNM-01309,CTR-JNM-005,JNM,이혼 전후,1,1,0,0
CNS-JNM-01310,CTR-JNM-005,JNM,부부갈등,3,3,0,0
CNS-JNM-01310,CTR-JNM-005,JNM,부모-자녀 갈등,2,2,0,0
CNS-JNM-01310,CTR-JNM-005,JNM,기타 가족관계,2,2,0,0
CNS-JNM-01311,CTR-JNM-005,JNM,부부갈등,1,1,0,0
CNS-JNM-01311,CTR-JNM-005,JNM,부모-자녀 갈등,1,1,0,0
CNS-JNM-01311,CTR-JNM-005,JNM,기타 가족관계,1,1,0,0
CNS-JNM-01312,CTR-JNM-006,JNM,부부갈등,4,3,1,0
CNS-JNM-01312,CTR-JNM-006,JNM,부모-자녀 갈등,3,2,1,0
CNS-JNM-01312,CTR-JNM-006,JNM,기타 가족관계,4,3,1,0
CNS-JNM-01312,CTR-JNM-006,JNM,이혼 전후,1,1,0,0
CNS-JNM-01313,CTR-JNM-006,JNM,부부갈등,3,2,1,0
CNS-JNM-01313,CTR-JNM-006,JNM,부모-자녀 갈등,2,2,0,0
CNS-JNM-01313,CTR-JNM-006,JNM,기타 가족관계,3,2,1,0
CNS-JNM-01314,CTR-JNM-006,JNM,부부갈등,3,2,1,0
CNS-JNM-01314,CTR-JNM-006,JNM,부모-자녀 갈등,3,3,0,0
CNS-JNM-01314,CTR-JNM-006,JNM,기타 가족관계,3,2,1,0
CNS-JNM-01314,CTR-JNM-006,JNM,이혼 전후,1,1,0,0
CNS-JNM-01315,CTR-JNM-006,JNM,부부갈등,3,2,1,0
CNS-JNM-01315,CTR-JNM-006,JNM,부모-자녀 갈등,2,2,0,0
CNS-JNM-01315,CTR-JNM-006,JNM,기타 가족관계,3,2,1,0
CNS-JNM-01315,CTR-JNM-006,JNM,이혼 전후,1,1,0,0
CNS-JNM-01316,CTR-JNM-006,JNM,부부갈등,2,2,0,0
CNS-JNM-01316,CTR-JNM-006,JNM,부모-자녀 갈등,2,2,0,0
CNS-JNM-01316,CTR-JNM-006,JNM,기타 가족관계,2,2,0,0
CNS-JNM-01317,CTR-JNM-007,JNM,부부갈등,4,3,1,0
CNS-JNM-01317,CTR-JNM-007,JNM,부모-자녀 갈등,3,3,0,0
CNS-JNM-01317,CTR-JNM-007,JNM,기타 가족관계,4,3,1,0
CNS-JNM-01317,CTR-JNM-007,JNM,이혼 전후,1,1,0,0
CNS-JNM-01318,CTR-JNM-007,JNM,부부갈등,4,3,1,0
CNS-JNM-01318,CTR-JNM-007,JNM,부모-자녀 갈등,3,2,1,0
CNS-JNM-01318,CTR-JNM-007,JNM,기타 가족관계,4,3,1,0
CNS-JNM-01319,CTR-JNM-007,JNM,부부갈등,2,2,0,0
CNS-JNM-01319,CTR-JNM-007,JNM,부모-자녀 갈등,2,2,0,0
CNS-JNM-01319,CTR-JNM-007,JNM,기타 가족관계,2,2,0,0
CNS-JNM-01320,CTR-JNM-007,JNM,부부갈등,3,3,0,0
CNS-JNM-01320,CTR-JNM-007,JNM,부모-자녀 갈등,2,2,0,0
CNS-JNM-01320,CTR-JNM-007,JNM,기타 가족관계,3,2,1,0
CNS-JNM-01321,CTR-JNM-007,JNM,부부갈등,4,3,1,0
CNS-JNM-01321,CTR-JNM-007,JNM,부모-자녀 갈등,3,3,0,0
CNS-JNM-01321,CTR-JNM-007,JNM,기타 가족관계,4,3,1,0
CNS-JNM-01322,CTR-JNM-007,JNM,부부갈등,3,2,1,0
CNS-JNM-01322,CTR-JNM-007,JNM,부모-자녀 갈등,2,2,0,0
CNS-JNM-01322,CTR-JNM-007,JNM,기타 가족관계,3,3,0,0
CNS-JNM-01323,CTR-JNM-007,JNM,부부갈등,1,1,0,0
CNS-JNM-01323,CTR-JNM-007,JNM,부모-자녀 갈등,1,1,0,0
CNS-JNM-01323,CTR-JNM-007,JNM,기타 가족관계,1,1,0,0
CNS-JNM-01324,CTR-JNM-008,JNM,부부갈등,4,3,1,0
CNS-JNM-01324,CTR-JNM-008,JNM,부모-자녀 갈등,3,3,0,0
CNS-JNM-01324,CTR-JNM-008,JNM,기타 가족관계,4,3,1,0
CNS-JNM-01325,CTR-JNM-008,JNM,부부갈등,3,3,0,0
CNS-JNM-01325,CTR-JNM-008,JNM,부모-자녀 갈등,2,2,0,0
CNS-JNM-01325,CTR-JNM-008,JNM,기타 가족관계,3,3,0,0
CNS-JNM-01326,CTR-JNM-008,JNM,부부갈등,2,2,0,0
CNS-JNM-01326,CTR-JNM-008,JNM,부모-자녀 갈등,2,2,0,0
CNS-JNM-01326,CTR-JNM-008,JNM,기타 가족관계,2,2,0,0
CNS-JNM-01327,CTR-JNM-008,JNM,부부갈등,2,2,0,0
CNS-JNM-01327,CTR-JNM-008,JNM,부모-자녀 갈등,1,1,0,0
CNS-JNM-01327,CTR-JNM-008,JNM,기타 가족관계,1,1,0,0
CNS-JNM-01328,CTR-JNM-008,JNM,부부갈등,3,3,0,0
CNS-JNM-01328,CTR-JNM-008,JNM,부모-자녀 갈등,2,1,1,0
CNS-JNM-01328,CTR-JNM-008,JNM,기타 가족관계,2,1,1,0
CNS-JNM-01329,CTR-JNM-008,JNM,부부갈등,2,2,0,0
CNS-JNM-01329,CTR-JNM-008,JNM,부모-자녀 갈등,1,1,0,0
CNS-JNM-01329,CTR-JNM-008,JNM,기타 가족관계,1,1,0,0
CNS-JNM-01330,CTR-JNM-008,JNM,부부갈등,2,2,0,0
CNS-JNM-01330,CTR-JNM-008,JNM,부모-자녀 갈등,1,1,0,0
CNS-JNM-01330,CTR-JNM-008,JNM,기타 가족관계,1,1,0,0
CNS-JNM-01331,CTR-JNM-009,JNM,부부갈등,5,4,1,0
CNS-JNM-01331,CTR-JNM-009,JNM,부모-자녀 갈등,4,3,1,0
CNS-JNM-01331,CTR-JNM-009,JNM,기타 가족관계,5,4,1,0
CNS-JNM-01331,CTR-JNM-009,JNM,이혼 전후,1,1,0,0
CNS-JNM-01332,CTR-JNM-009,JNM,부부갈등,3,2,1,0
CNS-JNM-01332,CTR-JNM-009,JNM,부모-자녀 갈등,2,1,1,0
CNS-JNM-01332,CTR-JNM-009,JNM,기타 가족관계,2,2,0,0
CNS-JNM-01333,CTR-JNM-009,JNM,부부갈등,1,1,0,0
CNS-JNM-01333,CTR-JNM-009,JNM,부모-자녀 갈등,1,1,0,0
CNS-JNM-01333,CTR-JNM-009,JNM,기타 가족관계,1,1,0,0
CNS-JNM-01334,CTR-JNM-009,JNM,부부갈등,2,2,0,0
CNS-JNM-01334,CTR-JNM-009,JNM,부모-자녀 갈등,1,1,0,0
CNS-JNM-01334,CTR-JNM-009,JNM,기타 가족관계,2,2,0,0
CNS-JNM-01335,CTR-JNM-009,JNM,부부갈등,1,1,0,0
CNS-JNM-01335,CTR-JNM-009,JNM,부모-자녀 갈등,1,1,0,0
CNS-JNM-01335,CTR-JNM-009,JNM,기타 가족관계,1,1,0,0
CNS-JNM-01336,CTR-JNM-010,JNM,부부갈등,3,2,1,0
CNS-JNM-01336,CTR-JNM-010,JNM,부모-자녀 갈등,3,2,1,0
CNS-JNM-01336,CTR-JNM-010,JNM,기타 가족관계,3,3,0,0
CNS-JNM-01336,CTR-JNM-010,JNM,이혼 전후,1,1,0,0
CNS-JNM-01337,CTR-JNM-010,JNM,부부갈등,3,3,0,0
CNS-JNM-01337,CTR-JNM-010,JNM,부모-자녀 갈등,2,2,0,0
CNS-JNM-01337,CTR-JNM-010,JNM,기타 가족관계,3,2,1,0
CNS-JNM-01337,CTR-JNM-010,JNM,이혼 전후,1,1,0,0
CNS-JNM-01338,CTR-JNM-010,JNM,부부갈등,3,3,0,0
CNS-JNM-01338,CTR-JNM-010,JNM,부모-자녀 갈등,2,2,0,0
CNS-JNM-01338,CTR-JNM-010,JNM,기타 가족관계,3,2,1,0
CNS-JNM-01338,CTR-JNM-010,JNM,이혼 전후,1,1,0,0
CNS-JNM-01339,CTR-JNM-010,JNM,부부갈등,2,2,0,0
CNS-JNM-01339,CTR-JNM-010,JNM,부모-자녀 갈등,1,1,0,0
CNS-JNM-01339,CTR-JNM-010,JNM,기타 가족관계,2,2,0,0
CNS-JNM-01340,CTR-JNM-010,JNM,부부갈등,3,2,1,0
CNS-JNM-01340,CTR-JNM-010,JNM,부모-자녀 갈등,2,2,0,0
CNS-JNM-01340,CTR-JNM-010,JNM,기타 가족관계,3,2,1,0
CNS-JNM-01341,CTR-JNM-010,JNM,부부갈등,2,2,0,0
CNS-JNM-01341,CTR-JNM-010,JNM,부모-자녀 갈등,1,1,0,0
CNS-JNM-01341,CTR-JNM-010,JNM,기타 가족관계,2,2,0,0
CNS-JNM-01342,CTR-JNM-010,JNM,부부갈등,2,2,0,0
CNS-JNM-01342,CTR-JNM-010,JNM,부모-자녀 갈등,2,2,0,0
CNS-JNM-01342,CTR-JNM-010,JNM,기타 가족관계,2,2,0,0
CNS-JNM-01343,CTR-JNM-011,JNM,부부갈등,5,4,1,0
CNS-JNM-01343,CTR-JNM-011,JNM,부모-자녀 갈등,4,3,1,0
CNS-JNM-01343,CTR-JNM-011,JNM,기타 가족관계,4,3,1,0
CNS-JNM-01343,CTR-JNM-011,JNM,이혼 전후,1,1,0,0
CNS-JNM-01344,CTR-JNM-011,JNM,부부갈등,3,2,1,0
CNS-JNM-01344,CTR-JNM-011,JNM,부모-자녀 갈등,2,2,0,0
CNS-JNM-01344,CTR-JNM-011,JNM,기타 가족관계,2,2,0,0
CNS-JNM-01345,CTR-JNM-011,JNM,부부갈등,3,2,1,0
CNS-JNM-01345,CTR-JNM-011,JNM,부모-자녀 갈등,2,2,0,0
CNS-JNM-01345,CTR-JNM-011,JNM,기타 가족관계,3,2,1,0
CNS-JNM-01345,CTR-JNM-011,JNM,이혼 전후,1,1,0,0
CNS-JNM-01346,CTR-JNM-011,JNM,부부갈등,3,2,1,0
CNS-JNM-01346,CTR-JNM-011,JNM,부모-자녀 갈등,2,2,0,0
CNS-JNM-01346,CTR-JNM-011,JNM,기타 가족관계,2,2,0,0
CNS-JNM-01347,CTR-JNM-011,JNM,부부갈등,3,2,1,0
CNS-JNM-01347,CTR-JNM-011,JNM,부모-자녀 갈등,2,2,0,0
CNS-JNM-01347,CTR-JNM-011,JNM,기타 가족관계,3,3,0,0
CNS-JNM-01347,CTR-JNM-011,JNM,이혼 전후,1,1,0,0
CNS-JNM-01348,CTR-JNM-011,JNM,부부갈등,2,2,0,0
CNS-JNM-01348,CTR-JNM-011,JNM,부모-자녀 갈등,1,1,0,0
CNS-JNM-01348,CTR-JNM-011,JNM,기타 가족관계,1,1,0,0
CNS-JNM-01349,CTR-JNM-011,JNM,부부갈등,3,2,1,0
CNS-JNM-01349,CTR-JNM-011,JNM,부모-자녀 갈등,2,2,0,0
CNS-JNM-01349,CTR-JNM-011,JNM,기타 가족관계,2,2,0,0
CNS-JNM-01350,CTR-JNM-012,JNM,부부갈등,5,4,1,0
CNS-JNM-01350,CTR-JNM-012,JNM,부모-자녀 갈등,4,3,1,0
CNS-JNM-01350,CTR-JNM-012,JNM,기타 가족관계,5,4,1,0
CNS-JNM-01350,CTR-JNM-012,JNM,이혼 전후,1,1,0,0
CNS-JNM-01351,CTR-JNM-012,JNM,부부갈등,3,2,1,0
CNS-JNM-01351,CTR-JNM-012,JNM,부모-자녀 갈등,2,2,0,0
CNS-JNM-01351,CTR-JNM-012,JNM,기타 가족관계,3,3,0,0
CNS-JNM-01351,CTR-JNM-012,JNM,이혼 전후,1,1,0,0
CNS-JNM-01352,CTR-JNM-012,JNM,부부갈등,3,3,0,0
CNS-JNM-01352,CTR-JNM-012,JNM,부모-자녀 갈등,2,2,0,0
CNS-JNM-01352,CTR-JNM-012,JNM,기타 가족관계,3,2,1,0
CNS-JNM-01353,CTR-JNM-012,JNM,부부갈등,2,2,0,0
CNS-JNM-01353,CTR-JNM-012,JNM,부모-자녀 갈등,1,1,0,0
CNS-JNM-01353,CTR-JNM-012,JNM,기타 가족관계,1,1,0,0
CNS-JNM-01354,CTR-JNM-012,JNM,부부갈등,3,2,1,0
CNS-JNM-01354,CTR-JNM-012,JNM,부모-자녀 갈등,2,2,0,0
CNS-JNM-01354,CTR-JNM-012,JNM,기타 가족관계,3,3,0,0
CNS-JNM-01354,CTR-JNM-012,JNM,이혼 전후,1,1,0,0
CNS-JNM-01355,CTR-JNM-013,JNM,부부갈등,3,3,0,0
CNS-JNM-01355,CTR-JNM-013,JNM,부모-자녀 갈등,3,3,0,0
CNS-JNM-01355,CTR-JNM-013,JNM,기타 가족관계,3,3,0,0
CNS-JNM-01355,CTR-JNM-013,JNM,이혼 전후,1,1,0,0
CNS-JNM-01356,CTR-JNM-013,JNM,부부갈등,3,3,0,0
CNS-JNM-01356,CTR-JNM-013,JNM,부모-자녀 갈등,3,2,1,0
CNS-JNM-01356,CTR-JNM-013,JNM,기타 가족관계,3,3,0,0
CNS-JNM-01356,CTR-JNM-013,JNM,이혼 전후,1,1,0,0
CNS-JNM-01357,CTR-JNM-013,JNM,부부갈등,2,2,0,0
CNS-JNM-01357,CTR-JNM-013,JNM,부모-자녀 갈등,1,1,0,0
CNS-JNM-01357,CTR-JNM-013,JNM,기타 가족관계,2,2,0,0
CNS-JNM-01358,CTR-JNM-013,JNM,부부갈등,3,2,1,0
CNS-JNM-01358,CTR-JNM-013,JNM,부모-자녀 갈등,2,2,0,0
CNS-JNM-01358,CTR-JNM-013,JNM,기타 가족관계,3,2,1,0
CNS-JNM-01359,CTR-JNM-013,JNM,부부갈등,3,2,1,0
CNS-JNM-01359,CTR-JNM-013,JNM,부모-자녀 갈등,2,2,0,0
CNS-JNM-01359,CTR-JNM-013,JNM,기타 가족관계,3,2,1,0
CNS-JNM-01359,CTR-JNM-013,JNM,이혼 전후,1,1,0,0
CNS-JNM-01360,CTR-JNM-014,JNM,부부갈등,6,5,1,0
CNS-JNM-01360,CTR-JNM-014,JNM,부모-자녀 갈등,4,3,1,0
CNS-JNM-01360,CTR-JNM-014,JNM,기타 가족관계,5,5,0,0
CNS-JNM-01360,CTR-JNM-014,JNM,이혼 전후,1,1,0,0
CNS-JNM-01361,CTR-JNM-014,JNM,부부갈등,3,2,1,0
CNS-JNM-01361,CTR-JNM-014,JNM,부모-자녀 갈등,2,2,0,0
CNS-JNM-01361,CTR-JNM-014,JNM,기타 가족관계,3,2,1,0
CNS-JNM-01362,CTR-JNM-014,JNM,부부갈등,3,2,1,0
CNS-JNM-01362,CTR-JNM-014,JNM,부모-자녀 갈등,2,2,0,0
CNS-JNM-01362,CTR-JNM-014,JNM,기타 가족관계,3,3,0,0
CNS-JNM-01362,CTR-JNM-014,JNM,이혼 전후,1,1,0,0
CNS-JNM-01363,CTR-JNM-014,JNM,부부갈등,3,3,0,0
CNS-JNM-01363,CTR-JNM-014,JNM,부모-자녀 갈등,3,2,1,0
CNS-JNM-01363,CTR-JNM-014,JNM,기타 가족관계,3,2,1,0
CNS-JNM-01363,CTR-JNM-014,JNM,이혼 전후,1,1,0,0
CNS-JNM-01364,CTR-JNM-014,JNM,부부갈등,3,2,1,0
CNS-JNM-01364,CTR-JNM-014,JNM,부모-자녀 갈등,3,3,0,0
CNS-JNM-01364,CTR-JNM-014,JNM,기타 가족관계,3,2,1,0
CNS-JNM-01364,CTR-JNM-014,JNM,이혼 전후,1,1,0,0
CNS-JNM-01365,CTR-JNM-014,JNM,부부갈등,2,2,0,0
CNS-JNM-01365,CTR-JNM-014,JNM,부모-자녀 갈등,1,1,0,0
CNS-JNM-01365,CTR-JNM-014,JNM,기타 가족관계,2,2,0,0
CNS-JNM-01366,CTR-JNM-014,JNM,부부갈등,2,2,0,0
CNS-JNM-01366,CTR-JNM-014,JNM,부모-자녀 갈등,1,1,0,0
CNS-JNM-01366,CTR-JNM-014,JNM,기타 가족관계,2,2,0,0
CNS-JNM-01367,CTR-JNM-015,JNM,부부갈등,5,4,1,0
CNS-JNM-01367,CTR-JNM-015,JNM,부모-자녀 갈등,4,3,1,0
CNS-JNM-01367,CTR-JNM-015,JNM,기타 가족관계,4,3,1,0
CNS-JNM-01367,CTR-JNM-015,JNM,이혼 전후,1,1,0,0
CNS-JNM-01368,CTR-JNM-015,JNM,부부갈등,3,3,0,0
CNS-JNM-01368,CTR-JNM-015,JNM,부모-자녀 갈등,2,2,0,0
CNS-JNM-01368,CTR-JNM-015,JNM,기타 가족관계,2,2,0,0
CNS-JNM-01369,CTR-JNM-015,JNM,부부갈등,3,2,1,0
CNS-JNM-01369,CTR-JNM-015,JNM,부모-자녀 갈등,2,2,0,0
CNS-JNM-01369,CTR-JNM-015,JNM,기타 가족관계,3,2,1,0
CNS-JNM-01369,CTR-JNM-015,JNM,이혼 전후,1,1,0,0
CNS-JNM-01370,CTR-JNM-015,JNM,부부갈등,2,2,0,0
CNS-JNM-01370,CTR-JNM-015,JNM,부모-자녀 갈등,2,2,0,0
CNS-JNM-01370,CTR-JNM-015,JNM,기타 가족관계,2,2,0,0
CNS-JNM-01371,CTR-JNM-015,JNM,부부갈등,3,3,0,0
CNS-JNM-01371,CTR-JNM-015,JNM,부모-자녀 갈등,2,2,0,0
CNS-JNM-01371,CTR-JNM-015,JNM,기타 가족관계,2,2,0,0
CNS-JNM-01372,CTR-JNM-016,JNM,부부갈등,5,4,1,0
CNS-JNM-01372,CTR-JNM-016,JNM,부모-자녀 갈등,3,3,0,0
CNS-JNM-01372,CTR-JNM-016,JNM,기타 가족관계,4,3,1,0
CNS-JNM-01372,CTR-JNM-016,JNM,이혼 전후,1,1,0,0
CNS-JNM-01373,CTR-JNM-016,JNM,부부갈등,2,2,0,0
CNS-JNM-01373,CTR-JNM-016,JNM,부모-자녀 갈등,2,2,0,0
CNS-JNM-01373,CTR-JNM-016,JNM,기타 가족관계,2,2,0,0
CNS-JNM-01374,CTR-JNM-016,JNM,부부갈등,3,3,0,0
CNS-JNM-01374,CTR-JNM-016,JNM,부모-자녀 갈등,2,2,0,0
CNS-JNM-01374,CTR-JNM-016,JNM,기타 가족관계,2,2,0,0
CNS-JNM-01375,CTR-JNM-016,JNM,부부갈등,2,2,0,0
CNS-JNM-01375,CTR-JNM-016,JNM,부모-자녀 갈등,1,1,0,0
CNS-JNM-01375,CTR-JNM-016,JNM,기타 가족관계,2,2,0,0
CNS-JNM-01376,CTR-JNM-016,JNM,부부갈등,2,2,0,0
CNS-JNM-01376,CTR-JNM-016,JNM,부모-자녀 갈등,1,1,0,0
CNS-JNM-01376,CTR-JNM-016,JNM,기타 가족관계,1,1,0,0
CNS-JNM-01377,CTR-JNM-017,JNM,부부갈등,4,3,1,0
CNS-JNM-01377,CTR-JNM-017,JNM,부모-자녀 갈등,3,3,0,0
CNS-JNM-01377,CTR-JNM-017,JNM,기타 가족관계,4,3,1,0
CNS-JNM-01378,CTR-JNM-017,JNM,부부갈등,2,2,0,0
CNS-JNM-01378,CTR-JNM-017,JNM,부모-자녀 갈등,1,1,0,0
CNS-JNM-01378,CTR-JNM-017,JNM,기타 가족관계,2,2,0,0
CNS-JNM-01379,CTR-JNM-017,JNM,부부갈등,4,4,0,0
CNS-JNM-01379,CTR-JNM-017,JNM,부모-자녀 갈등,3,3,0,0
CNS-JNM-01379,CTR-JNM-017,JNM,기타 가족관계,4,3,1,0
CNS-JNM-01379,CTR-JNM-017,JNM,이혼 전후,1,1,0,0
CNS-JNM-01380,CTR-JNM-017,JNM,부부갈등,3,3,0,0
CNS-JNM-01380,CTR-JNM-017,JNM,부모-자녀 갈등,2,2,0,0
CNS-JNM-01380,CTR-JNM-017,JNM,기타 가족관계,3,2,1,0
CNS-JNM-01381,CTR-JNM-017,JNM,부부갈등,3,2,1,0
CNS-JNM-01381,CTR-JNM-017,JNM,부모-자녀 갈등,2,2,0,0
CNS-JNM-01381,CTR-JNM-017,JNM,기타 가족관계,3,3,0,0
CNS-JNM-01381,CTR-JNM-017,JNM,이혼 전후,1,1,0,0
CNS-JNM-01382,CTR-JNM-018,JNM,부부갈등,4,3,1,0
CNS-JNM-01382,CTR-JNM-018,JNM,부모-자녀 갈등,3,2,1,0
CNS-JNM-01382,CTR-JNM-018,JNM,기타 가족관계,4,4,0,0
CNS-JNM-01383,CTR-JNM-018,JNM,부부갈등,2,2,0,0
CNS-JNM-01383,CTR-JNM-018,JNM,부모-자녀 갈등,1,1,0,0
CNS-JNM-01383,CTR-JNM-018,JNM,기타 가족관계,2,2,0,0
CNS-JNM-01384,CTR-JNM-018,JNM,부부갈등,2,2,0,0
CNS-JNM-01384,CTR-JNM-018,JNM,부모-자녀 갈등,1,1,0,0
CNS-JNM-01384,CTR-JNM-018,JNM,기타 가족관계,1,1,0,0
CNS-JNM-01385,CTR-JNM-018,JNM,부부갈등,3,2,1,0
CNS-JNM-01385,CTR-JNM-018,JNM,부모-자녀 갈등,2,2,0,0
CNS-JNM-01385,CTR-JNM-018,JNM,기타 가족관계,3,3,0,0
CNS-JNM-01386,CTR-JNM-018,JNM,부부갈등,3,2,1,0
CNS-JNM-01386,CTR-JNM-018,JNM,부모-자녀 갈등,2,2,0,0
CNS-JNM-01386,CTR-JNM-018,JNM,기타 가족관계,3,2,1,0
CNS-JNM-01387,CTR-JNM-019,JNM,부부갈등,3,2,1,0
CNS-JNM-01387,CTR-JNM-019,JNM,부모-자녀 갈등,2,1,1,0
CNS-JNM-01387,CTR-JNM-019,JNM,기타 가족관계,3,3,0,0
CNS-JNM-01387,CTR-JNM-019,JNM,이혼 전후,1,1,0,0
CNS-JNM-01388,CTR-JNM-019,JNM,부부갈등,3,3,0,0
CNS-JNM-01388,CTR-JNM-019,JNM,부모-자녀 갈등,2,2,0,0
CNS-JNM-01388,CTR-JNM-019,JNM,기타 가족관계,3,3,0,0
CNS-JNM-01389,CTR-JNM-019,JNM,부부갈등,2,2,0,0
CNS-JNM-01389,CTR-JNM-019,JNM,부모-자녀 갈등,1,1,0,0
CNS-JNM-01389,CTR-JNM-019,JNM,기타 가족관계,1,1,0,0
CNS-JNM-01390,CTR-JNM-019,JNM,부부갈등,4,3,1,0
CNS-JNM-01390,CTR-JNM-019,JNM,부모-자녀 갈등,3,3,0,0
CNS-JNM-01390,CTR-JNM-019,JNM,기타 가족관계,4,3,1,0
CNS-JNM-01390,CTR-JNM-019,JNM,이혼 전후,1,1,0,0
CNS-JNM-01391,CTR-JNM-019,JNM,부부갈등,2,2,0,0
CNS-JNM-01391,CTR-JNM-019,JNM,부모-자녀 갈등,2,2,0,0
CNS-JNM-01391,CTR-JNM-019,JNM,기타 가족관계,2,2,0,0
CNS-JNM-01392,CTR-JNM-020,JNM,부부갈등,5,4,1,0
CNS-JNM-01392,CTR-JNM-020,JNM,부모-자녀 갈등,4,4,0,0
CNS-JNM-01392,CTR-JNM-020,JNM,기타 가족관계,5,4,1,0
CNS-JNM-01392,CTR-JNM-020,JNM,이혼 전후,1,1,0,0
CNS-JNM-01393,CTR-JNM-020,JNM,부부갈등,6,5,1,0
CNS-JNM-01393,CTR-JNM-020,JNM,부모-자녀 갈등,4,3,1,0
CNS-JNM-01393,CTR-JNM-020,JNM,기타 가족관계,5,4,1,0
CNS-JNM-01393,CTR-JNM-020,JNM,이혼 전후,1,1,0,0
CNS-JNM-01394,CTR-JNM-020,JNM,부부갈등,3,3,0,0
CNS-JNM-01394,CTR-JNM-020,JNM,부모-자녀 갈등,3,2,1,0
CNS-JNM-01394,CTR-JNM-020,JNM,기타 가족관계,3,3,0,0
CNS-JNM-01394,CTR-JNM-020,JNM,이혼 전후,1,1,0,0
CNS-JNM-01395,CTR-JNM-020,JNM,부부갈등,3,2,1,0
CNS-JNM-01395,CTR-JNM-020,JNM,부모-자녀 갈등,2,2,0,0
CNS-JNM-01395,CTR-JNM-020,JNM,기타 가족관계,2,2,0,0
CNS-JNM-01396,CTR-JNM-020,JNM,부부갈등,3,3,0,0
CNS-JNM-01396,CTR-JNM-020,JNM,부모-자녀 갈등,2,2,0,0
CNS-JNM-01396,CTR-JNM-020,JNM,기타 가족관계,3,3,0,0
CNS-JNM-01397,CTR-JNM-020,JNM,부부갈등,3,2,1,0
CNS-JNM-01397,CTR-JNM-020,JNM,부모-자녀 갈등,3,3,0,0
CNS-JNM-01397,CTR-JNM-020,JNM,기타 가족관계,3,2,1,0
CNS-JNM-01397,CTR-JNM-020,JNM,이혼 전후,1,1,0,0
CNS-JNM-01398,CTR-JNM-020,JNM,부부갈등,3,3,0,0
CNS-JNM-01398,CTR-JNM-020,JNM,부모-자녀 갈등,2,2,0,0
CNS-JNM-01398,CTR-JNM-020,JNM,기타 가족관계,3,3,0,0
CNS-JNM-01398,CTR-JNM-020,JNM,이혼 전후,1,1,0,0
CNS-JNM-01399,CTR-JNM-020,JNM,부부갈등,1,1,0,0
CNS-JNM-01399,CTR-JNM-020,JNM,부모-자녀 갈등,1,1,0,0
CNS-JNM-01399,CTR-JNM-020,JNM,기타 가족관계,1,1,0,0
CNS-JNM-01400,CTR-JNM-021,JNM,부부갈등,3,2,1,0
CNS-JNM-01400,CTR-JNM-021,JNM,부모-자녀 갈등,3,2,1,0
CNS-JNM-01400,CTR-JNM-021,JNM,기타 가족관계,3,2,1,0
CNS-JNM-01400,CTR-JNM-021,JNM,이혼 전후,1,1,0,0
CNS-JNM-01401,CTR-JNM-021,JNM,부부갈등,4,3,1,0
CNS-JNM-01401,CTR-JNM-021,JNM,부모-자녀 갈등,3,2,1,0
CNS-JNM-01401,CTR-JNM-021,JNM,기타 가족관계,4,4,0,0
CNS-JNM-01401,CTR-JNM-021,JNM,이혼 전후,1,1,0,0
CNS-JNM-01402,CTR-JNM-021,JNM,부부갈등,3,2,1,0
CNS-JNM-01402,CTR-JNM-021,JNM,부모-자녀 갈등,2,2,0,0
CNS-JNM-01402,CTR-JNM-021,JNM,기타 가족관계,2,2,0,0
CNS-JNM-01403,CTR-JNM-021,JNM,부부갈등,2,2,0,0
CNS-JNM-01403,CTR-JNM-021,JNM,부모-자녀 갈등,1,1,0,0
CNS-JNM-01403,CTR-JNM-021,JNM,기타 가족관계,1,1,0,0
CNS-JNM-01404,CTR-JNM-021,JNM,부부갈등,3,2,1,0
CNS-JNM-01404,CTR-JNM-021,JNM,부모-자녀 갈등,2,2,0,0
CNS-JNM-01404,CTR-JNM-021,JNM,기타 가족관계,2,2,0,0
CNS-JNM-01405,CTR-JNM-021,JNM,부부갈등,2,2,0,0
CNS-JNM-01405,CTR-JNM-021,JNM,부모-자녀 갈등,1,1,0,0
CNS-JNM-01405,CTR-JNM-021,JNM,기타 가족관계,2,2,0,0
CNS-JNM-01406,CTR-JNM-021,JNM,부부갈등,3,2,1,0
CNS-JNM-01406,CTR-JNM-021,JNM,부모-자녀 갈등,2,2,0,0
CNS-JNM-01406,CTR-JNM-021,JNM,기타 가족관계,3,3,0,0
CNS-JNM-01407,CTR-JNM-022,JNM,부부갈등,5,4,1,0
CNS-JNM-01407,CTR-JNM-022,JNM,부모-자녀 갈등,3,2,1,0
CNS-JNM-01407,CTR-JNM-022,JNM,기타 가족관계,4,3,1,0
CNS-JNM-01407,CTR-JNM-022,JNM,이혼 전후,1,1,0,0
CNS-JNM-01408,CTR-JNM-022,JNM,부부갈등,2,2,0,0
CNS-JNM-01408,CTR-JNM-022,JNM,부모-자녀 갈등,1,1,0,0
CNS-JNM-01408,CTR-JNM-022,JNM,기타 가족관계,2,2,0,0
CNS-JNM-01409,CTR-JNM-022,JNM,부부갈등,3,2,1,0
CNS-JNM-01409,CTR-JNM-022,JNM,부모-자녀 갈등,2,2,0,0
CNS-JNM-01409,CTR-JNM-022,JNM,기타 가족관계,2,2,0,0
CNS-JNM-01410,CTR-JNM-022,JNM,부부갈등,3,3,0,0
CNS-JNM-01410,CTR-JNM-022,JNM,부모-자녀 갈등,2,2,0,0
CNS-JNM-01410,CTR-JNM-022,JNM,기타 가족관계,3,3,0,0
CNS-JNM-01410,CTR-JNM-022,JNM,이혼 전후,1,1,0,0
CNS-JNM-01411,CTR-JNM-022,JNM,부부갈등,3,3,0,0
CNS-JNM-01411,CTR-JNM-022,JNM,부모-자녀 갈등,2,2,0,0
CNS-JNM-01411,CTR-JNM-022,JNM,기타 가족관계,2,2,0,0
CNS-JNM-01412,CTR-JNM-023,JNM,부부갈등,5,4,1,0
CNS-JNM-01412,CTR-JNM-023,JNM,부모-자녀 갈등,4,3,1,0
CNS-JNM-01412,CTR-JNM-023,JNM,기타 가족관계,4,3,1,0
CNS-JNM-01412,CTR-JNM-023,JNM,이혼 전후,1,1,0,0
CNS-JNM-01413,CTR-JNM-023,JNM,부부갈등,2,2,0,0
CNS-JNM-01413,CTR-JNM-023,JNM,부모-자녀 갈등,1,1,0,0
CNS-JNM-01413,CTR-JNM-023,JNM,기타 가족관계,2,2,0,0
CNS-JNM-01414,CTR-JNM-023,JNM,부부갈등,3,3,0,0
CNS-JNM-01414,CTR-JNM-023,JNM,부모-자녀 갈등,2,2,0,0
CNS-JNM-01414,CTR-JNM-023,JNM,기타 가족관계,2,2,0,0
CNS-JNM-01415,CTR-JNM-023,JNM,부부갈등,5,4,1,0
CNS-JNM-01415,CTR-JNM-023,JNM,부모-자녀 갈등,3,2,1,0
CNS-JNM-01415,CTR-JNM-023,JNM,기타 가족관계,4,3,1,0
CNS-JNM-01415,CTR-JNM-023,JNM,이혼 전후,1,1,0,0
CNS-JNM-01416,CTR-JNM-023,JNM,부부갈등,2,2,0,0
CNS-JNM-01416,CTR-JNM-023,JNM,부모-자녀 갈등,2,2,0,0
CNS-JNM-01416,CTR-JNM-023,JNM,기타 가족관계,2,2,0,0
CNS-GBK-01417,CTR-GBK-001,GBK,부부갈등,5,4,1,0
CNS-GBK-01417,CTR-GBK-001,GBK,부모-자녀 갈등,4,4,0,0
CNS-GBK-01417,CTR-GBK-001,GBK,기타 가족관계,4,3,1,0
CNS-GBK-01417,CTR-GBK-001,GBK,이혼 전후,1,1,0,0
CNS-GBK-01418,CTR-GBK-001,GBK,부부갈등,3,3,0,0
CNS-GBK-01418,CTR-GBK-001,GBK,부모-자녀 갈등,2,2,0,0
CNS-GBK-01418,CTR-GBK-001,GBK,기타 가족관계,2,2,0,0
CNS-GBK-01419,CTR-GBK-001,GBK,부부갈등,3,2,1,0
CNS-GBK-01419,CTR-GBK-001,GBK,부모-자녀 갈등,2,2,0,0
CNS-GBK-01419,CTR-GBK-001,GBK,기타 가족관계,3,2,1,0
CNS-GBK-01419,CTR-GBK-001,GBK,이혼 전후,1,1,0,0
CNS-GBK-01420,CTR-GBK-001,GBK,부부갈등,2,2,0,0
CNS-GBK-01420,CTR-GBK-001,GBK,부모-자녀 갈등,1,1,0,0
CNS-GBK-01420,CTR-GBK-001,GBK,기타 가족관계,2,1,1,0
CNS-GBK-01421,CTR-GBK-001,GBK,부부갈등,3,3,0,0
CNS-GBK-01421,CTR-GBK-001,GBK,부모-자녀 갈등,2,2,0,0
CNS-GBK-01421,CTR-GBK-001,GBK,기타 가족관계,3,2,1,0
CNS-GBK-01422,CTR-GBK-002,GBK,부부갈등,5,4,1,0
CNS-GBK-01422,CTR-GBK-002,GBK,부모-자녀 갈등,3,3,0,0
CNS-GBK-01422,CTR-GBK-002,GBK,기타 가족관계,4,3,1,0
CNS-GBK-01422,CTR-GBK-002,GBK,이혼 전후,1,1,0,0
CNS-GBK-01423,CTR-GBK-002,GBK,부부갈등,4,3,1,0
CNS-GBK-01423,CTR-GBK-002,GBK,부모-자녀 갈등,3,2,1,0
CNS-GBK-01423,CTR-GBK-002,GBK,기타 가족관계,4,4,0,0
CNS-GBK-01424,CTR-GBK-002,GBK,부부갈등,1,1,0,0
CNS-GBK-01424,CTR-GBK-002,GBK,부모-자녀 갈등,1,1,0,0
CNS-GBK-01424,CTR-GBK-002,GBK,기타 가족관계,1,1,0,0
CNS-GBK-01425,CTR-GBK-002,GBK,부부갈등,2,2,0,0
CNS-GBK-01425,CTR-GBK-002,GBK,부모-자녀 갈등,2,2,0,0
CNS-GBK-01425,CTR-GBK-002,GBK,기타 가족관계,2,2,0,0
CNS-GBK-01426,CTR-GBK-002,GBK,부부갈등,3,2,1,0
CNS-GBK-01426,CTR-GBK-002,GBK,부모-자녀 갈등,3,2,1,0
CNS-GBK-01426,CTR-GBK-002,GBK,기타 가족관계,3,2,1,0
CNS-GBK-01426,CTR-GBK-002,GBK,이혼 전후,1,1,0,0
CNS-GBK-01427,CTR-GBK-002,GBK,부부갈등,3,3,0,0
CNS-GBK-01427,CTR-GBK-002,GBK,부모-자녀 갈등,2,2,0,0
CNS-GBK-01427,CTR-GBK-002,GBK,기타 가족관계,3,3,0,0
CNS-GBK-01428,CTR-GBK-002,GBK,부부갈등,3,3,0,0
CNS-GBK-01428,CTR-GBK-002,GBK,부모-자녀 갈등,2,2,0,0
CNS-GBK-01428,CTR-GBK-002,GBK,기타 가족관계,2,2,0,0
CNS-GBK-01429,CTR-GBK-003,GBK,부부갈등,4,3,1,0
CNS-GBK-01429,CTR-GBK-003,GBK,부모-자녀 갈등,3,2,1,0
CNS-GBK-01429,CTR-GBK-003,GBK,기타 가족관계,4,3,1,0
CNS-GBK-01429,CTR-GBK-003,GBK,이혼 전후,1,1,0,0
CNS-GBK-01430,CTR-GBK-003,GBK,부부갈등,5,5,0,0
CNS-GBK-01430,CTR-GBK-003,GBK,부모-자녀 갈등,3,2,1,0
CNS-GBK-01430,CTR-GBK-003,GBK,기타 가족관계,4,3,1,0
CNS-GBK-01430,CTR-GBK-003,GBK,이혼 전후,1,1,0,0
CNS-GBK-01431,CTR-GBK-003,GBK,부부갈등,3,2,1,0
CNS-GBK-01431,CTR-GBK-003,GBK,부모-자녀 갈등,2,2,0,0
CNS-GBK-01431,CTR-GBK-003,GBK,기타 가족관계,2,2,0,0
CNS-GBK-01432,CTR-GBK-003,GBK,부부갈등,3,2,1,0
CNS-GBK-01432,CTR-GBK-003,GBK,부모-자녀 갈등,2,2,0,0
CNS-GBK-01432,CTR-GBK-003,GBK,기타 가족관계,3,3,0,0
CNS-GBK-01433,CTR-GBK-003,GBK,부부갈등,2,2,0,0
CNS-GBK-01433,CTR-GBK-003,GBK,부모-자녀 갈등,1,1,0,0
CNS-GBK-01433,CTR-GBK-003,GBK,기타 가족관계,2,2,0,0
CNS-GBK-01434,CTR-GBK-003,GBK,부부갈등,3,2,1,0
CNS-GBK-01434,CTR-GBK-003,GBK,부모-자녀 갈등,2,2,0,0
CNS-GBK-01434,CTR-GBK-003,GBK,기타 가족관계,2,2,0,0
CNS-GBK-01435,CTR-GBK-003,GBK,부부갈등,3,2,1,0
CNS-GBK-01435,CTR-GBK-003,GBK,부모-자녀 갈등,2,2,0,0
CNS-GBK-01435,CTR-GBK-003,GBK,기타 가족관계,2,2,0,0
CNS-GBK-01436,CTR-GBK-004,GBK,부부갈등,3,2,1,0
CNS-GBK-01436,CTR-GBK-004,GBK,부모-자녀 갈등,3,2,1,0
CNS-GBK-01436,CTR-GBK-004,GBK,기타 가족관계,3,2,1,0
CNS-GBK-01436,CTR-GBK-004,GBK,이혼 전후,1,1,0,0
CNS-GBK-01437,CTR-GBK-004,GBK,부부갈등,3,3,0,0
CNS-GBK-01437,CTR-GBK-004,GBK,부모-자녀 갈등,2,2,0,0
CNS-GBK-01437,CTR-GBK-004,GBK,기타 가족관계,3,2,1,0
CNS-GBK-01437,CTR-GBK-004,GBK,이혼 전후,1,1,0,0
CNS-GBK-01438,CTR-GBK-004,GBK,부부갈등,2,1,1,0
CNS-GBK-01438,CTR-GBK-004,GBK,부모-자녀 갈등,1,1,0,0
CNS-GBK-01438,CTR-GBK-004,GBK,기타 가족관계,2,2,0,0
CNS-GBK-01439,CTR-GBK-004,GBK,부부갈등,2,2,0,0
CNS-GBK-01439,CTR-GBK-004,GBK,부모-자녀 갈등,2,2,0,0
CNS-GBK-01439,CTR-GBK-004,GBK,기타 가족관계,2,2,0,0
CNS-GBK-01440,CTR-GBK-004,GBK,부부갈등,2,2,0,0
CNS-GBK-01440,CTR-GBK-004,GBK,부모-자녀 갈등,1,1,0,0
CNS-GBK-01440,CTR-GBK-004,GBK,기타 가족관계,1,1,0,0
CNS-GBK-01441,CTR-GBK-004,GBK,부부갈등,2,2,0,0
CNS-GBK-01441,CTR-GBK-004,GBK,부모-자녀 갈등,2,2,0,0
CNS-GBK-01441,CTR-GBK-004,GBK,기타 가족관계,2,2,0,0
CNS-GBK-01442,CTR-GBK-004,GBK,부부갈등,3,2,1,0
CNS-GBK-01442,CTR-GBK-004,GBK,부모-자녀 갈등,2,2,0,0
CNS-GBK-01442,CTR-GBK-004,GBK,기타 가족관계,2,2,0,0
CNS-GBK-01443,CTR-GBK-005,GBK,부부갈등,3,3,0,0
CNS-GBK-01443,CTR-GBK-005,GBK,부모-자녀 갈등,3,2,1,0
CNS-GBK-01443,CTR-GBK-005,GBK,기타 가족관계,3,2,1,0
CNS-GBK-01443,CTR-GBK-005,GBK,이혼 전후,1,1,0,0
CNS-GBK-01444,CTR-GBK-005,GBK,부부갈등,4,3,1,0
CNS-GBK-01444,CTR-GBK-005,GBK,부모-자녀 갈등,3,3,0,0
CNS-GBK-01444,CTR-GBK-005,GBK,기타 가족관계,4,3,1,0
CNS-GBK-01444,CTR-GBK-005,GBK,이혼 전후,1,1,0,0
CNS-GBK-01445,CTR-GBK-005,GBK,부부갈등,1,1,0,0
CNS-GBK-01445,CTR-GBK-005,GBK,부모-자녀 갈등,1,1,0,0
CNS-GBK-01445,CTR-GBK-005,GBK,기타 가족관계,1,1,0,0
CNS-GBK-01446,CTR-GBK-005,GBK,부부갈등,2,2,0,0
CNS-GBK-01446,CTR-GBK-005,GBK,부모-자녀 갈등,1,1,0,0
CNS-GBK-01446,CTR-GBK-005,GBK,기타 가족관계,1,1,0,0
CNS-GBK-01447,CTR-GBK-005,GBK,부부갈등,2,2,0,0
CNS-GBK-01447,CTR-GBK-005,GBK,부모-자녀 갈등,2,2,0,0
CNS-GBK-01447,CTR-GBK-005,GBK,기타 가족관계,2,2,0,0
CNS-GBK-01448,CTR-GBK-005,GBK,부부갈등,3,2,1,0
CNS-GBK-01448,CTR-GBK-005,GBK,부모-자녀 갈등,2,2,0,0
CNS-GBK-01448,CTR-GBK-005,GBK,기타 가족관계,2,2,0,0
CNS-GBK-01449,CTR-GBK-005,GBK,부부갈등,4,3,1,0
CNS-GBK-01449,CTR-GBK-005,GBK,부모-자녀 갈등,3,2,1,0
CNS-GBK-01449,CTR-GBK-005,GBK,기타 가족관계,4,3,1,0
CNS-GBK-01450,CTR-GBK-005,GBK,부부갈등,2,2,0,0
CNS-GBK-01450,CTR-GBK-005,GBK,부모-자녀 갈등,2,2,0,0
CNS-GBK-01450,CTR-GBK-005,GBK,기타 가족관계,2,2,0,0
CNS-GBK-01451,CTR-GBK-006,GBK,부부갈등,4,4,0,0
CNS-GBK-01451,CTR-GBK-006,GBK,부모-자녀 갈등,3,3,0,0
CNS-GBK-01451,CTR-GBK-006,GBK,기타 가족관계,4,3,1,0
CNS-GBK-01452,CTR-GBK-006,GBK,부부갈등,3,2,1,0
CNS-GBK-01452,CTR-GBK-006,GBK,부모-자녀 갈등,2,2,0,0
CNS-GBK-01452,CTR-GBK-006,GBK,기타 가족관계,3,3,0,0
CNS-GBK-01453,CTR-GBK-006,GBK,부부갈등,3,3,0,0
CNS-GBK-01453,CTR-GBK-006,GBK,부모-자녀 갈등,2,2,0,0
CNS-GBK-01453,CTR-GBK-006,GBK,기타 가족관계,3,2,1,0
CNS-GBK-01454,CTR-GBK-006,GBK,부부갈등,3,3,0,0
CNS-GBK-01454,CTR-GBK-006,GBK,부모-자녀 갈등,2,2,0,0
CNS-GBK-01454,CTR-GBK-006,GBK,기타 가족관계,3,3,0,0
CNS-GBK-01455,CTR-GBK-006,GBK,부부갈등,2,2,0,0
CNS-GBK-01455,CTR-GBK-006,GBK,부모-자녀 갈등,1,1,0,0
CNS-GBK-01455,CTR-GBK-006,GBK,기타 가족관계,2,2,0,0
CNS-GBK-01456,CTR-GBK-006,GBK,부부갈등,1,1,0,0
CNS-GBK-01456,CTR-GBK-006,GBK,부모-자녀 갈등,1,1,0,0
CNS-GBK-01456,CTR-GBK-006,GBK,기타 가족관계,1,1,0,0
CNS-GBK-01457,CTR-GBK-006,GBK,부부갈등,3,2,1,0
CNS-GBK-01457,CTR-GBK-006,GBK,부모-자녀 갈등,2,1,1,0
CNS-GBK-01457,CTR-GBK-006,GBK,기타 가족관계,3,2,1,0
CNS-GBK-01458,CTR-GBK-007,GBK,부부갈등,5,4,1,0
CNS-GBK-01458,CTR-GBK-007,GBK,부모-자녀 갈등,3,2,1,0
CNS-GBK-01458,CTR-GBK-007,GBK,기타 가족관계,4,3,1,0
CNS-GBK-01458,CTR-GBK-007,GBK,이혼 전후,1,1,0,0
CNS-GBK-01459,CTR-GBK-007,GBK,부부갈등,3,2,1,0
CNS-GBK-01459,CTR-GBK-007,GBK,부모-자녀 갈등,3,3,0,0
CNS-GBK-01459,CTR-GBK-007,GBK,기타 가족관계,3,3,0,0
CNS-GBK-01459,CTR-GBK-007,GBK,이혼 전후,1,1,0,0
CNS-GBK-01460,CTR-GBK-007,GBK,부부갈등,3,2,1,0
CNS-GBK-01460,CTR-GBK-007,GBK,부모-자녀 갈등,2,2,0,0
CNS-GBK-01460,CTR-GBK-007,GBK,기타 가족관계,3,3,0,0
CNS-GBK-01461,CTR-GBK-007,GBK,부부갈등,2,2,0,0
CNS-GBK-01461,CTR-GBK-007,GBK,부모-자녀 갈등,2,2,0,0
CNS-GBK-01461,CTR-GBK-007,GBK,기타 가족관계,2,2,0,0
CNS-GBK-01462,CTR-GBK-007,GBK,부부갈등,2,2,0,0
CNS-GBK-01462,CTR-GBK-007,GBK,부모-자녀 갈등,1,1,0,0
CNS-GBK-01462,CTR-GBK-007,GBK,기타 가족관계,1,1,0,0
CNS-GBK-01463,CTR-GBK-007,GBK,부부갈등,3,2,1,0
CNS-GBK-01463,CTR-GBK-007,GBK,부모-자녀 갈등,2,2,0,0
CNS-GBK-01463,CTR-GBK-007,GBK,기타 가족관계,2,2,0,0
CNS-GBK-01464,CTR-GBK-007,GBK,부부갈등,3,2,1,0
CNS-GBK-01464,CTR-GBK-007,GBK,부모-자녀 갈등,2,2,0,0
CNS-GBK-01464,CTR-GBK-007,GBK,기타 가족관계,3,2,1,0
CNS-GBK-01464,CTR-GBK-007,GBK,이혼 전후,1,1,0,0
CNS-GBK-01465,CTR-GBK-008,GBK,부부갈등,3,3,0,0
CNS-GBK-01465,CTR-GBK-008,GBK,부모-자녀 갈등,3,2,1,0
CNS-GBK-01465,CTR-GBK-008,GBK,기타 가족관계,3,3,0,0
CNS-GBK-01465,CTR-GBK-008,GBK,이혼 전후,1,1,0,0
CNS-GBK-01466,CTR-GBK-008,GBK,부부갈등,4,3,1,0
CNS-GBK-01466,CTR-GBK-008,GBK,부모-자녀 갈등,3,2,1,0
CNS-GBK-01466,CTR-GBK-008,GBK,기타 가족관계,4,3,1,0
CNS-GBK-01467,CTR-GBK-008,GBK,부부갈등,3,2,1,0
CNS-GBK-01467,CTR-GBK-008,GBK,부모-자녀 갈등,2,2,0,0
CNS-GBK-01467,CTR-GBK-008,GBK,기타 가족관계,3,2,1,0
CNS-GBK-01467,CTR-GBK-008,GBK,이혼 전후,1,1,0,0
CNS-GBK-01468,CTR-GBK-008,GBK,부부갈등,2,2,0,0
CNS-GBK-01468,CTR-GBK-008,GBK,부모-자녀 갈등,1,1,0,0
CNS-GBK-01468,CTR-GBK-008,GBK,기타 가족관계,1,1,0,0
CNS-GBK-01469,CTR-GBK-008,GBK,부부갈등,2,2,0,0
CNS-GBK-01469,CTR-GBK-008,GBK,부모-자녀 갈등,2,1,1,0
CNS-GBK-01469,CTR-GBK-008,GBK,기타 가족관계,2,2,0,0
CNS-GBK-01470,CTR-GBK-008,GBK,부부갈등,2,2,0,0
CNS-GBK-01470,CTR-GBK-008,GBK,부모-자녀 갈등,1,1,0,0
CNS-GBK-01470,CTR-GBK-008,GBK,기타 가족관계,1,1,0,0
CNS-GBK-01471,CTR-GBK-008,GBK,부부갈등,2,2,0,0
CNS-GBK-01471,CTR-GBK-008,GBK,부모-자녀 갈등,1,1,0,0
CNS-GBK-01471,CTR-GBK-008,GBK,기타 가족관계,2,2,0,0
CNS-GBK-01472,CTR-GBK-008,GBK,부부갈등,3,2,1,0
CNS-GBK-01472,CTR-GBK-008,GBK,부모-자녀 갈등,2,2,0,0
CNS-GBK-01472,CTR-GBK-008,GBK,기타 가족관계,2,2,0,0
CNS-GBK-01473,CTR-GBK-009,GBK,부부갈등,3,3,0,0
CNS-GBK-01473,CTR-GBK-009,GBK,부모-자녀 갈등,3,2,1,0
CNS-GBK-01473,CTR-GBK-009,GBK,기타 가족관계,3,2,1,0
CNS-GBK-01473,CTR-GBK-009,GBK,이혼 전후,1,1,0,0
CNS-GBK-01474,CTR-GBK-009,GBK,부부갈등,5,4,1,0
CNS-GBK-01474,CTR-GBK-009,GBK,부모-자녀 갈등,4,3,1,0
CNS-GBK-01474,CTR-GBK-009,GBK,기타 가족관계,5,4,1,0
CNS-GBK-01474,CTR-GBK-009,GBK,이혼 전후,1,1,0,0
CNS-GBK-01475,CTR-GBK-009,GBK,부부갈등,3,2,1,0
CNS-GBK-01475,CTR-GBK-009,GBK,부모-자녀 갈등,2,2,0,0
CNS-GBK-01475,CTR-GBK-009,GBK,기타 가족관계,2,2,0,0
CNS-GBK-01476,CTR-GBK-009,GBK,부부갈등,3,2,1,0
CNS-GBK-01476,CTR-GBK-009,GBK,부모-자녀 갈등,2,2,0,0
CNS-GBK-01476,CTR-GBK-009,GBK,기타 가족관계,2,2,0,0
CNS-GBK-01477,CTR-GBK-009,GBK,부부갈등,2,2,0,0
CNS-GBK-01477,CTR-GBK-009,GBK,부모-자녀 갈등,1,1,0,0
CNS-GBK-01477,CTR-GBK-009,GBK,기타 가족관계,1,1,0,0
CNS-GBK-01478,CTR-GBK-009,GBK,부부갈등,1,1,0,0
CNS-GBK-01478,CTR-GBK-009,GBK,부모-자녀 갈등,1,1,0,0
CNS-GBK-01478,CTR-GBK-009,GBK,기타 가족관계,1,1,0,0
CNS-GBK-01479,CTR-GBK-009,GBK,부부갈등,2,2,0,0
CNS-GBK-01479,CTR-GBK-009,GBK,부모-자녀 갈등,1,1,0,0
CNS-GBK-01479,CTR-GBK-009,GBK,기타 가족관계,2,2,0,0
CNS-GBK-01480,CTR-GBK-010,GBK,부부갈등,4,3,1,0
CNS-GBK-01480,CTR-GBK-010,GBK,부모-자녀 갈등,3,3,0,0
CNS-GBK-01480,CTR-GBK-010,GBK,기타 가족관계,4,3,1,0
CNS-GBK-01481,CTR-GBK-010,GBK,부부갈등,3,2,1,0
CNS-GBK-01481,CTR-GBK-010,GBK,부모-자녀 갈등,2,2,0,0
CNS-GBK-01481,CTR-GBK-010,GBK,기타 가족관계,2,2,0,0
CNS-GBK-01482,CTR-GBK-010,GBK,부부갈등,2,2,0,0
CNS-GBK-01482,CTR-GBK-010,GBK,부모-자녀 갈등,1,1,0,0
CNS-GBK-01482,CTR-GBK-010,GBK,기타 가족관계,1,1,0,0
CNS-GBK-01483,CTR-GBK-010,GBK,부부갈등,3,2,1,0
CNS-GBK-01483,CTR-GBK-010,GBK,부모-자녀 갈등,2,2,0,0
CNS-GBK-01483,CTR-GBK-010,GBK,기타 가족관계,2,2,0,0
CNS-GBK-01484,CTR-GBK-010,GBK,부부갈등,3,2,1,0
CNS-GBK-01484,CTR-GBK-010,GBK,부모-자녀 갈등,2,2,0,0
CNS-GBK-01484,CTR-GBK-010,GBK,기타 가족관계,3,2,1,0
CNS-GBK-01485,CTR-GBK-011,GBK,부부갈등,4,3,1,0
CNS-GBK-01485,CTR-GBK-011,GBK,부모-자녀 갈등,3,2,1,0
CNS-GBK-01485,CTR-GBK-011,GBK,기타 가족관계,4,3,1,0
CNS-GBK-01486,CTR-GBK-011,GBK,부부갈등,5,4,1,0
CNS-GBK-01486,CTR-GBK-011,GBK,부모-자녀 갈등,4,4,0,0
CNS-GBK-01486,CTR-GBK-011,GBK,기타 가족관계,5,4,1,0
CNS-GBK-01486,CTR-GBK-011,GBK,이혼 전후,1,1,0,0
CNS-GBK-01487,CTR-GBK-011,GBK,부부갈등,3,2,1,0
CNS-GBK-01487,CTR-GBK-011,GBK,부모-자녀 갈등,2,1,1,0
CNS-GBK-01487,CTR-GBK-011,GBK,기타 가족관계,2,2,0,0
CNS-GBK-01488,CTR-GBK-011,GBK,부부갈등,2,2,0,0
CNS-GBK-01488,CTR-GBK-011,GBK,부모-자녀 갈등,2,2,0,0
CNS-GBK-01488,CTR-GBK-011,GBK,기타 가족관계,2,2,0,0
CNS-GBK-01489,CTR-GBK-011,GBK,부부갈등,2,2,0,0
CNS-GBK-01489,CTR-GBK-011,GBK,부모-자녀 갈등,1,1,0,0
CNS-GBK-01489,CTR-GBK-011,GBK,기타 가족관계,2,2,0,0
CNS-GBK-01490,CTR-GBK-011,GBK,부부갈등,3,2,1,0
CNS-GBK-01490,CTR-GBK-011,GBK,부모-자녀 갈등,3,2,1,0
CNS-GBK-01490,CTR-GBK-011,GBK,기타 가족관계,3,2,1,0
CNS-GBK-01490,CTR-GBK-011,GBK,이혼 전후,1,1,0,0
CNS-GBK-01491,CTR-GBK-011,GBK,부부갈등,3,2,1,0
CNS-GBK-01491,CTR-GBK-011,GBK,부모-자녀 갈등,2,2,0,0
CNS-GBK-01491,CTR-GBK-011,GBK,기타 가족관계,3,2,1,0
CNS-GBK-01491,CTR-GBK-011,GBK,이혼 전후,1,1,0,0
CNS-GBK-01492,CTR-GBK-012,GBK,부부갈등,5,4,1,0
CNS-GBK-01492,CTR-GBK-012,GBK,부모-자녀 갈등,4,3,1,0
CNS-GBK-01492,CTR-GBK-012,GBK,기타 가족관계,5,4,1,0
CNS-GBK-01492,CTR-GBK-012,GBK,이혼 전후,1,1,0,0
CNS-GBK-01493,CTR-GBK-012,GBK,부부갈등,4,3,1,0
CNS-GBK-01493,CTR-GBK-012,GBK,부모-자녀 갈등,3,2,1,0
CNS-GBK-01493,CTR-GBK-012,GBK,기타 가족관계,4,4,0,0
CNS-GBK-01494,CTR-GBK-012,GBK,부부갈등,3,3,0,0
CNS-GBK-01494,CTR-GBK-012,GBK,부모-자녀 갈등,2,2,0,0
CNS-GBK-01494,CTR-GBK-012,GBK,기타 가족관계,2,2,0,0
CNS-GBK-01495,CTR-GBK-012,GBK,부부갈등,1,1,0,0
CNS-GBK-01495,CTR-GBK-012,GBK,부모-자녀 갈등,1,1,0,0
CNS-GBK-01495,CTR-GBK-012,GBK,기타 가족관계,1,1,0,0
CNS-GBK-01496,CTR-GBK-012,GBK,부부갈등,2,2,0,0
CNS-GBK-01496,CTR-GBK-012,GBK,부모-자녀 갈등,1,1,0,0
CNS-GBK-01496,CTR-GBK-012,GBK,기타 가족관계,1,1,0,0
CNS-GBK-01497,CTR-GBK-012,GBK,부부갈등,3,2,1,0
CNS-GBK-01497,CTR-GBK-012,GBK,부모-자녀 갈등,2,2,0,0
CNS-GBK-01497,CTR-GBK-012,GBK,기타 가족관계,2,2,0,0
CNS-GBK-01498,CTR-GBK-012,GBK,부부갈등,3,2,1,0
CNS-GBK-01498,CTR-GBK-012,GBK,부모-자녀 갈등,2,2,0,0
CNS-GBK-01498,CTR-GBK-012,GBK,기타 가족관계,2,2,0,0
CNS-GBK-01499,CTR-GBK-013,GBK,부부갈등,5,4,1,0
CNS-GBK-01499,CTR-GBK-013,GBK,부모-자녀 갈등,3,2,1,0
CNS-GBK-01499,CTR-GBK-013,GBK,기타 가족관계,4,3,1,0
CNS-GBK-01499,CTR-GBK-013,GBK,이혼 전후,1,1,0,0
CNS-GBK-01500,CTR-GBK-013,GBK,부부갈등,3,3,0,0
CNS-GBK-01500,CTR-GBK-013,GBK,부모-자녀 갈등,2,2,0,0
CNS-GBK-01500,CTR-GBK-013,GBK,기타 가족관계,3,2,1,0
CNS-GBK-01500,CTR-GBK-013,GBK,이혼 전후,1,1,0,0
CNS-GBK-01501,CTR-GBK-013,GBK,부부갈등,2,2,0,0
CNS-GBK-01501,CTR-GBK-013,GBK,부모-자녀 갈등,2,2,0,0
CNS-GBK-01501,CTR-GBK-013,GBK,기타 가족관계,2,2,0,0
CNS-GBK-01502,CTR-GBK-013,GBK,부부갈등,3,3,0,0
CNS-GBK-01502,CTR-GBK-013,GBK,부모-자녀 갈등,2,2,0,0
CNS-GBK-01502,CTR-GBK-013,GBK,기타 가족관계,3,2,1,0
CNS-GBK-01503,CTR-GBK-013,GBK,부부갈등,2,2,0,0
CNS-GBK-01503,CTR-GBK-013,GBK,부모-자녀 갈등,2,2,0,0
CNS-GBK-01503,CTR-GBK-013,GBK,기타 가족관계,2,2,0,0
CNS-GBK-01504,CTR-GBK-013,GBK,부부갈등,3,3,0,0
CNS-GBK-01504,CTR-GBK-013,GBK,부모-자녀 갈등,2,2,0,0
CNS-GBK-01504,CTR-GBK-013,GBK,기타 가족관계,3,3,0,0
CNS-GBK-01504,CTR-GBK-013,GBK,이혼 전후,1,1,0,0
CNS-GBK-01505,CTR-GBK-013,GBK,부부갈등,3,2,1,0
CNS-GBK-01505,CTR-GBK-013,GBK,부모-자녀 갈등,2,1,1,0
CNS-GBK-01505,CTR-GBK-013,GBK,기타 가족관계,3,3,0,0
CNS-GBK-01506,CTR-GBK-014,GBK,부부갈등,4,3,1,0
CNS-GBK-01506,CTR-GBK-014,GBK,부모-자녀 갈등,3,2,1,0
CNS-GBK-01506,CTR-GBK-014,GBK,기타 가족관계,4,3,1,0
CNS-GBK-01507,CTR-GBK-014,GBK,부부갈등,5,4,1,0
CNS-GBK-01507,CTR-GBK-014,GBK,부모-자녀 갈등,4,3,1,0
CNS-GBK-01507,CTR-GBK-014,GBK,기타 가족관계,4,3,1,0
CNS-GBK-01507,CTR-GBK-014,GBK,이혼 전후,1,1,0,0
CNS-GBK-01508,CTR-GBK-014,GBK,부부갈등,4,3,1,0
CNS-GBK-01508,CTR-GBK-014,GBK,부모-자녀 갈등,3,2,1,0
CNS-GBK-01508,CTR-GBK-014,GBK,기타 가족관계,4,3,1,0
CNS-GBK-01509,CTR-GBK-014,GBK,부부갈등,3,3,0,0
CNS-GBK-01509,CTR-GBK-014,GBK,부모-자녀 갈등,2,2,0,0
CNS-GBK-01509,CTR-GBK-014,GBK,기타 가족관계,2,2,0,0
CNS-GBK-01510,CTR-GBK-014,GBK,부부갈등,1,1,0,0
CNS-GBK-01510,CTR-GBK-014,GBK,부모-자녀 갈등,1,1,0,0
CNS-GBK-01510,CTR-GBK-014,GBK,기타 가족관계,1,1,0,0
CNS-GBK-01511,CTR-GBK-014,GBK,부부갈등,3,2,1,0
CNS-GBK-01511,CTR-GBK-014,GBK,부모-자녀 갈등,2,2,0,0
CNS-GBK-01511,CTR-GBK-014,GBK,기타 가족관계,2,2,0,0
CNS-GBK-01512,CTR-GBK-014,GBK,부부갈등,3,2,1,0
CNS-GBK-01512,CTR-GBK-014,GBK,부모-자녀 갈등,2,2,0,0
CNS-GBK-01512,CTR-GBK-014,GBK,기타 가족관계,2,2,0,0
CNS-GBK-01513,CTR-GBK-015,GBK,부부갈등,3,2,1,0
CNS-GBK-01513,CTR-GBK-015,GBK,부모-자녀 갈등,2,2,0,0
CNS-GBK-01513,CTR-GBK-015,GBK,기타 가족관계,3,2,1,0
CNS-GBK-01513,CTR-GBK-015,GBK,이혼 전후,1,1,0,0
CNS-GBK-01514,CTR-GBK-015,GBK,부부갈등,4,3,1,0
CNS-GBK-01514,CTR-GBK-015,GBK,부모-자녀 갈등,3,2,1,0
CNS-GBK-01514,CTR-GBK-015,GBK,기타 가족관계,4,4,0,0
CNS-GBK-01515,CTR-GBK-015,GBK,부부갈등,2,2,0,0
CNS-GBK-01515,CTR-GBK-015,GBK,부모-자녀 갈등,1,1,0,0
CNS-GBK-01515,CTR-GBK-015,GBK,기타 가족관계,2,2,0,0
CNS-GBK-01516,CTR-GBK-015,GBK,부부갈등,2,2,0,0
CNS-GBK-01516,CTR-GBK-015,GBK,부모-자녀 갈등,1,1,0,0
CNS-GBK-01516,CTR-GBK-015,GBK,기타 가족관계,2,2,0,0
CNS-GBK-01517,CTR-GBK-015,GBK,부부갈등,3,2,1,0
CNS-GBK-01517,CTR-GBK-015,GBK,부모-자녀 갈등,2,2,0,0
CNS-GBK-01517,CTR-GBK-015,GBK,기타 가족관계,2,2,0,0
CNS-GBK-01518,CTR-GBK-015,GBK,부부갈등,3,3,0,0
CNS-GBK-01518,CTR-GBK-015,GBK,부모-자녀 갈등,2,2,0,0
CNS-GBK-01518,CTR-GBK-015,GBK,기타 가족관계,3,2,1,0
CNS-GBK-01519,CTR-GBK-015,GBK,부부갈등,3,2,1,0
CNS-GBK-01519,CTR-GBK-015,GBK,부모-자녀 갈등,3,3,0,0
CNS-GBK-01519,CTR-GBK-015,GBK,기타 가족관계,3,3,0,0
CNS-GBK-01519,CTR-GBK-015,GBK,이혼 전후,1,1,0,0
CNS-GBK-01520,CTR-GBK-016,GBK,부부갈등,5,4,1,0
CNS-GBK-01520,CTR-GBK-016,GBK,부모-자녀 갈등,3,3,0,0
CNS-GBK-01520,CTR-GBK-016,GBK,기타 가족관계,4,3,1,0
CNS-GBK-01520,CTR-GBK-016,GBK,이혼 전후,1,1,0,0
CNS-GBK-01521,CTR-GBK-016,GBK,부부갈등,5,4,1,0
CNS-GBK-01521,CTR-GBK-016,GBK,부모-자녀 갈등,3,2,1,0
CNS-GBK-01521,CTR-GBK-016,GBK,기타 가족관계,4,3,1,0
CNS-GBK-01521,CTR-GBK-016,GBK,이혼 전후,1,1,0,0
CNS-GBK-01522,CTR-GBK-016,GBK,부부갈등,4,3,1,0
CNS-GBK-01522,CTR-GBK-016,GBK,부모-자녀 갈등,3,3,0,0
CNS-GBK-01522,CTR-GBK-016,GBK,기타 가족관계,4,3,1,0
CNS-GBK-01523,CTR-GBK-016,GBK,부부갈등,2,2,0,0
CNS-GBK-01523,CTR-GBK-016,GBK,부모-자녀 갈등,1,1,0,0
CNS-GBK-01523,CTR-GBK-016,GBK,기타 가족관계,2,2,0,0
CNS-GBK-01524,CTR-GBK-016,GBK,부부갈등,2,2,0,0
CNS-GBK-01524,CTR-GBK-016,GBK,부모-자녀 갈등,2,2,0,0
CNS-GBK-01524,CTR-GBK-016,GBK,기타 가족관계,2,2,0,0
CNS-GBK-01525,CTR-GBK-016,GBK,부부갈등,3,3,0,0
CNS-GBK-01525,CTR-GBK-016,GBK,부모-자녀 갈등,3,3,0,0
CNS-GBK-01525,CTR-GBK-016,GBK,기타 가족관계,3,3,0,0
CNS-GBK-01525,CTR-GBK-016,GBK,이혼 전후,1,1,0,0
CNS-GBK-01526,CTR-GBK-016,GBK,부부갈등,3,2,1,0
CNS-GBK-01526,CTR-GBK-016,GBK,부모-자녀 갈등,2,2,0,0
CNS-GBK-01526,CTR-GBK-016,GBK,기타 가족관계,3,2,1,0
CNS-GBK-01527,CTR-GBK-017,GBK,부부갈등,5,4,1,0
CNS-GBK-01527,CTR-GBK-017,GBK,부모-자녀 갈등,3,3,0,0
CNS-GBK-01527,CTR-GBK-017,GBK,기타 가족관계,4,3,1,0
CNS-GBK-01527,CTR-GBK-017,GBK,이혼 전후,1,1,0,0
CNS-GBK-01528,CTR-GBK-017,GBK,부부갈등,4,3,1,0
CNS-GBK-01528,CTR-GBK-017,GBK,부모-자녀 갈등,3,2,1,0
CNS-GBK-01528,CTR-GBK-017,GBK,기타 가족관계,4,3,1,0
CNS-GBK-01528,CTR-GBK-017,GBK,이혼 전후,1,1,0,0
CNS-GBK-01529,CTR-GBK-017,GBK,부부갈등,3,2,1,0
CNS-GBK-01529,CTR-GBK-017,GBK,부모-자녀 갈등,2,2,0,0
CNS-GBK-01529,CTR-GBK-017,GBK,기타 가족관계,3,2,1,0
CNS-GBK-01529,CTR-GBK-017,GBK,이혼 전후,1,1,0,0
CNS-GBK-01530,CTR-GBK-017,GBK,부부갈등,2,2,0,0
CNS-GBK-01530,CTR-GBK-017,GBK,부모-자녀 갈등,2,2,0,0
CNS-GBK-01530,CTR-GBK-017,GBK,기타 가족관계,2,1,1,0
CNS-GBK-01531,CTR-GBK-017,GBK,부부갈등,2,2,0,0
CNS-GBK-01531,CTR-GBK-017,GBK,부모-자녀 갈등,2,2,0,0
CNS-GBK-01531,CTR-GBK-017,GBK,기타 가족관계,2,2,0,0
CNS-GBK-01532,CTR-GBK-017,GBK,부부갈등,1,1,0,0
CNS-GBK-01532,CTR-GBK-017,GBK,부모-자녀 갈등,1,1,0,0
CNS-GBK-01532,CTR-GBK-017,GBK,기타 가족관계,1,1,0,0
CNS-GBK-01533,CTR-GBK-017,GBK,부부갈등,3,2,1,0
CNS-GBK-01533,CTR-GBK-017,GBK,부모-자녀 갈등,2,1,1,0
CNS-GBK-01533,CTR-GBK-017,GBK,기타 가족관계,3,2,1,0
CNS-GBK-01534,CTR-GBK-018,GBK,부부갈등,4,3,1,0
CNS-GBK-01534,CTR-GBK-018,GBK,부모-자녀 갈등,3,2,1,0
CNS-GBK-01534,CTR-GBK-018,GBK,기타 가족관계,4,3,1,0
CNS-GBK-01535,CTR-GBK-018,GBK,부부갈등,2,2,0,0
CNS-GBK-01535,CTR-GBK-018,GBK,부모-자녀 갈등,1,1,0,0
CNS-GBK-01535,CTR-GBK-018,GBK,기타 가족관계,1,1,0,0
CNS-GBK-01536,CTR-GBK-018,GBK,부부갈등,2,2,0,0
CNS-GBK-01536,CTR-GBK-018,GBK,부모-자녀 갈등,1,1,0,0
CNS-GBK-01536,CTR-GBK-018,GBK,기타 가족관계,2,2,0,0
CNS-GBK-01537,CTR-GBK-018,GBK,부부갈등,3,3,0,0
CNS-GBK-01537,CTR-GBK-018,GBK,부모-자녀 갈등,2,2,0,0
CNS-GBK-01537,CTR-GBK-018,GBK,기타 가족관계,3,2,1,0
CNS-GBK-01538,CTR-GBK-018,GBK,부부갈등,2,2,0,0
CNS-GBK-01538,CTR-GBK-018,GBK,부모-자녀 갈등,1,1,0,0
CNS-GBK-01538,CTR-GBK-018,GBK,기타 가족관계,2,2,0,0
CNS-GBK-01539,CTR-GBK-019,GBK,부부갈등,4,3,1,0
CNS-GBK-01539,CTR-GBK-019,GBK,부모-자녀 갈등,3,2,1,0
CNS-GBK-01539,CTR-GBK-019,GBK,기타 가족관계,4,3,1,0
CNS-GBK-01539,CTR-GBK-019,GBK,이혼 전후,1,1,0,0
CNS-GBK-01540,CTR-GBK-019,GBK,부부갈등,4,3,1,0
CNS-GBK-01540,CTR-GBK-019,GBK,부모-자녀 갈등,3,3,0,0
CNS-GBK-01540,CTR-GBK-019,GBK,기타 가족관계,4,3,1,0
CNS-GBK-01541,CTR-GBK-019,GBK,부부갈등,2,2,0,0
CNS-GBK-01541,CTR-GBK-019,GBK,부모-자녀 갈등,2,2,0,0
CNS-GBK-01541,CTR-GBK-019,GBK,기타 가족관계,2,2,0,0
CNS-GBK-01542,CTR-GBK-019,GBK,부부갈등,2,2,0,0
CNS-GBK-01542,CTR-GBK-019,GBK,부모-자녀 갈등,1,1,0,0
CNS-GBK-01542,CTR-GBK-019,GBK,기타 가족관계,2,2,0,0
CNS-GBK-01543,CTR-GBK-019,GBK,부부갈등,1,1,0,0
CNS-GBK-01543,CTR-GBK-019,GBK,부모-자녀 갈등,1,1,0,0
CNS-GBK-01543,CTR-GBK-019,GBK,기타 가족관계,1,1,0,0
CNS-GBK-01544,CTR-GBK-019,GBK,부부갈등,3,2,1,0
CNS-GBK-01544,CTR-GBK-019,GBK,부모-자녀 갈등,2,2,0,0
CNS-GBK-01544,CTR-GBK-019,GBK,기타 가족관계,3,3,0,0
CNS-GBK-01544,CTR-GBK-019,GBK,이혼 전후,1,1,0,0
CNS-GBK-01545,CTR-GBK-019,GBK,부부갈등,3,2,1,0
CNS-GBK-01545,CTR-GBK-019,GBK,부모-자녀 갈등,2,2,0,0
CNS-GBK-01545,CTR-GBK-019,GBK,기타 가족관계,3,2,1,0
CNS-GBK-01545,CTR-GBK-019,GBK,이혼 전후,1,1,0,0
CNS-GBK-01546,CTR-GBK-020,GBK,부부갈등,5,4,1,0
CNS-GBK-01546,CTR-GBK-020,GBK,부모-자녀 갈등,3,2,1,0
CNS-GBK-01546,CTR-GBK-020,GBK,기타 가족관계,4,3,1,0
CNS-GBK-01546,CTR-GBK-020,GBK,이혼 전후,1,1,0,0
CNS-GBK-01547,CTR-GBK-020,GBK,부부갈등,3,3,0,0
CNS-GBK-01547,CTR-GBK-020,GBK,부모-자녀 갈등,2,2,0,0
CNS-GBK-01547,CTR-GBK-020,GBK,기타 가족관계,3,3,0,0
CNS-GBK-01547,CTR-GBK-020,GBK,이혼 전후,1,1,0,0
CNS-GBK-01548,CTR-GBK-020,GBK,부부갈등,2,2,0,0
CNS-GBK-01548,CTR-GBK-020,GBK,부모-자녀 갈등,2,2,0,0
CNS-GBK-01548,CTR-GBK-020,GBK,기타 가족관계,2,2,0,0
CNS-GBK-01549,CTR-GBK-020,GBK,부부갈등,3,3,0,0
CNS-GBK-01549,CTR-GBK-020,GBK,부모-자녀 갈등,2,2,0,0
CNS-GBK-01549,CTR-GBK-020,GBK,기타 가족관계,2,2,0,0
CNS-GBK-01550,CTR-GBK-020,GBK,부부갈등,3,2,1,0
CNS-GBK-01550,CTR-GBK-020,GBK,부모-자녀 갈등,2,2,0,0
CNS-GBK-01550,CTR-GBK-020,GBK,기타 가족관계,3,3,0,0
CNS-GBK-01550,CTR-GBK-020,GBK,이혼 전후,1,1,0,0
CNS-GBK-01551,CTR-GBK-020,GBK,부부갈등,3,3,0,0
CNS-GBK-01551,CTR-GBK-020,GBK,부모-자녀 갈등,2,2,0,0
CNS-GBK-01551,CTR-GBK-020,GBK,기타 가족관계,2,2,0,0
CNS-GBK-01552,CTR-GBK-020,GBK,부부갈등,3,2,1,0
CNS-GBK-01552,CTR-GBK-020,GBK,부모-자녀 갈등,3,2,1,0
CNS-GBK-01552,CTR-GBK-020,GBK,기타 가족관계,3,2,1,0
CNS-GBK-01552,CTR-GBK-020,GBK,이혼 전후,1,1,0,0
CNS-GBK-01553,CTR-GBK-021,GBK,부부갈등,3,2,1,0
CNS-GBK-01553,CTR-GBK-021,GBK,부모-자녀 갈등,2,2,0,0
CNS-GBK-01553,CTR-GBK-021,GBK,기타 가족관계,3,2,1,0
CNS-GBK-01553,CTR-GBK-021,GBK,이혼 전후,1,1,0,0
CNS-GBK-01554,CTR-GBK-021,GBK,부부갈등,2,2,0,0
CNS-GBK-01554,CTR-GBK-021,GBK,부모-자녀 갈등,1,1,0,0
CNS-GBK-01554,CTR-GBK-021,GBK,기타 가족관계,2,2,0,0
CNS-GBK-01555,CTR-GBK-021,GBK,부부갈등,3,2,1,0
CNS-GBK-01555,CTR-GBK-021,GBK,부모-자녀 갈등,2,2,0,0
CNS-GBK-01555,CTR-GBK-021,GBK,기타 가족관계,2,2,0,0
CNS-GBK-01556,CTR-GBK-021,GBK,부부갈등,3,3,0,0
CNS-GBK-01556,CTR-GBK-021,GBK,부모-자녀 갈등,2,2,0,0
CNS-GBK-01556,CTR-GBK-021,GBK,기타 가족관계,2,2,0,0
CNS-GBK-01557,CTR-GBK-021,GBK,부부갈등,3,2,1,0
CNS-GBK-01557,CTR-GBK-021,GBK,부모-자녀 갈등,2,2,0,0
CNS-GBK-01557,CTR-GBK-021,GBK,기타 가족관계,3,3,0,0
CNS-GBK-01557,CTR-GBK-021,GBK,이혼 전후,1,1,0,0
CNS-GBK-01558,CTR-GBK-022,GBK,부부갈등,5,4,1,0
CNS-GBK-01558,CTR-GBK-022,GBK,부모-자녀 갈등,4,3,1,0
CNS-GBK-01558,CTR-GBK-022,GBK,기타 가족관계,4,3,1,0
CNS-GBK-01558,CTR-GBK-022,GBK,이혼 전후,1,1,0,0
CNS-GBK-01559,CTR-GBK-022,GBK,부부갈등,5,4,1,0
CNS-GBK-01559,CTR-GBK-022,GBK,부모-자녀 갈등,3,2,1,0
CNS-GBK-01559,CTR-GBK-022,GBK,기타 가족관계,4,3,1,0
CNS-GBK-01559,CTR-GBK-022,GBK,이혼 전후,1,1,0,0
CNS-GBK-01560,CTR-GBK-022,GBK,부부갈등,3,2,1,0
CNS-GBK-01560,CTR-GBK-022,GBK,부모-자녀 갈등,2,2,0,0
CNS-GBK-01560,CTR-GBK-022,GBK,기타 가족관계,2,1,1,0
CNS-GBK-01561,CTR-GBK-022,GBK,부부갈등,2,2,0,0
CNS-GBK-01561,CTR-GBK-022,GBK,부모-자녀 갈등,1,1,0,0
CNS-GBK-01561,CTR-GBK-022,GBK,기타 가족관계,2,2,0,0
CNS-GBK-01562,CTR-GBK-022,GBK,부부갈등,3,3,0,0
CNS-GBK-01562,CTR-GBK-022,GBK,부모-자녀 갈등,3,3,0,0
CNS-GBK-01562,CTR-GBK-022,GBK,기타 가족관계,3,3,0,0
CNS-GBK-01562,CTR-GBK-022,GBK,이혼 전후,1,1,0,0
CNS-GBK-01563,CTR-GBK-022,GBK,부부갈등,3,3,0,0
CNS-GBK-01563,CTR-GBK-022,GBK,부모-자녀 갈등,2,2,0,0
CNS-GBK-01563,CTR-GBK-022,GBK,기타 가족관계,3,2,1,0
CNS-GBK-01563,CTR-GBK-022,GBK,이혼 전후,1,1,0,0
CNS-GBK-01564,CTR-GBK-022,GBK,부부갈등,2,2,0,0
CNS-GBK-01564,CTR-GBK-022,GBK,부모-자녀 갈등,2,2,0,0
CNS-GBK-01564,CTR-GBK-022,GBK,기타 가족관계,2,2,0,0
CNS-GNM-01565,CTR-GNM-001,GNM,부부갈등,4,3,1,0
CNS-GNM-01565,CTR-GNM-001,GNM,부모-자녀 갈등,3,2,1,0
CNS-GNM-01565,CTR-GNM-001,GNM,기타 가족관계,4,4,0,0
CNS-GNM-01566,CTR-GNM-001,GNM,부부갈등,2,2,0,0
CNS-GNM-01566,CTR-GNM-001,GNM,부모-자녀 갈등,1,1,0,0
CNS-GNM-01566,CTR-GNM-001,GNM,기타 가족관계,2,2,0,0
CNS-GNM-01567,CTR-GNM-001,GNM,부부갈등,3,2,1,0
CNS-GNM-01567,CTR-GNM-001,GNM,부모-자녀 갈등,2,2,0,0
CNS-GNM-01567,CTR-GNM-001,GNM,기타 가족관계,3,2,1,0
CNS-GNM-01568,CTR-GNM-001,GNM,부부갈등,3,2,1,0
CNS-GNM-01568,CTR-GNM-001,GNM,부모-자녀 갈등,2,2,0,0
CNS-GNM-01568,CTR-GNM-001,GNM,기타 가족관계,2,2,0,0
CNS-GNM-01569,CTR-GNM-001,GNM,부부갈등,3,3,0,0
CNS-GNM-01569,CTR-GNM-001,GNM,부모-자녀 갈등,2,2,0,0
CNS-GNM-01569,CTR-GNM-001,GNM,기타 가족관계,2,2,0,0
CNS-GNM-01570,CTR-GNM-002,GNM,부부갈등,4,3,1,0
CNS-GNM-01570,CTR-GNM-002,GNM,부모-자녀 갈등,3,3,0,0
CNS-GNM-01570,CTR-GNM-002,GNM,기타 가족관계,4,3,1,0
CNS-GNM-01570,CTR-GNM-002,GNM,이혼 전후,1,1,0,0
CNS-GNM-01571,CTR-GNM-002,GNM,부부갈등,3,2,1,0
CNS-GNM-01571,CTR-GNM-002,GNM,부모-자녀 갈등,3,2,1,0
CNS-GNM-01571,CTR-GNM-002,GNM,기타 가족관계,3,3,0,0
CNS-GNM-01571,CTR-GNM-002,GNM,이혼 전후,1,1,0,0
CNS-GNM-01572,CTR-GNM-002,GNM,부부갈등,2,2,0,0
CNS-GNM-01572,CTR-GNM-002,GNM,부모-자녀 갈등,2,2,0,0
CNS-GNM-01572,CTR-GNM-002,GNM,기타 가족관계,2,2,0,0
CNS-GNM-01573,CTR-GNM-002,GNM,부부갈등,3,2,1,0
CNS-GNM-01573,CTR-GNM-002,GNM,부모-자녀 갈등,2,2,0,0
CNS-GNM-01573,CTR-GNM-002,GNM,기타 가족관계,3,3,0,0
CNS-GNM-01573,CTR-GNM-002,GNM,이혼 전후,1,1,0,0
CNS-GNM-01574,CTR-GNM-002,GNM,부부갈등,2,2,0,0
CNS-GNM-01574,CTR-GNM-002,GNM,부모-자녀 갈등,1,1,0,0
CNS-GNM-01574,CTR-GNM-002,GNM,기타 가족관계,2,2,0,0
CNS-GNM-01575,CTR-GNM-003,GNM,부부갈등,4,3,1,0
CNS-GNM-01575,CTR-GNM-003,GNM,부모-자녀 갈등,3,2,1,0
CNS-GNM-01575,CTR-GNM-003,GNM,기타 가족관계,4,3,1,0
CNS-GNM-01575,CTR-GNM-003,GNM,이혼 전후,1,1,0,0
CNS-GNM-01576,CTR-GNM-003,GNM,부부갈등,5,4,1,0
CNS-GNM-01576,CTR-GNM-003,GNM,부모-자녀 갈등,4,3,1,0
CNS-GNM-01576,CTR-GNM-003,GNM,기타 가족관계,5,4,1,0
CNS-GNM-01576,CTR-GNM-003,GNM,이혼 전후,1,1,0,0
CNS-GNM-01577,CTR-GNM-003,GNM,부부갈등,3,2,1,0
CNS-GNM-01577,CTR-GNM-003,GNM,부모-자녀 갈등,2,1,1,0
CNS-GNM-01577,CTR-GNM-003,GNM,기타 가족관계,2,2,0,0
CNS-GNM-01578,CTR-GNM-003,GNM,부부갈등,3,2,1,0
CNS-GNM-01578,CTR-GNM-003,GNM,부모-자녀 갈등,2,2,0,0
CNS-GNM-01578,CTR-GNM-003,GNM,기타 가족관계,3,2,1,0
CNS-GNM-01578,CTR-GNM-003,GNM,이혼 전후,1,1,0,0
CNS-GNM-01579,CTR-GNM-003,GNM,부부갈등,3,2,1,0
CNS-GNM-01579,CTR-GNM-003,GNM,부모-자녀 갈등,2,2,0,0
CNS-GNM-01579,CTR-GNM-003,GNM,기타 가족관계,3,3,0,0
CNS-GNM-01580,CTR-GNM-003,GNM,부부갈등,2,2,0,0
CNS-GNM-01580,CTR-GNM-003,GNM,부모-자녀 갈등,1,1,0,0
CNS-GNM-01580,CTR-GNM-003,GNM,기타 가족관계,2,2,0,0
CNS-GNM-01581,CTR-GNM-003,GNM,부부갈등,2,2,0,0
CNS-GNM-01581,CTR-GNM-003,GNM,부모-자녀 갈등,1,1,0,0
CNS-GNM-01581,CTR-GNM-003,GNM,기타 가족관계,1,1,0,0
CNS-GNM-01582,CTR-GNM-004,GNM,부부갈등,5,4,1,0
CNS-GNM-01582,CTR-GNM-004,GNM,부모-자녀 갈등,3,2,1,0
CNS-GNM-01582,CTR-GNM-004,GNM,기타 가족관계,4,3,1,0
CNS-GNM-01582,CTR-GNM-004,GNM,이혼 전후,1,1,0,0
CNS-GNM-01583,CTR-GNM-004,GNM,부부갈등,2,2,0,0
CNS-GNM-01583,CTR-GNM-004,GNM,부모-자녀 갈등,1,1,0,0
CNS-GNM-01583,CTR-GNM-004,GNM,기타 가족관계,2,2,0,0
CNS-GNM-01584,CTR-GNM-004,GNM,부부갈등,3,2,1,0
CNS-GNM-01584,CTR-GNM-004,GNM,부모-자녀 갈등,2,1,1,0
CNS-GNM-01584,CTR-GNM-004,GNM,기타 가족관계,3,2,1,0
CNS-GNM-01585,CTR-GNM-004,GNM,부부갈등,2,2,0,0
CNS-GNM-01585,CTR-GNM-004,GNM,부모-자녀 갈등,2,1,1,0
CNS-GNM-01585,CTR-GNM-004,GNM,기타 가족관계,2,2,0,0
CNS-GNM-01586,CTR-GNM-004,GNM,부부갈등,3,2,1,0
CNS-GNM-01586,CTR-GNM-004,GNM,부모-자녀 갈등,3,3,0,0
CNS-GNM-01586,CTR-GNM-004,GNM,기타 가족관계,3,3,0,0
CNS-GNM-01586,CTR-GNM-004,GNM,이혼 전후,1,1,0,0
CNS-GNM-01587,CTR-GNM-005,GNM,부부갈등,3,2,1,0
CNS-GNM-01587,CTR-GNM-005,GNM,부모-자녀 갈등,3,2,1,0
CNS-GNM-01587,CTR-GNM-005,GNM,기타 가족관계,3,3,0,0
CNS-GNM-01587,CTR-GNM-005,GNM,이혼 전후,1,1,0,0
CNS-GNM-01588,CTR-GNM-005,GNM,부부갈등,5,4,1,0
CNS-GNM-01588,CTR-GNM-005,GNM,부모-자녀 갈등,4,3,1,0
CNS-GNM-01588,CTR-GNM-005,GNM,기타 가족관계,5,4,1,0
CNS-GNM-01588,CTR-GNM-005,GNM,이혼 전후,1,1,0,0
CNS-GNM-01589,CTR-GNM-005,GNM,부부갈등,2,2,0,0
CNS-GNM-01589,CTR-GNM-005,GNM,부모-자녀 갈등,2,2,0,0
CNS-GNM-01589,CTR-GNM-005,GNM,기타 가족관계,2,2,0,0
CNS-GNM-01590,CTR-GNM-005,GNM,부부갈등,3,2,1,0
CNS-GNM-01590,CTR-GNM-005,GNM,부모-자녀 갈등,2,2,0,0
CNS-GNM-01590,CTR-GNM-005,GNM,기타 가족관계,3,2,1,0
CNS-GNM-01591,CTR-GNM-005,GNM,부부갈등,4,3,1,0
CNS-GNM-01591,CTR-GNM-005,GNM,부모-자녀 갈등,3,2,1,0
CNS-GNM-01591,CTR-GNM-005,GNM,기타 가족관계,4,3,1,0
CNS-GNM-01592,CTR-GNM-005,GNM,부부갈등,3,2,1,0
CNS-GNM-01592,CTR-GNM-005,GNM,부모-자녀 갈등,2,2,0,0
CNS-GNM-01592,CTR-GNM-005,GNM,기타 가족관계,3,2,1,0
CNS-GNM-01593,CTR-GNM-005,GNM,부부갈등,2,2,0,0
CNS-GNM-01593,CTR-GNM-005,GNM,부모-자녀 갈등,2,2,0,0
CNS-GNM-01593,CTR-GNM-005,GNM,기타 가족관계,2,2,0,0
CNS-GNM-01594,CTR-GNM-005,GNM,부부갈등,3,2,1,0
CNS-GNM-01594,CTR-GNM-005,GNM,부모-자녀 갈등,3,2,1,0
CNS-GNM-01594,CTR-GNM-005,GNM,기타 가족관계,3,3,0,0
CNS-GNM-01594,CTR-GNM-005,GNM,이혼 전후,1,1,0,0
CNS-GNM-01595,CTR-GNM-006,GNM,부부갈등,4,3,1,0
CNS-GNM-01595,CTR-GNM-006,GNM,부모-자녀 갈등,3,2,1,0
CNS-GNM-01595,CTR-GNM-006,GNM,기타 가족관계,4,3,1,0
CNS-GNM-01595,CTR-GNM-006,GNM,이혼 전후,1,1,0,0
CNS-GNM-01596,CTR-GNM-006,GNM,부부갈등,2,2,0,0
CNS-GNM-01596,CTR-GNM-006,GNM,부모-자녀 갈등,2,2,0,0
CNS-GNM-01596,CTR-GNM-006,GNM,기타 가족관계,2,2,0,0
CNS-GNM-01597,CTR-GNM-006,GNM,부부갈등,4,3,1,0
CNS-GNM-01597,CTR-GNM-006,GNM,부모-자녀 갈등,3,2,1,0
CNS-GNM-01597,CTR-GNM-006,GNM,기타 가족관계,4,3,1,0
CNS-GNM-01598,CTR-GNM-006,GNM,부부갈등,2,2,0,0
CNS-GNM-01598,CTR-GNM-006,GNM,부모-자녀 갈등,2,2,0,0
CNS-GNM-01598,CTR-GNM-006,GNM,기타 가족관계,2,2,0,0
CNS-GNM-01599,CTR-GNM-006,GNM,부부갈등,3,3,0,0
CNS-GNM-01599,CTR-GNM-006,GNM,부모-자녀 갈등,2,2,0,0
CNS-GNM-01599,CTR-GNM-006,GNM,기타 가족관계,3,2,1,0
CNS-GNM-01599,CTR-GNM-006,GNM,이혼 전후,1,1,0,0
CNS-GNM-01600,CTR-GNM-007,GNM,부부갈등,5,4,1,0
CNS-GNM-01600,CTR-GNM-007,GNM,부모-자녀 갈등,4,3,1,0
CNS-GNM-01600,CTR-GNM-007,GNM,기타 가족관계,5,4,1,0
CNS-GNM-01600,CTR-GNM-007,GNM,이혼 전후,1,1,0,0
CNS-GNM-01601,CTR-GNM-007,GNM,부부갈등,3,2,1,0
CNS-GNM-01601,CTR-GNM-007,GNM,부모-자녀 갈등,2,2,0,0
CNS-GNM-01601,CTR-GNM-007,GNM,기타 가족관계,3,2,1,0
CNS-GNM-01602,CTR-GNM-007,GNM,부부갈등,3,3,0,0
CNS-GNM-01602,CTR-GNM-007,GNM,부모-자녀 갈등,2,2,0,0
CNS-GNM-01602,CTR-GNM-007,GNM,기타 가족관계,3,3,0,0
CNS-GNM-01602,CTR-GNM-007,GNM,이혼 전후,1,1,0,0
CNS-GNM-01603,CTR-GNM-007,GNM,부부갈등,3,2,1,0
CNS-GNM-01603,CTR-GNM-007,GNM,부모-자녀 갈등,2,2,0,0
CNS-GNM-01603,CTR-GNM-007,GNM,기타 가족관계,2,1,1,0
CNS-GNM-01604,CTR-GNM-007,GNM,부부갈등,2,2,0,0
CNS-GNM-01604,CTR-GNM-007,GNM,부모-자녀 갈등,1,1,0,0
CNS-GNM-01604,CTR-GNM-007,GNM,기타 가족관계,1,1,0,0
CNS-GNM-01605,CTR-GNM-007,GNM,부부갈등,2,2,0,0
CNS-GNM-01605,CTR-GNM-007,GNM,부모-자녀 갈등,1,1,0,0
CNS-GNM-01605,CTR-GNM-007,GNM,기타 가족관계,1,1,0,0
CNS-GNM-01606,CTR-GNM-008,GNM,부부갈등,3,3,0,0
CNS-GNM-01606,CTR-GNM-008,GNM,부모-자녀 갈등,2,2,0,0
CNS-GNM-01606,CTR-GNM-008,GNM,기타 가족관계,3,2,1,0
CNS-GNM-01606,CTR-GNM-008,GNM,이혼 전후,1,1,0,0
CNS-GNM-01607,CTR-GNM-008,GNM,부부갈등,5,4,1,0
CNS-GNM-01607,CTR-GNM-008,GNM,부모-자녀 갈등,3,2,1,0
CNS-GNM-01607,CTR-GNM-008,GNM,기타 가족관계,4,3,1,0
CNS-GNM-01607,CTR-GNM-008,GNM,이혼 전후,1,1,0,0
CNS-GNM-01608,CTR-GNM-008,GNM,부부갈등,3,2,1,0
CNS-GNM-01608,CTR-GNM-008,GNM,부모-자녀 갈등,2,2,0,0
CNS-GNM-01608,CTR-GNM-008,GNM,기타 가족관계,3,3,0,0
CNS-GNM-01608,CTR-GNM-008,GNM,이혼 전후,1,1,0,0
CNS-GNM-01609,CTR-GNM-008,GNM,부부갈등,3,2,1,0
CNS-GNM-01609,CTR-GNM-008,GNM,부모-자녀 갈등,2,2,0,0
CNS-GNM-01609,CTR-GNM-008,GNM,기타 가족관계,2,2,0,0
CNS-GNM-01610,CTR-GNM-008,GNM,부부갈등,3,3,0,0
CNS-GNM-01610,CTR-GNM-008,GNM,부모-자녀 갈등,2,2,0,0
CNS-GNM-01610,CTR-GNM-008,GNM,기타 가족관계,2,2,0,0
CNS-GNM-01611,CTR-GNM-008,GNM,부부갈등,3,2,1,0
CNS-GNM-01611,CTR-GNM-008,GNM,부모-자녀 갈등,2,2,0,0
CNS-GNM-01611,CTR-GNM-008,GNM,기타 가족관계,2,2,0,0
CNS-GNM-01612,CTR-GNM-008,GNM,부부갈등,3,3,0,0
CNS-GNM-01612,CTR-GNM-008,GNM,부모-자녀 갈등,3,2,1,0
CNS-GNM-01612,CTR-GNM-008,GNM,기타 가족관계,3,3,0,0
CNS-GNM-01612,CTR-GNM-008,GNM,이혼 전후,1,1,0,0
CNS-GNM-01613,CTR-GNM-009,GNM,부부갈등,4,3,1,0
CNS-GNM-01613,CTR-GNM-009,GNM,부모-자녀 갈등,3,3,0,0
CNS-GNM-01613,CTR-GNM-009,GNM,기타 가족관계,4,3,1,0
CNS-GNM-01614,CTR-GNM-009,GNM,부부갈등,3,2,1,0
CNS-GNM-01614,CTR-GNM-009,GNM,부모-자녀 갈등,3,2,1,0
CNS-GNM-01614,CTR-GNM-009,GNM,기타 가족관계,3,2,1,0
CNS-GNM-01614,CTR-GNM-009,GNM,이혼 전후,1,1,0,0
CNS-GNM-01615,CTR-GNM-009,GNM,부부갈등,3,3,0,0
CNS-GNM-01615,CTR-GNM-009,GNM,부모-자녀 갈등,2,2,0,0
CNS-GNM-01615,CTR-GNM-009,GNM,기타 가족관계,2,2,0,0
CNS-GNM-01616,CTR-GNM-009,GNM,부부갈등,2,2,0,0
CNS-GNM-01616,CTR-GNM-009,GNM,부모-자녀 갈등,1,1,0,0
CNS-GNM-01616,CTR-GNM-009,GNM,기타 가족관계,2,2,0,0
CNS-GNM-01617,CTR-GNM-009,GNM,부부갈등,3,2,1,0
CNS-GNM-01617,CTR-GNM-009,GNM,부모-자녀 갈등,2,2,0,0
CNS-GNM-01617,CTR-GNM-009,GNM,기타 가족관계,3,3,0,0
CNS-GNM-01618,CTR-GNM-010,GNM,부부갈등,5,4,1,0
CNS-GNM-01618,CTR-GNM-010,GNM,부모-자녀 갈등,3,2,1,0
CNS-GNM-01618,CTR-GNM-010,GNM,기타 가족관계,4,3,1,0
CNS-GNM-01618,CTR-GNM-010,GNM,이혼 전후,1,1,0,0
CNS-GNM-01619,CTR-GNM-010,GNM,부부갈등,2,2,0,0
CNS-GNM-01619,CTR-GNM-010,GNM,부모-자녀 갈등,2,2,0,0
CNS-GNM-01619,CTR-GNM-010,GNM,기타 가족관계,2,2,0,0
CNS-GNM-01620,CTR-GNM-010,GNM,부부갈등,3,2,1,0
CNS-GNM-01620,CTR-GNM-010,GNM,부모-자녀 갈등,2,2,0,0
CNS-GNM-01620,CTR-GNM-010,GNM,기타 가족관계,3,2,1,0
CNS-GNM-01620,CTR-GNM-010,GNM,이혼 전후,1,1,0,0
CNS-GNM-01621,CTR-GNM-010,GNM,부부갈등,3,2,1,0
CNS-GNM-01621,CTR-GNM-010,GNM,부모-자녀 갈등,2,2,0,0
CNS-GNM-01621,CTR-GNM-010,GNM,기타 가족관계,3,3,0,0
CNS-GNM-01621,CTR-GNM-010,GNM,이혼 전후,1,1,0,0
CNS-GNM-01622,CTR-GNM-010,GNM,부부갈등,3,2,1,0
CNS-GNM-01622,CTR-GNM-010,GNM,부모-자녀 갈등,2,2,0,0
CNS-GNM-01622,CTR-GNM-010,GNM,기타 가족관계,2,2,0,0
CNS-GNM-01623,CTR-GNM-011,GNM,부부갈등,4,3,1,0
CNS-GNM-01623,CTR-GNM-011,GNM,부모-자녀 갈등,3,2,1,0
CNS-GNM-01623,CTR-GNM-011,GNM,기타 가족관계,4,3,1,0
CNS-GNM-01623,CTR-GNM-011,GNM,이혼 전후,1,1,0,0
CNS-GNM-01624,CTR-GNM-011,GNM,부부갈등,5,4,1,0
CNS-GNM-01624,CTR-GNM-011,GNM,부모-자녀 갈등,3,2,1,0
CNS-GNM-01624,CTR-GNM-011,GNM,기타 가족관계,4,3,1,0
CNS-GNM-01624,CTR-GNM-011,GNM,이혼 전후,1,1,0,0
CNS-GNM-01625,CTR-GNM-011,GNM,부부갈등,3,2,1,0
CNS-GNM-01625,CTR-GNM-011,GNM,부모-자녀 갈등,2,2,0,0
CNS-GNM-01625,CTR-GNM-011,GNM,기타 가족관계,3,2,1,0
CNS-GNM-01625,CTR-GNM-011,GNM,이혼 전후,1,1,0,0
CNS-GNM-01626,CTR-GNM-011,GNM,부부갈등,3,3,0,0
CNS-GNM-01626,CTR-GNM-011,GNM,부모-자녀 갈등,2,2,0,0
CNS-GNM-01626,CTR-GNM-011,GNM,기타 가족관계,3,2,1,0
CNS-GNM-01626,CTR-GNM-011,GNM,이혼 전후,1,1,0,0
CNS-GNM-01627,CTR-GNM-011,GNM,부부갈등,3,2,1,0
CNS-GNM-01627,CTR-GNM-011,GNM,부모-자녀 갈등,2,2,0,0
CNS-GNM-01627,CTR-GNM-011,GNM,기타 가족관계,3,3,0,0
CNS-GNM-01628,CTR-GNM-011,GNM,부부갈등,3,3,0,0
CNS-GNM-01628,CTR-GNM-011,GNM,부모-자녀 갈등,2,2,0,0
CNS-GNM-01628,CTR-GNM-011,GNM,기타 가족관계,3,2,1,0
CNS-GNM-01628,CTR-GNM-011,GNM,이혼 전후,1,1,0,0
CNS-GNM-01629,CTR-GNM-011,GNM,부부갈등,3,2,1,0
CNS-GNM-01629,CTR-GNM-011,GNM,부모-자녀 갈등,2,2,0,0
CNS-GNM-01629,CTR-GNM-011,GNM,기타 가족관계,2,2,0,0
CNS-GNM-01630,CTR-GNM-012,GNM,부부갈등,3,2,1,0
CNS-GNM-01630,CTR-GNM-012,GNM,부모-자녀 갈등,3,2,1,0
CNS-GNM-01630,CTR-GNM-012,GNM,기타 가족관계,3,2,1,0
CNS-GNM-01630,CTR-GNM-012,GNM,이혼 전후,1,1,0,0
CNS-GNM-01631,CTR-GNM-012,GNM,부부갈등,4,3,1,0
CNS-GNM-01631,CTR-GNM-012,GNM,부모-자녀 갈등,3,3,0,0
CNS-GNM-01631,CTR-GNM-012,GNM,기타 가족관계,4,3,1,0
CNS-GNM-01632,CTR-GNM-012,GNM,부부갈등,2,2,0,0
CNS-GNM-01632,CTR-GNM-012,GNM,부모-자녀 갈등,2,2,0,0
CNS-GNM-01632,CTR-GNM-012,GNM,기타 가족관계,2,2,0,0
CNS-GNM-01633,CTR-GNM-012,GNM,부부갈등,4,3,1,0
CNS-GNM-01633,CTR-GNM-012,GNM,부모-자녀 갈등,3,2,1,0
CNS-GNM-01633,CTR-GNM-012,GNM,기타 가족관계,4,3,1,0
CNS-GNM-01634,CTR-GNM-012,GNM,부부갈등,3,2,1,0
CNS-GNM-01634,CTR-GNM-012,GNM,부모-자녀 갈등,2,2,0,0
CNS-GNM-01634,CTR-GNM-012,GNM,기타 가족관계,3,3,0,0
CNS-GNM-01635,CTR-GNM-012,GNM,부부갈등,3,3,0,0
CNS-GNM-01635,CTR-GNM-012,GNM,부모-자녀 갈등,2,1,1,0
CNS-GNM-01635,CTR-GNM-012,GNM,기타 가족관계,3,2,1,0
CNS-GNM-01636,CTR-GNM-012,GNM,부부갈등,3,3,0,0
CNS-GNM-01636,CTR-GNM-012,GNM,부모-자녀 갈등,2,2,0,0
CNS-GNM-01636,CTR-GNM-012,GNM,기타 가족관계,3,2,1,0
CNS-GNM-01636,CTR-GNM-012,GNM,이혼 전후,1,1,0,0
CNS-GNM-01637,CTR-GNM-013,GNM,부부갈등,4,3,1,0
CNS-GNM-01637,CTR-GNM-013,GNM,부모-자녀 갈등,3,2,1,0
CNS-GNM-01637,CTR-GNM-013,GNM,기타 가족관계,4,3,1,0
CNS-GNM-01637,CTR-GNM-013,GNM,이혼 전후,1,1,0,0
CNS-GNM-01638,CTR-GNM-013,GNM,부부갈등,3,2,1,0
CNS-GNM-01638,CTR-GNM-013,GNM,부모-자녀 갈등,2,2,0,0
CNS-GNM-01638,CTR-GNM-013,GNM,기타 가족관계,3,2,1,0
CNS-GNM-01638,CTR-GNM-013,GNM,이혼 전후,1,1,0,0
CNS-GNM-01639,CTR-GNM-013,GNM,부부갈등,3,3,0,0
CNS-GNM-01639,CTR-GNM-013,GNM,부모-자녀 갈등,2,2,0,0
CNS-GNM-01639,CTR-GNM-013,GNM,기타 가족관계,3,2,1,0
CNS-GNM-01639,CTR-GNM-013,GNM,이혼 전후,1,1,0,0
CNS-GNM-01640,CTR-GNM-013,GNM,부부갈등,3,2,1,0
CNS-GNM-01640,CTR-GNM-013,GNM,부모-자녀 갈등,2,2,0,0
CNS-GNM-01640,CTR-GNM-013,GNM,기타 가족관계,3,2,1,0
CNS-GNM-01641,CTR-GNM-013,GNM,부부갈등,2,2,0,0
CNS-GNM-01641,CTR-GNM-013,GNM,부모-자녀 갈등,1,1,0,0
CNS-GNM-01641,CTR-GNM-013,GNM,기타 가족관계,1,1,0,0
CNS-GNM-01642,CTR-GNM-013,GNM,부부갈등,3,3,0,0
CNS-GNM-01642,CTR-GNM-013,GNM,부모-자녀 갈등,2,2,0,0
CNS-GNM-01642,CTR-GNM-013,GNM,기타 가족관계,3,2,1,0
CNS-GNM-01642,CTR-GNM-013,GNM,이혼 전후,1,1,0,0
CNS-GNM-01643,CTR-GNM-013,GNM,부부갈등,3,2,1,0
CNS-GNM-01643,CTR-GNM-013,GNM,부모-자녀 갈등,2,2,0,0
CNS-GNM-01643,CTR-GNM-013,GNM,기타 가족관계,2,2,0,0
CNS-GNM-01644,CTR-GNM-014,GNM,부부갈등,4,3,1,0
CNS-GNM-01644,CTR-GNM-014,GNM,부모-자녀 갈등,3,3,0,0
CNS-GNM-01644,CTR-GNM-014,GNM,기타 가족관계,4,3,1,0
CNS-GNM-01644,CTR-GNM-014,GNM,이혼 전후,1,1,0,0
CNS-GNM-01645,CTR-GNM-014,GNM,부부갈등,4,3,1,0
CNS-GNM-01645,CTR-GNM-014,GNM,부모-자녀 갈등,3,3,0,0
CNS-GNM-01645,CTR-GNM-014,GNM,기타 가족관계,4,3,1,0
CNS-GNM-01646,CTR-GNM-014,GNM,부부갈등,1,1,0,0
CNS-GNM-01646,CTR-GNM-014,GNM,부모-자녀 갈등,1,1,0,0
CNS-GNM-01646,CTR-GNM-014,GNM,기타 가족관계,1,1,0,0
CNS-GNM-01647,CTR-GNM-014,GNM,부부갈등,2,2,0,0
CNS-GNM-01647,CTR-GNM-014,GNM,부모-자녀 갈등,2,2,0,0
CNS-GNM-01647,CTR-GNM-014,GNM,기타 가족관계,2,2,0,0
CNS-GNM-01648,CTR-GNM-014,GNM,부부갈등,3,2,1,0
CNS-GNM-01648,CTR-GNM-014,GNM,부모-자녀 갈등,2,2,0,0
CNS-GNM-01648,CTR-GNM-014,GNM,기타 가족관계,3,3,0,0
CNS-GNM-01648,CTR-GNM-014,GNM,이혼 전후,1,1,0,0
CNS-GNM-01649,CTR-GNM-014,GNM,부부갈등,3,2,1,0
CNS-GNM-01649,CTR-GNM-014,GNM,부모-자녀 갈등,3,3,0,0
CNS-GNM-01649,CTR-GNM-014,GNM,기타 가족관계,3,3,0,0
CNS-GNM-01649,CTR-GNM-014,GNM,이혼 전후,1,1,0,0
CNS-GNM-01650,CTR-GNM-014,GNM,부부갈등,1,1,0,0
CNS-GNM-01650,CTR-GNM-014,GNM,부모-자녀 갈등,1,1,0,0
CNS-GNM-01650,CTR-GNM-014,GNM,기타 가족관계,1,1,0,0
CNS-GNM-01651,CTR-GNM-015,GNM,부부갈등,3,3,0,0
CNS-GNM-01651,CTR-GNM-015,GNM,부모-자녀 갈등,2,2,0,0
CNS-GNM-01651,CTR-GNM-015,GNM,기타 가족관계,3,2,1,0
CNS-GNM-01651,CTR-GNM-015,GNM,이혼 전후,1,1,0,0
CNS-GNM-01652,CTR-GNM-015,GNM,부부갈등,2,1,1,0
CNS-GNM-01652,CTR-GNM-015,GNM,부모-자녀 갈등,1,1,0,0
CNS-GNM-01652,CTR-GNM-015,GNM,기타 가족관계,2,2,0,0
CNS-GNM-01653,CTR-GNM-015,GNM,부부갈등,4,3,1,0
CNS-GNM-01653,CTR-GNM-015,GNM,부모-자녀 갈등,3,2,1,0
CNS-GNM-01653,CTR-GNM-015,GNM,기타 가족관계,4,3,1,0
CNS-GNM-01654,CTR-GNM-015,GNM,부부갈등,2,2,0,0
CNS-GNM-01654,CTR-GNM-015,GNM,부모-자녀 갈등,1,1,0,0
CNS-GNM-01654,CTR-GNM-015,GNM,기타 가족관계,1,1,0,0
CNS-GNM-01655,CTR-GNM-015,GNM,부부갈등,2,2,0,0
CNS-GNM-01655,CTR-GNM-015,GNM,부모-자녀 갈등,2,2,0,0
CNS-GNM-01655,CTR-GNM-015,GNM,기타 가족관계,2,2,0,0
CNS-GNM-01656,CTR-GNM-015,GNM,부부갈등,1,1,0,0
CNS-GNM-01656,CTR-GNM-015,GNM,부모-자녀 갈등,1,1,0,0
CNS-GNM-01656,CTR-GNM-015,GNM,기타 가족관계,1,1,0,0
CNS-GNM-01657,CTR-GNM-016,GNM,부부갈등,4,3,1,0
CNS-GNM-01657,CTR-GNM-016,GNM,부모-자녀 갈등,3,2,1,0
CNS-GNM-01657,CTR-GNM-016,GNM,기타 가족관계,4,3,1,0
CNS-GNM-01657,CTR-GNM-016,GNM,이혼 전후,1,1,0,0
CNS-GNM-01658,CTR-GNM-016,GNM,부부갈등,5,4,1,0
CNS-GNM-01658,CTR-GNM-016,GNM,부모-자녀 갈등,4,3,1,0
CNS-GNM-01658,CTR-GNM-016,GNM,기타 가족관계,4,3,1,0
CNS-GNM-01658,CTR-GNM-016,GNM,이혼 전후,1,1,0,0
CNS-GNM-01659,CTR-GNM-016,GNM,부부갈등,3,2,1,0
CNS-GNM-01659,CTR-GNM-016,GNM,부모-자녀 갈등,2,2,0,0
CNS-GNM-01659,CTR-GNM-016,GNM,기타 가족관계,2,2,0,0
CNS-GNM-01660,CTR-GNM-016,GNM,부부갈등,2,2,0,0
CNS-GNM-01660,CTR-GNM-016,GNM,부모-자녀 갈등,2,2,0,0
CNS-GNM-01660,CTR-GNM-016,GNM,기타 가족관계,2,2,0,0
CNS-GNM-01661,CTR-GNM-016,GNM,부부갈등,2,2,0,0
CNS-GNM-01661,CTR-GNM-016,GNM,부모-자녀 갈등,1,1,0,0
CNS-GNM-01661,CTR-GNM-016,GNM,기타 가족관계,2,2,0,0
CNS-GNM-01662,CTR-GNM-016,GNM,부부갈등,5,4,1,0
CNS-GNM-01662,CTR-GNM-016,GNM,부모-자녀 갈등,4,3,1,0
CNS-GNM-01662,CTR-GNM-016,GNM,기타 가족관계,4,3,1,0
CNS-GNM-01662,CTR-GNM-016,GNM,이혼 전후,1,1,0,0
CNS-GNM-01663,CTR-GNM-016,GNM,부부갈등,4,3,1,0
CNS-GNM-01663,CTR-GNM-016,GNM,부모-자녀 갈등,3,2,1,0
CNS-GNM-01663,CTR-GNM-016,GNM,기타 가족관계,4,3,1,0
CNS-GNM-01663,CTR-GNM-016,GNM,이혼 전후,1,1,0,0
CNS-GNM-01664,CTR-GNM-017,GNM,부부갈등,5,4,1,0
CNS-GNM-01664,CTR-GNM-017,GNM,부모-자녀 갈등,3,3,0,0
CNS-GNM-01664,CTR-GNM-017,GNM,기타 가족관계,4,3,1,0
CNS-GNM-01664,CTR-GNM-017,GNM,이혼 전후,1,1,0,0
CNS-GNM-01665,CTR-GNM-017,GNM,부부갈등,2,2,0,0
CNS-GNM-01665,CTR-GNM-017,GNM,부모-자녀 갈등,1,1,0,0
CNS-GNM-01665,CTR-GNM-017,GNM,기타 가족관계,2,2,0,0
CNS-GNM-01666,CTR-GNM-017,GNM,부부갈등,3,2,1,0
CNS-GNM-01666,CTR-GNM-017,GNM,부모-자녀 갈등,2,2,0,0
CNS-GNM-01666,CTR-GNM-017,GNM,기타 가족관계,2,2,0,0
CNS-GNM-01667,CTR-GNM-017,GNM,부부갈등,3,3,0,0
CNS-GNM-01667,CTR-GNM-017,GNM,부모-자녀 갈등,2,2,0,0
CNS-GNM-01667,CTR-GNM-017,GNM,기타 가족관계,3,3,0,0
CNS-GNM-01668,CTR-GNM-017,GNM,부부갈등,3,2,1,0
CNS-GNM-01668,CTR-GNM-017,GNM,부모-자녀 갈등,2,2,0,0
CNS-GNM-01668,CTR-GNM-017,GNM,기타 가족관계,3,3,0,0
CNS-GNM-01668,CTR-GNM-017,GNM,이혼 전후,1,1,0,0
CNS-GNM-01669,CTR-GNM-017,GNM,부부갈등,3,2,1,0
CNS-GNM-01669,CTR-GNM-017,GNM,부모-자녀 갈등,2,2,0,0
CNS-GNM-01669,CTR-GNM-017,GNM,기타 가족관계,3,2,1,0
CNS-GNM-01670,CTR-GNM-018,GNM,부부갈등,5,4,1,0
CNS-GNM-01670,CTR-GNM-018,GNM,부모-자녀 갈등,3,3,0,0
CNS-GNM-01670,CTR-GNM-018,GNM,기타 가족관계,4,3,1,0
CNS-GNM-01670,CTR-GNM-018,GNM,이혼 전후,1,1,0,0
CNS-GNM-01671,CTR-GNM-018,GNM,부부갈등,4,3,1,0
CNS-GNM-01671,CTR-GNM-018,GNM,부모-자녀 갈등,3,2,1,0
CNS-GNM-01671,CTR-GNM-018,GNM,기타 가족관계,4,4,0,0
CNS-GNM-01671,CTR-GNM-018,GNM,이혼 전후,1,1,0,0
CNS-GNM-01672,CTR-GNM-018,GNM,부부갈등,2,2,0,0
CNS-GNM-01672,CTR-GNM-018,GNM,부모-자녀 갈등,2,2,0,0
CNS-GNM-01672,CTR-GNM-018,GNM,기타 가족관계,2,2,0,0
CNS-GNM-01673,CTR-GNM-018,GNM,부부갈등,3,2,1,0
CNS-GNM-01673,CTR-GNM-018,GNM,부모-자녀 갈등,2,2,0,0
CNS-GNM-01673,CTR-GNM-018,GNM,기타 가족관계,2,2,0,0
CNS-GNM-01674,CTR-GNM-018,GNM,부부갈등,1,1,0,0
CNS-GNM-01674,CTR-GNM-018,GNM,부모-자녀 갈등,1,1,0,0
CNS-GNM-01674,CTR-GNM-018,GNM,기타 가족관계,1,1,0,0
CNS-GNM-01675,CTR-GNM-018,GNM,부부갈등,3,3,0,0
CNS-GNM-01675,CTR-GNM-018,GNM,부모-자녀 갈등,2,2,0,0
CNS-GNM-01675,CTR-GNM-018,GNM,기타 가족관계,2,2,0,0
CNS-GNM-01676,CTR-GNM-018,GNM,부부갈등,3,2,1,0
CNS-GNM-01676,CTR-GNM-018,GNM,부모-자녀 갈등,2,2,0,0
CNS-GNM-01676,CTR-GNM-018,GNM,기타 가족관계,3,3,0,0
CNS-GNM-01676,CTR-GNM-018,GNM,이혼 전후,1,1,0,0
CNS-GNM-01677,CTR-GNM-019,GNM,부부갈등,4,3,1,0
CNS-GNM-01677,CTR-GNM-019,GNM,부모-자녀 갈등,3,3,0,0
CNS-GNM-01677,CTR-GNM-019,GNM,기타 가족관계,4,3,1,0
CNS-GNM-01678,CTR-GNM-019,GNM,부부갈등,1,1,0,0
CNS-GNM-01678,CTR-GNM-019,GNM,부모-자녀 갈등,1,1,0,0
CNS-GNM-01678,CTR-GNM-019,GNM,기타 가족관계,1,1,0,0
CNS-GNM-01679,CTR-GNM-019,GNM,부부갈등,2,2,0,0
CNS-GNM-01679,CTR-GNM-019,GNM,부모-자녀 갈등,1,1,0,0
CNS-GNM-01679,CTR-GNM-019,GNM,기타 가족관계,2,2,0,0
CNS-GNM-01680,CTR-GNM-019,GNM,부부갈등,2,2,0,0
CNS-GNM-01680,CTR-GNM-019,GNM,부모-자녀 갈등,1,1,0,0
CNS-GNM-01680,CTR-GNM-019,GNM,기타 가족관계,2,2,0,0
CNS-GNM-01681,CTR-GNM-019,GNM,부부갈등,3,3,0,0
CNS-GNM-01681,CTR-GNM-019,GNM,부모-자녀 갈등,2,2,0,0
CNS-GNM-01681,CTR-GNM-019,GNM,기타 가족관계,3,2,1,0
CNS-GNM-01682,CTR-GNM-019,GNM,부부갈등,3,2,1,0
CNS-GNM-01682,CTR-GNM-019,GNM,부모-자녀 갈등,2,2,0,0
CNS-GNM-01682,CTR-GNM-019,GNM,기타 가족관계,3,2,1,0
CNS-GNM-01683,CTR-GNM-020,GNM,부부갈등,6,5,1,0
CNS-GNM-01683,CTR-GNM-020,GNM,부모-자녀 갈등,4,3,1,0
CNS-GNM-01683,CTR-GNM-020,GNM,기타 가족관계,6,5,1,0
CNS-GNM-01683,CTR-GNM-020,GNM,이혼 전후,1,1,0,0
CNS-GNM-01684,CTR-GNM-020,GNM,부부갈등,2,2,0,0
CNS-GNM-01684,CTR-GNM-020,GNM,부모-자녀 갈등,2,2,0,0
CNS-GNM-01684,CTR-GNM-020,GNM,기타 가족관계,2,2,0,0
CNS-GNM-01685,CTR-GNM-020,GNM,부부갈등,3,3,0,0
CNS-GNM-01685,CTR-GNM-020,GNM,부모-자녀 갈등,2,2,0,0
CNS-GNM-01685,CTR-GNM-020,GNM,기타 가족관계,2,2,0,0
CNS-GNM-01686,CTR-GNM-020,GNM,부부갈등,4,3,1,0
CNS-GNM-01686,CTR-GNM-020,GNM,부모-자녀 갈등,3,3,0,0
CNS-GNM-01686,CTR-GNM-020,GNM,기타 가족관계,4,4,0,0
CNS-GNM-01687,CTR-GNM-020,GNM,부부갈등,3,3,0,0
CNS-GNM-01687,CTR-GNM-020,GNM,부모-자녀 갈등,2,2,0,0
CNS-GNM-01687,CTR-GNM-020,GNM,기타 가족관계,3,2,1,0
CNS-GNM-01687,CTR-GNM-020,GNM,이혼 전후,1,1,0,0
CNS-GNM-01688,CTR-GNM-021,GNM,부부갈등,4,4,0,0
CNS-GNM-01688,CTR-GNM-021,GNM,부모-자녀 갈등,3,2,1,0
CNS-GNM-01688,CTR-GNM-021,GNM,기타 가족관계,4,3,1,0
CNS-GNM-01688,CTR-GNM-021,GNM,이혼 전후,1,1,0,0
CNS-GNM-01689,CTR-GNM-021,GNM,부부갈등,4,3,1,0
CNS-GNM-01689,CTR-GNM-021,GNM,부모-자녀 갈등,3,3,0,0
CNS-GNM-01689,CTR-GNM-021,GNM,기타 가족관계,4,3,1,0
CNS-GNM-01690,CTR-GNM-021,GNM,부부갈등,2,2,0,0
CNS-GNM-01690,CTR-GNM-021,GNM,부모-자녀 갈등,2,2,0,0
CNS-GNM-01690,CTR-GNM-021,GNM,기타 가족관계,2,2,0,0
CNS-GNM-01691,CTR-GNM-021,GNM,부부갈등,1,1,0,0
CNS-GNM-01691,CTR-GNM-021,GNM,부모-자녀 갈등,1,1,0,0
CNS-GNM-01691,CTR-GNM-021,GNM,기타 가족관계,1,1,0,0
CNS-GNM-01692,CTR-GNM-021,GNM,부부갈등,3,3,0,0
CNS-GNM-01692,CTR-GNM-021,GNM,부모-자녀 갈등,2,2,0,0
CNS-GNM-01692,CTR-GNM-021,GNM,기타 가족관계,3,2,1,0
CNS-GNM-01693,CTR-GNM-022,GNM,부부갈등,5,4,1,0
CNS-GNM-01693,CTR-GNM-022,GNM,부모-자녀 갈등,4,3,1,0
CNS-GNM-01693,CTR-GNM-022,GNM,기타 가족관계,4,3,1,0
CNS-GNM-01693,CTR-GNM-022,GNM,이혼 전후,1,1,0,0
CNS-GNM-01694,CTR-GNM-022,GNM,부부갈등,4,3,1,0
CNS-GNM-01694,CTR-GNM-022,GNM,부모-자녀 갈등,3,2,1,0
CNS-GNM-01694,CTR-GNM-022,GNM,기타 가족관계,4,3,1,0
CNS-GNM-01695,CTR-GNM-022,GNM,부부갈등,3,2,1,0
CNS-GNM-01695,CTR-GNM-022,GNM,부모-자녀 갈등,3,3,0,0
CNS-GNM-01695,CTR-GNM-022,GNM,기타 가족관계,3,3,0,0
CNS-GNM-01695,CTR-GNM-022,GNM,이혼 전후,1,1,0,0
CNS-GNM-01696,CTR-GNM-022,GNM,부부갈등,3,2,1,0
CNS-GNM-01696,CTR-GNM-022,GNM,부모-자녀 갈등,2,2,0,0
CNS-GNM-01696,CTR-GNM-022,GNM,기타 가족관계,3,2,1,0
CNS-GNM-01697,CTR-GNM-022,GNM,부부갈등,3,3,0,0
CNS-GNM-01697,CTR-GNM-022,GNM,부모-자녀 갈등,2,2,0,0
CNS-GNM-01697,CTR-GNM-022,GNM,기타 가족관계,2,2,0,0
CNS-GNM-01698,CTR-GNM-022,GNM,부부갈등,3,3,0,0
CNS-GNM-01698,CTR-GNM-022,GNM,부모-자녀 갈등,2,2,0,0
CNS-GNM-01698,CTR-GNM-022,GNM,기타 가족관계,3,2,1,0
CNS-GNM-01699,CTR-GNM-022,GNM,부부갈등,3,3,0,0
CNS-GNM-01699,CTR-GNM-022,GNM,부모-자녀 갈등,2,2,0,0
CNS-GNM-01699,CTR-GNM-022,GNM,기타 가족관계,2,2,0,0
CNS-JEJ-01700,CTR-JEJ-001,JEJ,부부갈등,3,2,1,0
CNS-JEJ-01700,CTR-JEJ-001,JEJ,부모-자녀 갈등,2,2,0,0
CNS-JEJ-01700,CTR-JEJ-001,JEJ,기타 가족관계,3,2,1,0
CNS-JEJ-01701,CTR-JEJ-001,JEJ,부부갈등,3,2,1,0
CNS-JEJ-01701,CTR-JEJ-001,JEJ,부모-자녀 갈등,2,2,0,0
CNS-JEJ-01701,CTR-JEJ-001,JEJ,기타 가족관계,3,2,1,0
CNS-JEJ-01702,CTR-JEJ-001,JEJ,부부갈등,2,2,0,0
CNS-JEJ-01702,CTR-JEJ-001,JEJ,부모-자녀 갈등,1,1,0,0
CNS-JEJ-01702,CTR-JEJ-001,JEJ,기타 가족관계,1,1,0,0
CNS-JEJ-01703,CTR-JEJ-001,JEJ,부부갈등,3,3,0,0
CNS-JEJ-01703,CTR-JEJ-001,JEJ,부모-자녀 갈등,3,3,0,0
CNS-JEJ-01703,CTR-JEJ-001,JEJ,기타 가족관계,3,2,1,0
CNS-JEJ-01703,CTR-JEJ-001,JEJ,이혼 전후,1,1,0,0
CNS-JEJ-01704,CTR-JEJ-001,JEJ,부부갈등,2,2,0,0
CNS-JEJ-01704,CTR-JEJ-001,JEJ,부모-자녀 갈등,2,2,0,0
CNS-JEJ-01704,CTR-JEJ-001,JEJ,기타 가족관계,2,2,0,0
CNS-JEJ-01705,CTR-JEJ-002,JEJ,부부갈등,3,3,0,0
CNS-JEJ-01705,CTR-JEJ-002,JEJ,부모-자녀 갈등,3,2,1,0
CNS-JEJ-01705,CTR-JEJ-002,JEJ,기타 가족관계,3,3,0,0
CNS-JEJ-01705,CTR-JEJ-002,JEJ,이혼 전후,1,1,0,0
CNS-JEJ-01706,CTR-JEJ-002,JEJ,부부갈등,3,2,1,0
CNS-JEJ-01706,CTR-JEJ-002,JEJ,부모-자녀 갈등,3,3,0,0
CNS-JEJ-01706,CTR-JEJ-002,JEJ,기타 가족관계,3,2,1,0
CNS-JEJ-01706,CTR-JEJ-002,JEJ,이혼 전후,1,1,0,0
CNS-JEJ-01707,CTR-JEJ-002,JEJ,부부갈등,3,2,1,0
CNS-JEJ-01707,CTR-JEJ-002,JEJ,부모-자녀 갈등,2,2,0,0
CNS-JEJ-01707,CTR-JEJ-002,JEJ,기타 가족관계,3,2,1,0
CNS-JEJ-01707,CTR-JEJ-002,JEJ,이혼 전후,1,1,0,0
CNS-JEJ-01708,CTR-JEJ-002,JEJ,부부갈등,2,2,0,0
CNS-JEJ-01708,CTR-JEJ-002,JEJ,부모-자녀 갈등,2,2,0,0
CNS-JEJ-01708,CTR-JEJ-002,JEJ,기타 가족관계,2,2,0,0
CNS-JEJ-01709,CTR-JEJ-002,JEJ,부부갈등,2,2,0,0
CNS-JEJ-01709,CTR-JEJ-002,JEJ,부모-자녀 갈등,1,1,0,0
CNS-JEJ-01709,CTR-JEJ-002,JEJ,기타 가족관계,2,2,0,0
CNS-JEJ-01710,CTR-JEJ-003,JEJ,부부갈등,4,3,1,0
CNS-JEJ-01710,CTR-JEJ-003,JEJ,부모-자녀 갈등,3,3,0,0
CNS-JEJ-01710,CTR-JEJ-003,JEJ,기타 가족관계,4,3,1,0
CNS-JEJ-01710,CTR-JEJ-003,JEJ,이혼 전후,1,1,0,0
CNS-JEJ-01711,CTR-JEJ-003,JEJ,부부갈등,3,2,1,0
CNS-JEJ-01711,CTR-JEJ-003,JEJ,부모-자녀 갈등,2,2,0,0
CNS-JEJ-01711,CTR-JEJ-003,JEJ,기타 가족관계,2,2,0,0
CNS-JEJ-01712,CTR-JEJ-003,JEJ,부부갈등,2,2,0,0
CNS-JEJ-01712,CTR-JEJ-003,JEJ,부모-자녀 갈등,1,1,0,0
CNS-JEJ-01712,CTR-JEJ-003,JEJ,기타 가족관계,1,1,0,0
CNS-JEJ-01713,CTR-JEJ-003,JEJ,부부갈등,1,1,0,0
CNS-JEJ-01713,CTR-JEJ-003,JEJ,부모-자녀 갈등,1,1,0,0
CNS-JEJ-01713,CTR-JEJ-003,JEJ,기타 가족관계,1,1,0,0
CNS-JEJ-01714,CTR-JEJ-003,JEJ,부부갈등,2,2,0,0
CNS-JEJ-01714,CTR-JEJ-003,JEJ,부모-자녀 갈등,1,1,0,0
CNS-JEJ-01714,CTR-JEJ-003,JEJ,기타 가족관계,2,2,0,0
CNS-JEJ-01715,CTR-JEJ-004,JEJ,부부갈등,3,2,1,0
CNS-JEJ-01715,CTR-JEJ-004,JEJ,부모-자녀 갈등,3,2,1,0
CNS-JEJ-01715,CTR-JEJ-004,JEJ,기타 가족관계,3,3,0,0
CNS-JEJ-01715,CTR-JEJ-004,JEJ,이혼 전후,1,1,0,0
CNS-JEJ-01716,CTR-JEJ-004,JEJ,부부갈등,3,2,1,0
CNS-JEJ-01716,CTR-JEJ-004,JEJ,부모-자녀 갈등,2,2,0,0
CNS-JEJ-01716,CTR-JEJ-004,JEJ,기타 가족관계,2,2,0,0
CNS-JEJ-01717,CTR-JEJ-004,JEJ,부부갈등,2,1,1,0
CNS-JEJ-01717,CTR-JEJ-004,JEJ,부모-자녀 갈등,2,2,0,0
CNS-JEJ-01717,CTR-JEJ-004,JEJ,기타 가족관계,2,2,0,0
CNS-JEJ-01718,CTR-JEJ-004,JEJ,부부갈등,2,2,0,0
CNS-JEJ-01718,CTR-JEJ-004,JEJ,부모-자녀 갈등,1,1,0,0
CNS-JEJ-01718,CTR-JEJ-004,JEJ,기타 가족관계,2,1,1,0
CNS-JEJ-01719,CTR-JEJ-004,JEJ,부부갈등,3,2,1,0
CNS-JEJ-01719,CTR-JEJ-004,JEJ,부모-자녀 갈등,2,2,0,0
CNS-JEJ-01719,CTR-JEJ-004,JEJ,기타 가족관계,3,2,1,0
CNS-JEJ-01720,CTR-JEJ-005,JEJ,부부갈등,3,2,1,0
CNS-JEJ-01720,CTR-JEJ-005,JEJ,부모-자녀 갈등,3,3,0,0
CNS-JEJ-01720,CTR-JEJ-005,JEJ,기타 가족관계,3,2,1,0
CNS-JEJ-01720,CTR-JEJ-005,JEJ,이혼 전후,1,1,0,0
CNS-JEJ-01721,CTR-JEJ-005,JEJ,부부갈등,3,2,1,0
CNS-JEJ-01721,CTR-JEJ-005,JEJ,부모-자녀 갈등,2,2,0,0
CNS-JEJ-01721,CTR-JEJ-005,JEJ,기타 가족관계,2,2,0,0
CNS-JEJ-01722,CTR-JEJ-005,JEJ,부부갈등,2,2,0,0
CNS-JEJ-01722,CTR-JEJ-005,JEJ,부모-자녀 갈등,1,1,0,0
CNS-JEJ-01722,CTR-JEJ-005,JEJ,기타 가족관계,2,2,0,0
CNS-JEJ-01723,CTR-JEJ-005,JEJ,부부갈등,3,2,1,0
CNS-JEJ-01723,CTR-JEJ-005,JEJ,부모-자녀 갈등,2,2,0,0
CNS-JEJ-01723,CTR-JEJ-005,JEJ,기타 가족관계,3,2,1,0
CNS-JEJ-01723,CTR-JEJ-005,JEJ,이혼 전후,1,1,0,0
CNS-JEJ-01724,CTR-JEJ-005,JEJ,부부갈등,3,2,1,0
CNS-JEJ-01724,CTR-JEJ-005,JEJ,부모-자녀 갈등,2,2,0,0
CNS-JEJ-01724,CTR-JEJ-005,JEJ,기타 가족관계,3,2,1,0
