id,display_name,center_id,center_name,region_id,employment_type,tenure_years,weekly_capacity,active_clients,utilization_rate,supervisor_eligible,training_completion_rate,primary_specialty
CNS-SEO-00001,상담사 SEO-01,CTR-SEO-001,서울 가족센터,SEO,상근,5.4,6,14,93.1,False,87.6,부모-자녀 갈등
CNS-SEO-00002,상담사 SEO-02,CTR-SEO-001,서울 가족센터,SEO,상근,0.3,6,14,77.0,False,75.2,이혼 전후
CNS-SEO-00003,상담사 SEO-03,CTR-SEO-001,서울 가족센터,SEO,위촉,11.2,3,9,70.9,False,95.1,부부갈등
CNS-SEO-00004,상담사 SEO-04,CTR-SEO-001,서울 가족센터,SEO,위촉,9.7,3,6,79.0,True,75.6,기타 가족관계
CNS-SEO-00005,상담사 SEO-05,CTR-SEO-001,서울 가족센터,SEO,위촉,5.4,3,5,62.8,False,85.1,개인 정서·위기
CNS-SEO-00006,상담사 SEO-06,CTR-SEO-001,서울 가족센터,SEO,위촉,5.2,3,7,64.0,False,89.3,부모-자녀 갈등
CNS-SEO-00007,상담사 SEO-07,CTR-SEO-001,서울 가족센터,SEO,위촉,9.9,3,9,57.4,True,91.2,이혼 전후
CNS-SEO-00008,상담사 SEO-08,CTR-SEO-001,서울 가족센터,SEO,위촉,6.7,3,6,62.6,False,85.2,부부갈등
CNS-SEO-00009,상담사 SEO-09,CTR-SEO-001,서울 가족센터,SEO,위촉,2.8,3,3,52.5,False,91.2,기타 가족관계
CNS-SEO-00010,상담사 SEO-01,CTR-SEO-002,종로구 가족센터,SEO,상근,3.4,6,9,78.2,False,89.7,부부갈등
CNS-SEO-00011,상담사 SEO-02,CTR-SEO-002,종로구 가족센터,SEO,상근,4.3,6,13,87.3,False,81.0,기타 가족관계
CNS-SEO-00012,상담사 SEO-03,CTR-SEO-002,종로구 가족센터,SEO,위촉,6.7,3,6,70.7,False,89.0,개인 정서·위기
CNS-SEO-00013,상담사 SEO-04,CTR-SEO-002,종로구 가족센터,SEO,위촉,8.0,3,5,57.5,True,78.0,부모-자녀 갈등
CNS-SEO-00014,상담사 SEO-05,CTR-SEO-002,종로구 가족센터,SEO,위촉,4.1,3,4,62.4,False,81.9,이혼 전후
CNS-SEO-00015,상담사 SEO-06,CTR-SEO-002,종로구 가족센터,SEO,위촉,2.2,3,7,78.1,False,86.7,부부갈등
CNS-SEO-00016,상담사 SEO-07,CTR-SEO-002,종로구 가족센터,SEO,위촉,9.1,3,7,88.9,False,89.7,기타 가족관계
CNS-SEO-00017,상담사 SEO-08,CTR-SEO-002,종로구 가족센터,SEO,위촉,4.0,3,4,62.0,False,74.7,개인 정서·위기
CNS-SEO-00018,상담사 SEO-09,CTR-SEO-002,종로구 가족센터,SEO,위촉,6.0,3,11,87.5,False,81.3,부모-자녀 갈등
CNS-SEO-00019,상담사 SEO-01,CTR-SEO-003,중구 가족센터,SEO,상근,0.5,6,12,87.1,False,85.2,개인 정서·위기
CNS-SEO-00020,상담사 SEO-02,CTR-SEO-003,중구 가족센터,SEO,상근,9.8,6,10,65.4,True,98.2,부모-자녀 갈등
CNS-SEO-00021,상담사 SEO-03,CTR-SEO-003,중구 가족센터,SEO,위촉,6.2,3,11,70.0,False,100,이혼 전후
CNS-SEO-00022,상담사 SEO-04,CTR-SEO-003,중구 가족센터,SEO,위촉,2.9,3,8,71.8,False,76.1,부부갈등
CNS-SEO-00023,상담사 SEO-05,CTR-SEO-003,중구 가족센터,SEO,위촉,8.6,3,3,80.4,False,90.3,기타 가족관계
CNS-SEO-00024,상담사 SEO-06,CTR-SEO-003,중구 가족센터,SEO,위촉,8.3,3,5,58.4,False,100,개인 정서·위기
CNS-SEO-00025,상담사 SEO-07,CTR-SEO-003,중구 가족센터,SEO,위촉,5.5,3,3,83.0,False,84.2,부모-자녀 갈등
CNS-SEO-00026,상담사 SEO-08,CTR-SEO-003,중구 가족센터,SEO,위촉,5.2,3,7,82.7,False,100,이혼 전후
CNS-SEO-00027,상담사 SEO-09,CTR-SEO-003,중구 가족센터,SEO,위촉,7.9,3,7,75.1,False,82.5,부부갈등
CNS-SEO-00028,상담사 SEO-10,CTR-SEO-003,중구 가족센터,SEO,위촉,2.6,3,9,57.8,False,85.7,기타 가족관계
CNS-SEO-00029,상담사 SEO-11,CTR-SEO-003,중구 가족센터,SEO,위촉,5.6,3,10,70.1,False,93.3,개인 정서·위기
CNS-SEO-00030,상담사 SEO-01,CTR-SEO-004,용산구 가족센터,SEO,상근,5.8,6,9,64.8,False,82.7,부부갈등
CNS-SEO-00031,상담사 SEO-02,CTR-SEO-004,용산구 가족센터,SEO,상근,3.9,6,12,69.8,False,100,기타 가족관계
CNS-SEO-00032,상담사 SEO-03,CTR-SEO-004,용산구 가족센터,SEO,위촉,10.6,3,9,71.3,True,92.9,개인 정서·위기
CNS-SEO-00033,상담사 SEO-04,CTR-SEO-004,용산구 가족센터,SEO,위촉,1.3,3,6,81.4,False,100,부모-자녀 갈등
CNS-SEO-00034,상담사 SEO-05,CTR-SEO-004,용산구 가족센터,SEO,위촉,9.3,3,10,74.8,False,91.5,이혼 전후
CNS-SEO-00035,상담사 SEO-06,CTR-SEO-004,용산구 가족센터,SEO,위촉,7.8,3,7,67.3,False,84.0,부부갈등
CNS-SEO-00036,상담사 SEO-07,CTR-SEO-004,용산구 가족센터,SEO,위촉,4.3,3,7,69.6,False,79.5,기타 가족관계
CNS-SEO-00037,상담사 SEO-08,CTR-SEO-004,용산구 가족센터,SEO,위촉,4.8,3,10,63.4,False,100,개인 정서·위기
CNS-SEO-00038,상담사 SEO-01,CTR-SEO-005,성동구 가족센터,SEO,상근,5.5,6,13,63.1,False,96.0,이혼 전후
CNS-SEO-00039,상담사 SEO-02,CTR-SEO-005,성동구 가족센터,SEO,상근,3.2,6,14,70.6,False,95.9,부부갈등
CNS-SEO-00040,상담사 SEO-03,CTR-SEO-005,성동구 가족센터,SEO,위촉,6.9,3,9,58.0,False,82.7,기타 가족관계
CNS-SEO-00041,상담사 SEO-04,CTR-SEO-005,성동구 가족센터,SEO,위촉,7.2,3,10,60.0,False,90.8,개인 정서·위기
CNS-SEO-00042,상담사 SEO-05,CTR-SEO-005,성동구 가족센터,SEO,위촉,9.5,3,5,78.4,False,97.2,부모-자녀 갈등
CNS-SEO-00043,상담사 SEO-06,CTR-SEO-005,성동구 가족센터,SEO,위촉,9.5,3,6,76.9,True,89.7,이혼 전후
CNS-SEO-00044,상담사 SEO-07,CTR-SEO-005,성동구 가족센터,SEO,위촉,8.0,3,8,69.3,True,98.0,부부갈등
CNS-SEO-00045,상담사 SEO-08,CTR-SEO-005,성동구 가족센터,SEO,위촉,4.6,3,9,70.0,False,85.8,기타 가족관계
CNS-SEO-00046,상담사 SEO-09,CTR-SEO-005,성동구 가족센터,SEO,위촉,7.4,3,7,73.1,False,79.5,개인 정서·위기
CNS-SEO-00047,상담사 SEO-10,CTR-SEO-005,성동구 가족센터,SEO,위촉,3.7,3,8,94.4,False,99.1,부모-자녀 갈등
CNS-SEO-00048,상담사 SEO-01,CTR-SEO-006,광진구 가족센터,SEO,상근,6.0,6,11,74.1,False,93.7,이혼 전후
CNS-SEO-00049,상담사 SEO-02,CTR-SEO-006,광진구 가족센터,SEO,상근,4.8,6,8,69.5,False,84.5,부부갈등
CNS-SEO-00050,상담사 SEO-03,CTR-SEO-006,광진구 가족센터,SEO,위촉,11.2,3,3,47.7,False,85.3,기타 가족관계
CNS-SEO-00051,상담사 SEO-04,CTR-SEO-006,광진구 가족센터,SEO,위촉,8.2,3,8,64.3,True,92.9,개인 정서·위기
CNS-SEO-00052,상담사 SEO-05,CTR-SEO-006,광진구 가족센터,SEO,위촉,2.9,3,9,74.9,False,80.4,부모-자녀 갈등
CNS-SEO-00053,상담사 SEO-06,CTR-SEO-006,광진구 가족센터,SEO,위촉,6.1,3,12,68.3,False,89.4,이혼 전후
CNS-SEO-00054,상담사 SEO-07,CTR-SEO-006,광진구 가족센터,SEO,위촉,4.0,3,7,84.7,False,74.4,부부갈등
CNS-SEO-00055,상담사 SEO-08,CTR-SEO-006,광진구 가족센터,SEO,위촉,2.9,3,7,78.9,False,88.3,기타 가족관계
CNS-SEO-00056,상담사 SEO-09,CTR-SEO-006,광진구 가족센터,SEO,위촉,6.0,3,6,76.7,False,94.0,개인 정서·위기
CNS-SEO-00057,상담사 SEO-01,CTR-SEO-007,동대문구 가족센터,SEO,상근,9.7,6,15,69.4,True,84.7,기타 가족관계
CNS-SEO-00058,상담사 SEO-02,CTR-SEO-007,동대문구 가족센터,SEO,상근,3.9,6,11,76.0,False,88.6,개인 정서·위기
CNS-SEO-00059,상담사 SEO-03,CTR-SEO-007,동대문구 가족센터,SEO,위촉,5.8,3,6,65.6,False,79.2,부모-자녀 갈등
CNS-SEO-00060,상담사 SEO-04,CTR-SEO-007,동대문구 가족센터,SEO,위촉,8.8,3,3,52.7,True,86.6,이혼 전후
CNS-SEO-00061,상담사 SEO-05,CTR-SEO-007,동대문구 가족센터,SEO,위촉,3.1,3,9,61.5,False,82.8,부부갈등
CNS-SEO-00062,상담사 SEO-06,CTR-SEO-007,동대문구 가족센터,SEO,위촉,6.6,3,5,70.6,False,85.1,기타 가족관계
CNS-SEO-00063,상담사 SEO-07,CTR-SEO-007,동대문구 가족센터,SEO,위촉,2.2,3,8,60.4,False,94.0,개인 정서·위기
CNS-SEO-00064,상담사 SEO-08,CTR-SEO-007,동대문구 가족센터,SEO,위촉,9.1,3,9,66.8,True,83.6,부모-자녀 갈등
CNS-SEO-00065,상담사 SEO-01,CTR-SEO-008,중랑구 가족센터,SEO,상근,2.4,6,13,60.3,False,95.6,부부갈등
CNS-SEO-00066,상담사 SEO-02,CTR-SEO-008,중랑구 가족센터,SEO,상근,4.8,6,12,59.6,False,70.5,기타 가족관계
CNS-SEO-00067,상담사 SEO-03,CTR-SEO-008,중랑구 가족센터,SEO,위촉,8.6,3,7,53.3,False,83.4,개인 정서·위기
CNS-SEO-00068,상담사 SEO-04,CTR-SEO-008,중랑구 가족센터,SEO,위촉,6.7,3,10,81.2,False,94.3,부모-자녀 갈등
CNS-SEO-00069,상담사 SEO-05,CTR-SEO-008,중랑구 가족센터,SEO,위촉,2.2,3,14,78.9,False,81.8,이혼 전후
CNS-SEO-00070,상담사 SEO-06,CTR-SEO-008,중랑구 가족센터,SEO,위촉,4.6,3,7,76.0,False,82.1,부부갈등
CNS-SEO-00071,상담사 SEO-07,CTR-SEO-008,중랑구 가족센터,SEO,위촉,3.8,3,8,87.3,False,85.8,기타 가족관계
CNS-SEO-00072,상담사 SEO-08,CTR-SEO-008,중랑구 가족센터,SEO,위촉,3.8,3,8,69.9,False,92.8,개인 정서·위기
CNS-SEO-00073,상담사 SEO-01,CTR-SEO-009,성북구 가족센터,SEO,상근,11.3,6,9,68.0,False,78.6,이혼 전후
CNS-SEO-00074,상담사 SEO-02,CTR-SEO-009,성북구 가족센터,SEO,상근,8.0,6,14,60.6,True,99.6,부부갈등
CNS-SEO-00075,상담사 SEO-03,CTR-SEO-009,성북구 가족센터,SEO,위촉,7.8,3,8,71.8,False,85.7,기타 가족관계
CNS-SEO-00076,상담사 SEO-04,CTR-SEO-009,성북구 가족센터,SEO,위촉,1.0,3,5,77.1,False,76.8,개인 정서·위기
CNS-SEO-00077,상담사 SEO-05,CTR-SEO-009,성북구 가족센터,SEO,위촉,8.9,3,10,58.5,True,76.9,부모-자녀 갈등
CNS-SEO-00078,상담사 SEO-06,CTR-SEO-009,성북구 가족센터,SEO,위촉,6.2,3,7,71.0,False,95.1,이혼 전후
CNS-SEO-00079,상담사 SEO-07,CTR-SEO-009,성북구 가족센터,SEO,위촉,5.7,3,4,81.9,False,88.9,부부갈등
CNS-SEO-00080,상담사 SEO-01,CTR-SEO-010,강북구 가족센터,SEO,상근,4.1,6,15,73.1,False,78.8,부부갈등
CNS-SEO-00081,상담사 SEO-02,CTR-SEO-010,강북구 가족센터,SEO,상근,4.1,6,8,84.2,False,78.8,기타 가족관계
CNS-SEO-00082,상담사 SEO-03,CTR-SEO-010,강북구 가족센터,SEO,위촉,2.2,3,7,62.9,False,82.7,개인 정서·위기
CNS-SEO-00083,상담사 SEO-04,CTR-SEO-010,강북구 가족센터,SEO,위촉,4.1,3,8,67.3,False,93.0,부모-자녀 갈등
CNS-SEO-00084,상담사 SEO-05,CTR-SEO-010,강북구 가족센터,SEO,위촉,4.4,3,9,60.9,False,89.5,이혼 전후
CNS-SEO-00085,상담사 SEO-06,CTR-SEO-010,강북구 가족센터,SEO,위촉,11.9,3,8,83.7,False,90.7,부부갈등
CNS-SEO-00086,상담사 SEO-07,CTR-SEO-010,강북구 가족센터,SEO,위촉,6.4,3,7,77.2,False,79.3,기타 가족관계
CNS-SEO-00087,상담사 SEO-08,CTR-SEO-010,강북구 가족센터,SEO,위촉,4.1,3,8,71.2,False,96.9,개인 정서·위기
CNS-SEO-00088,상담사 SEO-09,CTR-SEO-010,강북구 가족센터,SEO,위촉,0.3,3,7,79.1,False,82.3,부모-자녀 갈등
CNS-SEO-00089,상담사 SEO-01,CTR-SEO-011,도봉구 가족센터,SEO,상근,5.8,6,15,75.0,False,81.6,개인 정서·위기
CNS-SEO-00090,상담사 SEO-02,CTR-SEO-011,도봉구 가족센터,SEO,상근,5.0,6,16,73.8,False,84.1,부모-자녀 갈등
CNS-SEO-00091,상담사 SEO-03,CTR-SEO-011,도봉구 가족센터,SEO,위촉,6.1,3,8,68.7,False,94.5,이혼 전후
CNS-SEO-00092,상담사 SEO-04,CTR-SEO-011,도봉구 가족센터,SEO,위촉,6.5,3,10,57.3,False,91.6,부부갈등
CNS-SEO-00093,상담사 SEO-05,CTR-SEO-011,도봉구 가족센터,SEO,위촉,6.9,3,10,73.1,False,96.1,기타 가족관계
CNS-SEO-00094,상담사 SEO-06,CTR-SEO-011,도봉구 가족센터,SEO,위촉,7.1,3,10,72.5,False,92.2,개인 정서·위기
CNS-SEO-00095,상담사 SEO-07,CTR-SEO-011,도봉구 가족센터,SEO,위촉,7.6,3,5,66.5,False,84.0,부모-자녀 갈등
CNS-SEO-00096,상담사 SEO-08,CTR-SEO-011,도봉구 가족센터,SEO,위촉,1.6,3,7,73.9,False,85.5,이혼 전후
CNS-SEO-00097,상담사 SEO-01,CTR-SEO-012,노원구 가족센터,SEO,상근,0.3,6,12,74.6,False,100.0,기타 가족관계
CNS-SEO-00098,상담사 SEO-02,CTR-SEO-012,노원구 가족센터,SEO,상근,0.5,6,14,83.6,False,88.8,개인 정서·위기
CNS-SEO-00099,상담사 SEO-03,CTR-SEO-012,노원구 가족센터,SEO,위촉,0.3,3,7,90.2,False,85.5,부모-자녀 갈등
CNS-SEO-00100,상담사 SEO-04,CTR-SEO-012,노원구 가족센터,SEO,위촉,4.6,3,7,80.4,False,91.1,이혼 전후
CNS-SEO-00101,상담사 SEO-05,CTR-SEO-012,노원구 가족센터,SEO,위촉,2.8,3,8,51.4,False,77.6,부부갈등
CNS-SEO-00102,상담사 SEO-06,CTR-SEO-012,노원구 가족센터,SEO,위촉,8.6,3,7,81.0,True,96.4,기타 가족관계
CNS-SEO-00103,상담사 SEO-07,CTR-SEO-012,노원구 가족센터,SEO,위촉,2.8,3,3,81.7,False,90.7,개인 정서·위기
CNS-SEO-00104,상담사 SEO-08,CTR-SEO-012,노원구 가족센터,SEO,위촉,7.4,3,7,75.2,False,100,부모-자녀 갈등
CNS-SEO-00105,상담사 SEO-09,CTR-SEO-012,노원구 가족센터,SEO,위촉,5.0,3,7,55.1,False,81.1,이혼 전후
CNS-SEO-00106,상담사 SEO-01,CTR-SEO-013,은평구 가족센터,SEO,상근,1.0,6,12,74.2,False,88.6,부모-자녀 갈등
CNS-SEO-00107,상담사 SEO-02,CTR-SEO-013,은평구 가족센터,SEO,상근,7.9,6,11,72.6,False,95.0,이혼 전후
CNS-SEO-00108,상담사 SEO-03,CTR-SEO-013,은평구 가족센터,SEO,위촉,10.1,3,9,77.1,False,84.5,부부갈등
CNS-SEO-00109,상담사 SEO-04,CTR-SEO-013,은평구 가족센터,SEO,위촉,2.2,3,9,80.4,False,100,기타 가족관계
CNS-SEO-00110,상담사 SEO-05,CTR-SEO-013,은평구 가족센터,SEO,위촉,6.8,3,6,58.4,False,63.0,개인 정서·위기
CNS-SEO-00111,상담사 SEO-06,CTR-SEO-013,은평구 가족센터,SEO,위촉,10.3,3,6,61.4,True,71.4,부모-자녀 갈등
CNS-SEO-00112,상담사 SEO-07,CTR-SEO-013,은평구 가족센터,SEO,위촉,3.1,3,7,73.6,False,93.8,이혼 전후
CNS-SEO-00113,상담사 SEO-08,CTR-SEO-013,은평구 가족센터,SEO,위촉,3.5,3,9,69.9,False,74.1,부부갈등
CNS-SEO-00114,상담사 SEO-09,CTR-SEO-013,은평구 가족센터,SEO,위촉,0.3,3,8,73.7,False,92.3,기타 가족관계
CNS-SEO-00115,상담사 SEO-01,CTR-SEO-014,서대문구 가족센터,SEO,상근,11.9,6,10,76.7,True,79.3,부부갈등
CNS-SEO-00116,상담사 SEO-02,CTR-SEO-014,서대문구 가족센터,SEO,상근,2.7,6,8,68.9,False,78.8,기타 가족관계
CNS-SEO-00117,상담사 SEO-03,CTR-SEO-014,서대문구 가족센터,SEO,위촉,2.8,3,7,64.3,False,94.6,개인 정서·위기
CNS-SEO-00118,상담사 SEO-04,CTR-SEO-014,서대문구 가족센터,SEO,위촉,6.3,3,9,79.2,False,90.9,부모-자녀 갈등
CNS-SEO-00119,상담사 SEO-05,CTR-SEO-014,서대문구 가족센터,SEO,위촉,6.2,3,3,77.0,False,93.5,이혼 전후
CNS-SEO-00120,상담사 SEO-06,CTR-SEO-014,서대문구 가족센터,SEO,위촉,10.6,3,8,65.2,True,81.4,부부갈등
CNS-SEO-00121,상담사 SEO-07,CTR-SEO-014,서대문구 가족센터,SEO,위촉,11.8,3,4,86.8,False,88.2,기타 가족관계
CNS-SEO-00122,상담사 SEO-08,CTR-SEO-014,서대문구 가족센터,SEO,위촉,7.7,3,5,67.2,False,95.2,개인 정서·위기
CNS-SEO-00123,상담사 SEO-01,CTR-SEO-015,마포구 가족센터,SEO,상근,3.0,6,11,78.4,False,84.9,이혼 전후
CNS-SEO-00124,상담사 SEO-02,CTR-SEO-015,마포구 가족센터,SEO,상근,5.4,6,9,73.0,False,92.2,부부갈등
CNS-SEO-00125,상담사 SEO-03,CTR-SEO-015,마포구 가족센터,SEO,위촉,3.8,3,4,72.5,False,80.5,기타 가족관계
CNS-SEO-00126,상담사 SEO-04,CTR-SEO-015,마포구 가족센터,SEO,위촉,7.2,3,10,57.3,False,94.4,개인 정서·위기
CNS-SEO-00127,상담사 SEO-05,CTR-SEO-015,마포구 가족센터,SEO,위촉,5.0,3,10,56.4,False,86.3,부모-자녀 갈등
CNS-SEO-00128,상담사 SEO-06,CTR-SEO-015,마포구 가족센터,SEO,위촉,4.0,3,3,61.1,False,98.3,이혼 전후
CNS-SEO-00129,상담사 SEO-07,CTR-SEO-015,마포구 가족센터,SEO,위촉,3.6,3,9,65.9,False,89.6,부부갈등
CNS-SEO-00130,상담사 SEO-08,CTR-SEO-015,마포구 가족센터,SEO,위촉,9.6,3,5,82.4,False,98.7,기타 가족관계
CNS-SEO-00131,상담사 SEO-01,CTR-SEO-016,양천구 가족센터,SEO,상근,5.2,6,10,64.3,False,86.6,부모-자녀 갈등
CNS-SEO-00132,상담사 SEO-02,CTR-SEO-016,양천구 가족센터,SEO,상근,0.3,6,11,64.9,False,92.1,이혼 전후
CNS-SEO-00133,상담사 SEO-03,CTR-SEO-016,양천구 가족센터,SEO,위촉,5.8,3,11,81.8,False,98.1,부부갈등
CNS-SEO-00134,상담사 SEO-04,CTR-SEO-016,양천구 가족센터,SEO,위촉,8.7,3,5,81.5,True,82.8,기타 가족관계
CNS-SEO-00135,상담사 SEO-05,CTR-SEO-016,양천구 가족센터,SEO,위촉,3.3,3,6,58.4,False,74.6,개인 정서·위기
CNS-SEO-00136,상담사 SEO-06,CTR-SEO-016,양천구 가족센터,SEO,위촉,10.8,3,3,76.1,False,90.2,부모-자녀 갈등
CNS-SEO-00137,상담사 SEO-07,CTR-SEO-016,양천구 가족센터,SEO,위촉,5.1,3,9,66.3,False,84.1,이혼 전후
CNS-SEO-00138,상담사 SEO-08,CTR-SEO-016,양천구 가족센터,SEO,위촉,11.1,3,11,62.0,True,100,부부갈등
CNS-SEO-00139,상담사 SEO-01,CTR-SEO-017,강서구 가족센터,SEO,상근,3.9,6,13,80.4,False,96.9,개인 정서·위기
CNS-SEO-00140,상담사 SEO-02,CTR-SEO-017,강서구 가족센터,SEO,상근,7.1,6,14,72.6,False,91.7,부모-자녀 갈등
CNS-SEO-00141,상담사 SEO-03,CTR-SEO-017,강서구 가족센터,SEO,위촉,3.8,3,10,94.1,False,93.7,이혼 전후
CNS-SEO-00142,상담사 SEO-04,CTR-SEO-017,강서구 가족센터,SEO,위촉,5.9,3,7,73.9,False,93.2,부부갈등
CNS-SEO-00143,상담사 SEO-05,CTR-SEO-017,강서구 가족센터,SEO,위촉,7.8,3,8,57.7,False,82.5,기타 가족관계
CNS-SEO-00144,상담사 SEO-06,CTR-SEO-017,강서구 가족센터,SEO,위촉,3.9,3,7,79.5,False,92.5,개인 정서·위기
CNS-SEO-00145,상담사 SEO-07,CTR-SEO-017,강서구 가족센터,SEO,위촉,3.1,3,5,74.6,False,79.5,부모-자녀 갈등
CNS-SEO-00146,상담사 SEO-08,CTR-SEO-017,강서구 가족센터,SEO,위촉,5.5,3,10,69.3,False,96.3,이혼 전후
CNS-SEO-00147,상담사 SEO-09,CTR-SEO-017,강서구 가족센터,SEO,위촉,3.0,3,7,69.8,False,90.1,부부갈등
CNS-SEO-00148,상담사 SEO-01,CTR-SEO-018,구로구 가족센터,SEO,상근,5.8,6,10,43.0,False,71.2,이혼 전후
CNS-SEO-00149,상담사 SEO-02,CTR-SEO-018,구로구 가족센터,SEO,상근,1.8,6,14,81.5,False,86.9,부부갈등
CNS-SEO-00150,상담사 SEO-03,CTR-SEO-018,구로구 가족센터,SEO,위촉,4.9,3,5,73.5,False,86.8,기타 가족관계
CNS-SEO-00151,상담사 SEO-04,CTR-SEO-018,구로구 가족센터,SEO,위촉,6.2,3,8,81.0,False,100,개인 정서·위기
CNS-SEO-00152,상담사 SEO-05,CTR-SEO-018,구로구 가족센터,SEO,위촉,7.4,3,8,66.2,False,96.6,부모-자녀 갈등
CNS-SEO-00153,상담사 SEO-06,CTR-SEO-018,구로구 가족센터,SEO,위촉,6.1,3,7,67.2,False,88.3,이혼 전후
CNS-SEO-00154,상담사 SEO-07,CTR-SEO-018,구로구 가족센터,SEO,위촉,5.6,3,9,72.9,False,86.4,부부갈등
CNS-SEO-00155,상담사 SEO-08,CTR-SEO-018,구로구 가족센터,SEO,위촉,9.0,3,9,84.5,True,86.8,기타 가족관계
CNS-SEO-00156,상담사 SEO-09,CTR-SEO-018,구로구 가족센터,SEO,위촉,5.1,3,8,81.2,False,81.9,개인 정서·위기
CNS-SEO-00157,상담사 SEO-01,CTR-SEO-019,금천구 가족센터,SEO,상근,4.7,6,15,38.7,False,87.3,기타 가족관계
CNS-SEO-00158,상담사 SEO-02,CTR-SEO-019,금천구 가족센터,SEO,상근,3.1,6,12,60.2,False,74.0,개인 정서·위기
CNS-SEO-00159,상담사 SEO-03,CTR-SEO-019,금천구 가족센터,SEO,위촉,8.1,3,9,67.6,False,81.1,부모-자녀 갈등
CNS-SEO-00160,상담사 SEO-04,CTR-SEO-019,금천구 가족센터,SEO,위촉,7.0,3,5,59.7,False,83.1,이혼 전후
CNS-SEO-00161,상담사 SEO-05,CTR-SEO-019,금천구 가족센터,SEO,위촉,5.0,3,9,71.7,False,91.8,부부갈등
CNS-SEO-00162,상담사 SEO-06,CTR-SEO-019,금천구 가족센터,SEO,위촉,4.9,3,8,63.7,False,88.8,기타 가족관계
CNS-SEO-00163,상담사 SEO-07,CTR-SEO-019,금천구 가족센터,SEO,위촉,9.2,3,4,60.6,True,82.0,개인 정서·위기
CNS-SEO-00164,상담사 SEO-08,CTR-SEO-019,금천구 가족센터,SEO,위촉,6.6,3,3,73.2,False,96.4,부모-자녀 갈등
CNS-SEO-00165,상담사 SEO-09,CTR-SEO-019,금천구 가족센터,SEO,위촉,3.3,3,12,73.6,False,94.3,이혼 전후
CNS-SEO-00166,상담사 SEO-01,CTR-SEO-020,영등포구 가족센터,SEO,상근,5.4,6,14,66.7,False,97.1,부모-자녀 갈등
CNS-SEO-00167,상담사 SEO-02,CTR-SEO-020,영등포구 가족센터,SEO,상근,0.3,6,9,77.2,False,90.1,이혼 전후
CNS-SEO-00168,상담사 SEO-03,CTR-SEO-020,영등포구 가족센터,SEO,위촉,7.5,3,4,65.1,False,100,부부갈등
CNS-SEO-00169,상담사 SEO-04,CTR-SEO-020,영등포구 가족센터,SEO,위촉,6.0,3,6,69.4,False,99.2,기타 가족관계
CNS-SEO-00170,상담사 SEO-05,CTR-SEO-020,영등포구 가족센터,SEO,위촉,5.8,3,8,72.4,False,88.3,개인 정서·위기
CNS-SEO-00171,상담사 SEO-06,CTR-SEO-020,영등포구 가족센터,SEO,위촉,2.4,3,8,66.5,False,94.1,부모-자녀 갈등
CNS-SEO-00172,상담사 SEO-07,CTR-SEO-020,영등포구 가족센터,SEO,위촉,6.4,3,5,79.8,False,78.4,이혼 전후
CNS-SEO-00173,상담사 SEO-08,CTR-SEO-020,영등포구 가족센터,SEO,위촉,10.3,3,3,98,False,100,부부갈등
CNS-SEO-00174,상담사 SEO-09,CTR-SEO-020,영등포구 가족센터,SEO,위촉,9.4,3,6,60.8,True,90.4,기타 가족관계
CNS-SEO-00175,상담사 SEO-01,CTR-SEO-021,동작구 가족센터,SEO,상근,5.5,6,11,59.4,False,80.7,부부갈등
CNS-SEO-00176,상담사 SEO-02,CTR-SEO-021,동작구 가족센터,SEO,상근,3.8,6,12,73.6,False,79.0,기타 가족관계
CNS-SEO-00177,상담사 SEO-03,CTR-SEO-021,동작구 가족센터,SEO,위촉,3.6,3,9,60.7,False,78.1,개인 정서·위기
CNS-SEO-00178,상담사 SEO-04,CTR-SEO-021,동작구 가족센터,SEO,위촉,1.6,3,6,75.1,False,72.4,부모-자녀 갈등
CNS-SEO-00179,상담사 SEO-05,CTR-SEO-021,동작구 가족센터,SEO,위촉,6.1,3,10,91.3,False,92.7,이혼 전후
CNS-SEO-00180,상담사 SEO-06,CTR-SEO-021,동작구 가족센터,SEO,위촉,5.6,3,5,56.4,False,75.9,부부갈등
CNS-SEO-00181,상담사 SEO-07,CTR-SEO-021,동작구 가족센터,SEO,위촉,5.3,3,6,83.2,False,63.9,기타 가족관계
CNS-SEO-00182,상담사 SEO-08,CTR-SEO-021,동작구 가족센터,SEO,위촉,9.0,3,9,73.2,True,95.2,개인 정서·위기
CNS-SEO-00183,상담사 SEO-09,CTR-SEO-021,동작구 가족센터,SEO,위촉,2.3,3,6,68.8,False,96.0,부모-자녀 갈등
CNS-SEO-00184,상담사 SEO-01,CTR-SEO-022,관악구 가족센터,SEO,상근,3.7,6,12,68.0,False,96.4,개인 정서·위기
CNS-SEO-00185,상담사 SEO-02,CTR-SEO-022,관악구 가족센터,SEO,상근,6.1,6,10,72.0,False,88.5,부모-자녀 갈등
CNS-SEO-00186,상담사 SEO-03,CTR-SEO-022,관악구 가족센터,SEO,위촉,7.1,3,11,67.7,False,83.6,이혼 전후
CNS-SEO-00187,상담사 SEO-04,CTR-SEO-022,관악구 가족센터,SEO,위촉,7.3,3,11,96.2,False,72.0,부부갈등
CNS-SEO-00188,상담사 SEO-05,CTR-SEO-022,관악구 가족센터,SEO,위촉,6.7,3,4,83.6,False,78.7,기타 가족관계
CNS-SEO-00189,상담사 SEO-06,CTR-SEO-022,관악구 가족센터,SEO,위촉,6.9,3,6,74.6,False,89.7,개인 정서·위기
CNS-SEO-00190,상담사 SEO-07,CTR-SEO-022,관악구 가족센터,SEO,위촉,9.8,3,8,70.3,False,79.3,부모-자녀 갈등
CNS-SEO-00191,상담사 SEO-08,CTR-SEO-022,관악구 가족센터,SEO,위촉,10.7,3,7,61.5,True,90.3,이혼 전후
CNS-SEO-00192,상담사 SEO-01,CTR-SEO-023,서초구 가족센터,SEO,상근,6.2,6,10,82.8,False,100,기타 가족관계
CNS-SEO-00193,상담사 SEO-02,CTR-SEO-023,서초구 가족센터,SEO,상근,0.4,6,14,67.9,False,100,개인 정서·위기
CNS-SEO-00194,상담사 SEO-03,CTR-SEO-023,서초구 가족센터,SEO,위촉,7.3,3,7,65.5,False,100,부모-자녀 갈등
CNS-SEO-00195,상담사 SEO-04,CTR-SEO-023,서초구 가족센터,SEO,위촉,3.9,3,8,77.6,False,87.8,이혼 전후
CNS-SEO-00196,상담사 SEO-05,CTR-SEO-023,서초구 가족센터,SEO,위촉,5.4,3,4,72.0,False,84.3,부부갈등
CNS-SEO-00197,상담사 SEO-06,CTR-SEO-023,서초구 가족센터,SEO,위촉,8.4,3,9,69.7,True,86.0,기타 가족관계
CNS-SEO-00198,상담사 SEO-07,CTR-SEO-023,서초구 가족센터,SEO,위촉,5.4,3,9,68.4,False,66.0,개인 정서·위기
CNS-SEO-00199,상담사 SEO-08,CTR-SEO-023,서초구 가족센터,SEO,위촉,7.6,3,7,75.7,False,82.1,부모-자녀 갈등
CNS-SEO-00200,상담사 SEO-01,CTR-SEO-024,강남구 가족센터,SEO,상근,10.3,6,11,55.3,False,78.4,부부갈등
CNS-SEO-00201,상담사 SEO-02,CTR-SEO-024,강남구 가족센터,SEO,상근,9.3,6,14,73.3,True,95.5,기타 가족관계
CNS-SEO-00202,상담사 SEO-03,CTR-SEO-024,강남구 가족센터,SEO,위촉,8.8,3,9,76.2,True,83.9,개인 정서·위기
CNS-SEO-00203,상담사 SEO-04,CTR-SEO-024,강남구 가족센터,SEO,위촉,4.3,3,5,68.9,False,76.4,부모-자녀 갈등
CNS-SEO-00204,상담사 SEO-05,CTR-SEO-024,강남구 가족센터,SEO,위촉,3.1,3,3,86.3,False,76.5,이혼 전후
CNS-SEO-00205,상담사 SEO-06,CTR-SEO-024,강남구 가족센터,SEO,위촉,0.3,3,8,62.5,False,83.4,부부갈등
CNS-SEO-00206,상담사 SEO-07,CTR-SEO-024,강남구 가족센터,SEO,위촉,4.3,3,10,82.8,False,94.6,기타 가족관계
CNS-SEO-00207,상담사 SEO-08,CTR-SEO-024,강남구 가족센터,SEO,위촉,5.9,3,4,55.1,False,80.1,개인 정서·위기
CNS-SEO-00208,상담사 SEO-01,CTR-SEO-025,송파구 가족센터,SEO,상근,1.2,6,16,87.8,False,93.7,이혼 전후
CNS-SEO-00209,상담사 SEO-02,CTR-SEO-025,송파구 가족센터,SEO,상근,7.3,6,11,52.8,False,95.9,부부갈등
CNS-SEO-00210,상담사 SEO-03,CTR-SEO-025,송파구 가족센터,SEO,위촉,4.4,3,3,78.3,False,94.5,기타 가족관계
CNS-SEO-00211,상담사 SEO-04,CTR-SEO-025,송파구 가족센터,SEO,위촉,6.3,3,10,59.8,False,97.2,개인 정서·위기
CNS-SEO-00212,상담사 SEO-05,CTR-SEO-025,송파구 가족센터,SEO,위촉,0.3,3,7,63.1,False,84.1,부모-자녀 갈등
CNS-SEO-00213,상담사 SEO-06,CTR-SEO-025,송파구 가족센터,SEO,위촉,9.6,3,8,83.8,False,86.8,이혼 전후
CNS-SEO-00214,상담사 SEO-07,CTR-SEO-025,송파구 가족센터,SEO,위촉,2.4,3,11,77.2,False,78.5,부부갈등
CNS-SEO-00215,상담사 SEO-01,CTR-SEO-026,강동구 가족센터,SEO,상근,6.0,6,10,82.4,False,89.9,부부갈등
CNS-SEO-00216,상담사 SEO-02,CTR-SEO-026,강동구 가족센터,SEO,상근,4.0,6,10,69.9,False,85.1,기타 가족관계
CNS-SEO-00217,상담사 SEO-03,CTR-SEO-026,강동구 가족센터,SEO,위촉,8.0,3,9,76.1,True,95.6,개인 정서·위기
CNS-SEO-00218,상담사 SEO-04,CTR-SEO-026,강동구 가족센터,SEO,위촉,4.7,3,7,75.5,False,87.1,부모-자녀 갈등
CNS-SEO-00219,상담사 SEO-05,CTR-SEO-026,강동구 가족센터,SEO,위촉,8.9,3,4,65.5,True,67.7,이혼 전후
CNS-SEO-00220,상담사 SEO-06,CTR-SEO-026,강동구 가족센터,SEO,위촉,3.8,3,5,74.6,False,94.3,부부갈등
CNS-SEO-00221,상담사 SEO-07,CTR-SEO-026,강동구 가족센터,SEO,위촉,2.7,3,4,79.6,False,89.1,기타 가족관계
CNS-SEO-00222,상담사 SEO-08,CTR-SEO-026,강동구 가족센터,SEO,위촉,3.5,3,8,68.7,False,99.0,개인 정서·위기
CNS-SEO-00223,상담사 SEO-01,CTR-SEO-027,동부권 가족센터,SEO,상근,5.1,6,11,55.4,False,85.5,이혼 전후
CNS-SEO-00224,상담사 SEO-02,CTR-SEO-027,동부권 가족센터,SEO,상근,6.1,6,13,61.7,False,92.8,부부갈등
CNS-SEO-00225,상담사 SEO-03,CTR-SEO-027,동부권 가족센터,SEO,위촉,6.1,3,5,74.7,False,97.4,기타 가족관계
CNS-SEO-00226,상담사 SEO-04,CTR-SEO-027,동부권 가족센터,SEO,위촉,1.3,3,4,77.7,False,92.6,개인 정서·위기
CNS-SEO-00227,상담사 SEO-05,CTR-SEO-027,동부권 가족센터,SEO,위촉,5.6,3,6,81.6,False,87.6,부모-자녀 갈등
CNS-SEO-00228,상담사 SEO-06,CTR-SEO-027,동부권 가족센터,SEO,위촉,7.4,3,9,70.8,False,91.7,이혼 전후
CNS-SEO-00229,상담사 SEO-07,CTR-SEO-027,동부권 가족센터,SEO,위촉,8.1,3,7,77.0,False,88.3,부부갈등
CNS-SEO-00230,상담사 SEO-08,CTR-SEO-027,동부권 가족센터,SEO,위촉,6.7,3,6,71.8,False,80.3,기타 가족관계
CNS-SEO-00231,상담사 SEO-01,CTR-SEO-028,서울 건강가정지원센터 1,SEO,상근,5.7,6,14,53.1,False,82.5,부모-자녀 갈등
CNS-SEO-00232,상담사 SEO-02,CTR-SEO-028,서울 건강가정지원센터 1,SEO,상근,3.1,6,12,62.9,False,89.6,이혼 전후
CNS-SEO-00233,상담사 SEO-03,CTR-SEO-028,서울 건강가정지원센터 1,SEO,위촉,2.9,3,10,62.0,False,86.2,부부갈등
CNS-SEO-00234,상담사 SEO-04,CTR-SEO-028,서울 건강가정지원센터 1,SEO,위촉,1.7,3,5,65.6,False,81.5,기타 가족관계
CNS-SEO-00235,상담사 SEO-05,CTR-SEO-028,서울 건강가정지원센터 1,SEO,위촉,8.1,3,7,65.6,True,92.5,개인 정서·위기
CNS-SEO-00236,상담사 SEO-06,CTR-SEO-028,서울 건강가정지원센터 1,SEO,위촉,2.5,3,12,79.9,False,85.6,부모-자녀 갈등
CNS-SEO-00237,상담사 SEO-07,CTR-SEO-028,서울 건강가정지원센터 1,SEO,위촉,4.8,3,6,76.5,False,82.7,이혼 전후
CNS-SEO-00238,상담사 SEO-08,CTR-SEO-028,서울 건강가정지원센터 1,SEO,위촉,8.2,3,5,58.5,False,82.7,부부갈등
CNS-SEO-00239,상담사 SEO-09,CTR-SEO-028,서울 건강가정지원센터 1,SEO,위촉,2.3,3,8,84.4,False,81.5,기타 가족관계
CNS-SEO-00240,상담사 SEO-01,CTR-SEO-029,서울 건강가정지원센터 2,SEO,상근,2.6,6,10,62.5,False,97.1,부부갈등
CNS-SEO-00241,상담사 SEO-02,CTR-SEO-029,서울 건강가정지원센터 2,SEO,상근,5.8,6,14,63.5,False,85.6,기타 가족관계
CNS-SEO-00242,상담사 SEO-03,CTR-SEO-029,서울 건강가정지원센터 2,SEO,위촉,11.3,3,7,73.4,False,86.6,개인 정서·위기
CNS-SEO-00243,상담사 SEO-04,CTR-SEO-029,서울 건강가정지원센터 2,SEO,위촉,0.8,3,9,80.0,False,80.5,부모-자녀 갈등
CNS-SEO-00244,상담사 SEO-05,CTR-SEO-029,서울 건강가정지원센터 2,SEO,위촉,6.8,3,9,79.8,False,92.9,이혼 전후
CNS-SEO-00245,상담사 SEO-06,CTR-SEO-029,서울 건강가정지원센터 2,SEO,위촉,6.5,3,6,72.2,False,84.5,부부갈등
CNS-SEO-00246,상담사 SEO-07,CTR-SEO-029,서울 건강가정지원센터 2,SEO,위촉,7.0,3,9,83.7,False,68.0,기타 가족관계
CNS-SEO-00247,상담사 SEO-01,CTR-SEO-030,서울 다문화가족지원센터 3,SEO,상근,3.9,6,13,81.4,False,84.6,기타 가족관계
CNS-SEO-00248,상담사 SEO-02,CTR-SEO-030,서울 다문화가족지원센터 3,SEO,상근,1.2,6,13,68.4,False,94.7,개인 정서·위기
CNS-SEO-00249,상담사 SEO-03,CTR-SEO-030,서울 다문화가족지원센터 3,SEO,위촉,7.8,3,4,77.1,False,94.2,부모-자녀 갈등
CNS-SEO-00250,상담사 SEO-04,CTR-SEO-030,서울 다문화가족지원센터 3,SEO,위촉,10.9,3,7,77.8,False,94.2,이혼 전후
CNS-SEO-00251,상담사 SEO-05,CTR-SEO-030,서울 다문화가족지원센터 3,SEO,위촉,5.9,3,5,80.4,False,89.3,부부갈등
CNS-SEO-00252,상담사 SEO-06,CTR-SEO-030,서울 다문화가족지원센터 3,SEO,위촉,6.7,3,6,81.6,False,100,기타 가족관계
CNS-SEO-00253,상담사 SEO-07,CTR-SEO-030,서울 다문화가족지원센터 3,SEO,위촉,4.6,3,11,58.7,False,91.0,개인 정서·위기
CNS-SEO-00254,상담사 SEO-08,CTR-SEO-030,서울 다문화가족지원센터 3,SEO,위촉,4.7,3,6,79.8,False,78.6,부모-자녀 갈등
CNS-BUS-00255,상담사 BUS-01,CTR-BUS-001,부산 가족센터,BUS,상근,5.6,6,13,71.0,False,73.5,부부갈등
CNS-BUS-00256,상담사 BUS-02,CTR-BUS-001,부산 가족센터,BUS,상근,7.2,6,11,75.1,False,72.3,기타 가족관계
CNS-BUS-00257,상담사 BUS-03,CTR-BUS-001,부산 가족센터,BUS,위촉,7.1,3,5,72.0,False,90.6,개인 정서·위기
CNS-BUS-00258,상담사 BUS-04,CTR-BUS-001,부산 가족센터,BUS,위촉,9.6,3,3,81.0,True,85.3,부모-자녀 갈등
CNS-BUS-00259,상담사 BUS-05,CTR-BUS-001,부산 가족센터,BUS,위촉,6.6,3,7,62.9,False,97.7,이혼 전후
CNS-BUS-00260,상담사 BUS-06,CTR-BUS-001,부산 가족센터,BUS,위촉,11.0,3,6,76.6,False,88.0,부부갈등
CNS-BUS-00261,상담사 BUS-07,CTR-BUS-001,부산 가족센터,BUS,위촉,3.5,3,7,83.4,False,87.8,기타 가족관계
CNS-BUS-00262,상담사 BUS-01,CTR-BUS-002,강서구 가족센터,BUS,상근,1.4,6,10,78.8,False,83.7,기타 가족관계
CNS-BUS-00263,상담사 BUS-02,CTR-BUS-002,강서구 가족센터,BUS,상근,4.7,6,10,78.3,False,100,개인 정서·위기
CNS-BUS-00264,상담사 BUS-03,CTR-BUS-002,강서구 가족센터,BUS,위촉,10.3,3,8,77.7,True,70.5,부모-자녀 갈등
CNS-BUS-00265,상담사 BUS-04,CTR-BUS-002,강서구 가족센터,BUS,위촉,7.9,3,5,86.6,False,83.0,이혼 전후
CNS-BUS-00266,상담사 BUS-05,CTR-BUS-002,강서구 가족센터,BUS,위촉,6.8,3,9,58.7,False,90.2,부부갈등
CNS-BUS-00267,상담사 BUS-06,CTR-BUS-002,강서구 가족센터,BUS,위촉,7.6,3,12,83.8,False,93.6,기타 가족관계
CNS-BUS-00268,상담사 BUS-07,CTR-BUS-002,강서구 가족센터,BUS,위촉,1.3,3,4,42.5,False,83.8,개인 정서·위기
CNS-BUS-00269,상담사 BUS-01,CTR-BUS-003,금정구 가족센터,BUS,상근,5.4,6,10,72.1,False,100,개인 정서·위기
CNS-BUS-00270,상담사 BUS-02,CTR-BUS-003,금정구 가족센터,BUS,상근,3.9,6,13,71.1,False,88.3,부모-자녀 갈등
CNS-BUS-00271,상담사 BUS-03,CTR-BUS-003,금정구 가족센터,BUS,위촉,4.4,3,4,74.3,False,97.8,이혼 전후
CNS-BUS-00272,상담사 BUS-04,CTR-BUS-003,금정구 가족센터,BUS,위촉,3.5,3,11,75.1,False,65.2,부부갈등
CNS-BUS-00273,상담사 BUS-05,CTR-BUS-003,금정구 가족센터,BUS,위촉,2.7,3,5,73.5,False,84.1,기타 가족관계
CNS-BUS-00274,상담사 BUS-06,CTR-BUS-003,금정구 가족센터,BUS,위촉,4.1,3,9,72.1,False,81.8,개인 정서·위기
CNS-BUS-00275,상담사 BUS-07,CTR-BUS-003,금정구 가족센터,BUS,위촉,6.1,3,11,87.8,False,100,부모-자녀 갈등
CNS-BUS-00276,상담사 BUS-01,CTR-BUS-004,기장군 가족센터,BUS,상근,6.0,6,15,78.3,False,90.7,부모-자녀 갈등
CNS-BUS-00277,상담사 BUS-02,CTR-BUS-004,기장군 가족센터,BUS,상근,1.6,6,10,54.4,False,81.2,이혼 전후
CNS-BUS-00278,상담사 BUS-03,CTR-BUS-004,기장군 가족센터,BUS,위촉,3.6,3,8,72.0,False,99.7,부부갈등
CNS-BUS-00279,상담사 BUS-04,CTR-BUS-004,기장군 가족센터,BUS,위촉,3.3,3,8,79.9,False,83.3,기타 가족관계
CNS-BUS-00280,상담사 BUS-05,CTR-BUS-004,기장군 가족센터,BUS,위촉,2.7,3,7,59.3,False,96.1,개인 정서·위기
CNS-BUS-00281,상담사 BUS-06,CTR-BUS-004,기장군 가족센터,BUS,위촉,7.1,3,5,57.0,False,95.8,부모-자녀 갈등
CNS-BUS-00282,상담사 BUS-07,CTR-BUS-004,기장군 가족센터,BUS,위촉,5.9,3,4,81.1,False,91.7,이혼 전후
CNS-BUS-00283,상담사 BUS-08,CTR-BUS-004,기장군 가족센터,BUS,위촉,10.2,3,7,67.3,True,76.5,부부갈등
CNS-BUS-00284,상담사 BUS-01,CTR-BUS-005,남구 가족센터,BUS,상근,6.1,6,15,75.6,False,99.5,개인 정서·위기
CNS-BUS-00285,상담사 BUS-02,CTR-BUS-005,남구 가족센터,BUS,위촉,7.7,3,10,78.4,False,97.8,부모-자녀 갈등
CNS-BUS-00286,상담사 BUS-03,CTR-BUS-005,남구 가족센터,BUS,위촉,8.2,3,5,73.2,False,81.1,이혼 전후
CNS-BUS-00287,상담사 BUS-04,CTR-BUS-005,남구 가족센터,BUS,위촉,7.8,3,9,87.9,False,78.3,부부갈등
CNS-BUS-00288,상담사 BUS-05,CTR-BUS-005,남구 가족센터,BUS,위촉,11.4,3,7,68.6,True,82.9,기타 가족관계
CNS-BUS-00289,상담사 BUS-01,CTR-BUS-006,북구 가족센터,BUS,상근,1.5,6,10,80.5,False,80.3,개인 정서·위기
CNS-BUS-00290,상담사 BUS-02,CTR-BUS-006,북구 가족센터,BUS,상근,3.1,6,12,72.3,False,78.7,부모-자녀 갈등
CNS-BUS-00291,상담사 BUS-03,CTR-BUS-006,북구 가족센터,BUS,위촉,5.4,3,5,77.5,False,81.8,이혼 전후
CNS-BUS-00292,상담사 BUS-04,CTR-BUS-006,북구 가족센터,BUS,위촉,4.7,3,10,56.7,False,97.0,부부갈등
CNS-BUS-00293,상담사 BUS-05,CTR-BUS-006,북구 가족센터,BUS,위촉,5.1,3,8,71.4,False,76.0,기타 가족관계
CNS-BUS-00294,상담사 BUS-06,CTR-BUS-006,북구 가족센터,BUS,위촉,6.6,3,5,68.7,False,84.6,개인 정서·위기
CNS-BUS-00295,상담사 BUS-07,CTR-BUS-006,북구 가족센터,BUS,위촉,1.4,3,9,68.2,False,85.6,부모-자녀 갈등
CNS-BUS-00296,상담사 BUS-01,CTR-BUS-007,사상구 가족센터,BUS,상근,5.7,6,13,89.1,False,86.3,부모-자녀 갈등
CNS-BUS-00297,상담사 BUS-02,CTR-BUS-007,사상구 가족센터,BUS,상근,7.3,6,9,63.3,False,100,이혼 전후
CNS-BUS-00298,상담사 BUS-03,CTR-BUS-007,사상구 가족센터,BUS,위촉,5.7,3,8,73.9,False,67.8,부부갈등
CNS-BUS-00299,상담사 BUS-04,CTR-BUS-007,사상구 가족센터,BUS,위촉,2.5,3,6,63.5,False,87.5,기타 가족관계
CNS-BUS-00300,상담사 BUS-05,CTR-BUS-007,사상구 가족센터,BUS,위촉,12.8,3,9,64.4,True,94.1,개인 정서·위기
CNS-BUS-00301,상담사 BUS-06,CTR-BUS-007,사상구 가족센터,BUS,위촉,7.5,3,10,70.3,False,81.8,부모-자녀 갈등
CNS-BUS-00302,상담사 BUS-07,CTR-BUS-007,사상구 가족센터,BUS,위촉,5.3,3,6,76.7,False,96.3,이혼 전후
CNS-BUS-00303,상담사 BUS-01,CTR-BUS-008,사하구 가족센터,BUS,상근,5.3,6,13,66.8,False,91.7,이혼 전후
CNS-BUS-00304,상담사 BUS-02,CTR-BUS-008,사하구 가족센터,BUS,위촉,5.1,3,7,66.6,False,81.9,부부갈등
CNS-BUS-00305,상담사 BUS-03,CTR-BUS-008,사하구 가족센터,BUS,위촉,3.3,3,8,90.3,False,92.1,기타 가족관계
CNS-BUS-00306,상담사 BUS-04,CTR-BUS-008,사하구 가족센터,BUS,위촉,0.5,3,4,76.4,False,88.1,개인 정서·위기
CNS-BUS-00307,상담사 BUS-05,CTR-BUS-008,사하구 가족센터,BUS,위촉,6.9,3,5,65.1,False,89.3,부모-자녀 갈등
CNS-BUS-00308,상담사 BUS-01,CTR-BUS-009,수영구 가족센터,BUS,상근,7.2,6,11,56.6,False,99.9,이혼 전후
CNS-BUS-00309,상담사 BUS-02,CTR-BUS-009,수영구 가족센터,BUS,위촉,1.2,3,8,65.6,False,84.5,부부갈등
CNS-BUS-00310,상담사 BUS-03,CTR-BUS-009,수영구 가족센터,BUS,위촉,3.0,3,5,70.7,False,86.0,기타 가족관계
CNS-BUS-00311,상담사 BUS-04,CTR-BUS-009,수영구 가족센터,BUS,위촉,9.0,3,4,64.7,True,77.2,개인 정서·위기
CNS-BUS-00312,상담사 BUS-05,CTR-BUS-009,수영구 가족센터,BUS,위촉,10.3,3,8,50.4,False,92.4,부모-자녀 갈등
CNS-BUS-00313,상담사 BUS-01,CTR-BUS-010,해운대구 가족센터,BUS,상근,4.3,6,14,72.1,False,91.7,이혼 전후
CNS-BUS-00314,상담사 BUS-02,CTR-BUS-010,해운대구 가족센터,BUS,상근,0.5,6,14,68.4,False,73.1,부부갈등
CNS-BUS-00315,상담사 BUS-03,CTR-BUS-010,해운대구 가족센터,BUS,위촉,4.6,3,9,62.9,False,84.0,기타 가족관계
CNS-BUS-00316,상담사 BUS-04,CTR-BUS-010,해운대구 가족센터,BUS,위촉,7.7,3,8,61.4,False,93.3,개인 정서·위기
CNS-BUS-00317,상담사 BUS-05,CTR-BUS-010,해운대구 가족센터,BUS,위촉,7.0,3,9,80.1,False,92.4,부모-자녀 갈등
CNS-BUS-00318,상담사 BUS-06,CTR-BUS-010,해운대구 가족센터,BUS,위촉,12.2,3,7,65.9,False,86.4,이혼 전후
CNS-BUS-00319,상담사 BUS-07,CTR-BUS-010,해운대구 가족센터,BUS,위촉,3.0,3,7,73.2,False,81.2,부부갈등
CNS-BUS-00320,상담사 BUS-01,CTR-BUS-011,부산 건강가정지원센터 1,BUS,상근,3.3,6,13,63.2,False,88.0,부부갈등
CNS-BUS-00321,상담사 BUS-02,CTR-BUS-011,부산 건강가정지원센터 1,BUS,위촉,4.9,3,5,72.6,False,89.4,기타 가족관계
CNS-BUS-00322,상담사 BUS-03,CTR-BUS-011,부산 건강가정지원센터 1,BUS,위촉,7.3,3,9,63.2,False,90.2,개인 정서·위기
CNS-BUS-00323,상담사 BUS-04,CTR-BUS-011,부산 건강가정지원센터 1,BUS,위촉,4.2,3,9,78.7,False,83.4,부모-자녀 갈등
CNS-BUS-00324,상담사 BUS-05,CTR-BUS-011,부산 건강가정지원센터 1,BUS,위촉,8.3,3,5,55.8,True,85.9,이혼 전후
CNS-BUS-00325,상담사 BUS-01,CTR-BUS-012,부산 다문화가족지원센터 2,BUS,상근,8.0,6,14,72.2,True,88.4,부부갈등
CNS-BUS-00326,상담사 BUS-02,CTR-BUS-012,부산 다문화가족지원센터 2,BUS,상근,7.2,6,6,63.7,False,85.3,기타 가족관계
CNS-BUS-00327,상담사 BUS-03,CTR-BUS-012,부산 다문화가족지원센터 2,BUS,위촉,1.3,3,8,84.9,False,88.6,개인 정서·위기
CNS-BUS-00328,상담사 BUS-04,CTR-BUS-012,부산 다문화가족지원센터 2,BUS,위촉,7.2,3,4,73.7,False,84.5,부모-자녀 갈등
CNS-BUS-00329,상담사 BUS-05,CTR-BUS-012,부산 다문화가족지원센터 2,BUS,위촉,5.4,3,8,87.5,False,87.9,이혼 전후
CNS-BUS-00330,상담사 BUS-06,CTR-BUS-012,부산 다문화가족지원센터 2,BUS,위촉,5.1,3,6,78.7,False,84.8,부부갈등
CNS-BUS-00331,상담사 BUS-07,CTR-BUS-012,부산 다문화가족지원센터 2,BUS,위촉,7.0,3,6,93.4,False,74.7,기타 가족관계
CNS-BUS-00332,상담사 BUS-08,CTR-BUS-012,부산 다문화가족지원센터 2,BUS,위촉,7.2,3,6,72.7,False,93.3,개인 정서·위기
CNS-DGU-00333,상담사 DGU-01,CTR-DGU-001,대구 가족센터,DGU,상근,5.1,6,11,63.7,False,84.6,이혼 전후
CNS-DGU-00334,상담사 DGU-02,CTR-DGU-001,대구 가족센터,DGU,상근,2.6,6,9,80.3,False,100,부부갈등
CNS-DGU-00335,상담사 DGU-03,CTR-DGU-001,대구 가족센터,DGU,위촉,2.0,3,7,66.9,False,75.4,기타 가족관계
CNS-DGU-00336,상담사 DGU-04,CTR-DGU-001,대구 가족센터,DGU,위촉,4.1,3,4,69.1,False,89.1,개인 정서·위기
CNS-DGU-00337,상담사 DGU-05,CTR-DGU-001,대구 가족센터,DGU,위촉,5.1,3,8,76.6,False,89.7,부모-자녀 갈등
CNS-DGU-00338,상담사 DGU-06,CTR-DGU-001,대구 가족센터,DGU,위촉,5.1,3,8,78.1,False,94.6,이혼 전후
CNS-DGU-00339,상담사 DGU-07,CTR-DGU-001,대구 가족센터,DGU,위촉,2.0,3,8,82.4,False,77.8,부부갈등
CNS-DGU-00340,상담사 DGU-08,CTR-DGU-001,대구 가족센터,DGU,위촉,4.5,3,8,63.4,False,77.8,기타 가족관계
CNS-DGU-00341,상담사 DGU-01,CTR-DGU-002,중구 가족센터,DGU,상근,1.5,6,7,60.5,False,92.7,부모-자녀 갈등
CNS-DGU-00342,상담사 DGU-02,CTR-DGU-002,중구 가족센터,DGU,상근,2.3,6,13,76.7,False,93.5,이혼 전후
CNS-DGU-00343,상담사 DGU-03,CTR-DGU-002,중구 가족센터,DGU,위촉,5.2,3,8,65.4,False,90.0,부부갈등
CNS-DGU-00344,상담사 DGU-04,CTR-DGU-002,중구 가족센터,DGU,위촉,2.7,3,10,65.9,False,67.5,기타 가족관계
CNS-DGU-00345,상담사 DGU-05,CTR-DGU-002,중구 가족센터,DGU,위촉,8.0,3,6,54.5,False,75.9,개인 정서·위기
CNS-DGU-00346,상담사 DGU-06,CTR-DGU-002,중구 가족센터,DGU,위촉,4.5,3,9,52.9,False,82.3,부모-자녀 갈등
CNS-DGU-00347,상담사 DGU-07,CTR-DGU-002,중구 가족센터,DGU,위촉,5.2,3,6,66.9,False,73.8,이혼 전후
CNS-DGU-00348,상담사 DGU-08,CTR-DGU-002,중구 가족센터,DGU,위촉,7.2,3,8,84.8,False,81.2,부부갈등
CNS-DGU-00349,상담사 DGU-01,CTR-DGU-003,동구 가족센터,DGU,상근,7.6,6,11,74.7,False,95.7,개인 정서·위기
CNS-DGU-00350,상담사 DGU-02,CTR-DGU-003,동구 가족센터,DGU,상근,7.8,6,12,61.7,False,75.3,부모-자녀 갈등
CNS-DGU-00351,상담사 DGU-03,CTR-DGU-003,동구 가족센터,DGU,위촉,5.1,3,8,59.4,False,85.8,이혼 전후
CNS-DGU-00352,상담사 DGU-04,CTR-DGU-003,동구 가족센터,DGU,위촉,4.4,3,7,76.1,False,85.2,부부갈등
CNS-DGU-00353,상담사 DGU-05,CTR-DGU-003,동구 가족센터,DGU,위촉,3.6,3,5,82.7,False,81.5,기타 가족관계
CNS-DGU-00354,상담사 DGU-06,CTR-DGU-003,동구 가족센터,DGU,위촉,7.9,3,5,54.8,False,83.4,개인 정서·위기
CNS-DGU-00355,상담사 DGU-07,CTR-DGU-003,동구 가족센터,DGU,위촉,9.4,3,7,65.1,False,92.0,부모-자녀 갈등
CNS-DGU-00356,상담사 DGU-01,CTR-DGU-004,서구 가족센터,DGU,상근,8.9,6,13,87.7,False,76.5,부모-자녀 갈등
CNS-DGU-00357,상담사 DGU-02,CTR-DGU-004,서구 가족센터,DGU,상근,8.1,6,10,65.1,True,88.2,이혼 전후
CNS-DGU-00358,상담사 DGU-03,CTR-DGU-004,서구 가족센터,DGU,위촉,5.1,3,4,86.5,False,84.0,부부갈등
CNS-DGU-00359,상담사 DGU-04,CTR-DGU-004,서구 가족센터,DGU,위촉,2.1,3,9,83.1,False,91.7,기타 가족관계
CNS-DGU-00360,상담사 DGU-05,CTR-DGU-004,서구 가족센터,DGU,위촉,5.9,3,10,65.3,False,82.3,개인 정서·위기
CNS-DGU-00361,상담사 DGU-06,CTR-DGU-004,서구 가족센터,DGU,위촉,4.9,3,6,72.4,False,87.4,부모-자녀 갈등
CNS-DGU-00362,상담사 DGU-07,CTR-DGU-004,서구 가족센터,DGU,위촉,5.7,3,5,60.7,False,77.6,이혼 전후
CNS-DGU-00363,상담사 DGU-01,CTR-DGU-005,남구 가족센터,DGU,상근,4.7,6,13,58.8,False,79.3,이혼 전후
CNS-DGU-00364,상담사 DGU-02,CTR-DGU-005,남구 가족센터,DGU,상근,6.4,6,11,71.2,False,93.1,부부갈등
CNS-DGU-00365,상담사 DGU-03,CTR-DGU-005,남구 가족센터,DGU,위촉,0.3,3,8,84.3,False,92.4,기타 가족관계
CNS-DGU-00366,상담사 DGU-04,CTR-DGU-005,남구 가족센터,DGU,위촉,5.1,3,5,59.6,False,83.4,개인 정서·위기
CNS-DGU-00367,상담사 DGU-05,CTR-DGU-005,남구 가족센터,DGU,위촉,3.9,3,8,87.7,False,85.5,부모-자녀 갈등
CNS-DGU-00368,상담사 DGU-06,CTR-DGU-005,남구 가족센터,DGU,위촉,12.7,3,6,78.2,True,85.0,이혼 전후
CNS-DGU-00369,상담사 DGU-07,CTR-DGU-005,남구 가족센터,DGU,위촉,8.1,3,6,72.2,True,98.8,부부갈등
CNS-DGU-00370,상담사 DGU-01,CTR-DGU-006,북구 가족센터,DGU,상근,5.2,6,14,54.2,False,79.7,부부갈등
CNS-DGU-00371,상담사 DGU-02,CTR-DGU-006,북구 가족센터,DGU,상근,9.5,6,9,69.8,True,91.1,기타 가족관계
CNS-DGU-00372,상담사 DGU-03,CTR-DGU-006,북구 가족센터,DGU,위촉,0.3,3,6,54.1,False,89.3,개인 정서·위기
CNS-DGU-00373,상담사 DGU-04,CTR-DGU-006,북구 가족센터,DGU,위촉,5.4,3,7,57.3,False,84.2,부모-자녀 갈등
CNS-DGU-00374,상담사 DGU-05,CTR-DGU-006,북구 가족센터,DGU,위촉,4.5,3,8,88.5,False,99.7,이혼 전후
CNS-DGU-00375,상담사 DGU-06,CTR-DGU-006,북구 가족센터,DGU,위촉,5.2,3,8,70.2,False,78.3,부부갈등
CNS-DGU-00376,상담사 DGU-07,CTR-DGU-006,북구 가족센터,DGU,위촉,5.1,3,8,82.0,False,84.9,기타 가족관계
CNS-DGU-00377,상담사 DGU-08,CTR-DGU-006,북구 가족센터,DGU,위촉,6.1,3,9,73.6,False,86.2,개인 정서·위기
CNS-DGU-00378,상담사 DGU-01,CTR-DGU-007,수성구 가족센터,DGU,상근,5.9,6,9,65.1,False,86.4,이혼 전후
CNS-DGU-00379,상담사 DGU-02,CTR-DGU-007,수성구 가족센터,DGU,상근,2.4,6,14,73.5,False,91.5,부부갈등
CNS-DGU-00380,상담사 DGU-03,CTR-DGU-007,수성구 가족센터,DGU,위촉,7.0,3,8,71.2,False,97.2,기타 가족관계
CNS-DGU-00381,상담사 DGU-04,CTR-DGU-007,수성구 가족센터,DGU,위촉,5.2,3,11,68.9,False,87.7,개인 정서·위기
CNS-DGU-00382,상담사 DGU-05,CTR-DGU-007,수성구 가족센터,DGU,위촉,7.7,3,4,87.9,False,100,부모-자녀 갈등
CNS-DGU-00383,상담사 DGU-06,CTR-DGU-007,수성구 가족센터,DGU,위촉,6.6,3,8,68.6,False,92.7,이혼 전후
CNS-DGU-00384,상담사 DGU-07,CTR-DGU-007,수성구 가족센터,DGU,위촉,3.7,3,10,71.4,False,86.2,부부갈등
CNS-DGU-00385,상담사 DGU-08,CTR-DGU-007,수성구 가족센터,DGU,위촉,7.1,3,9,76.4,False,89.1,기타 가족관계
CNS-DGU-00386,상담사 DGU-01,CTR-DGU-008,달서구 가족센터,DGU,상근,2.0,6,18,79.2,False,73.6,부모-자녀 갈등
CNS-DGU-00387,상담사 DGU-02,CTR-DGU-008,달서구 가족센터,DGU,상근,3.5,6,14,66.0,False,87.9,이혼 전후
CNS-DGU-00388,상담사 DGU-03,CTR-DGU-008,달서구 가족센터,DGU,위촉,6.9,3,9,75.2,False,92.2,부부갈등
CNS-DGU-00389,상담사 DGU-04,CTR-DGU-008,달서구 가족센터,DGU,위촉,10.0,3,7,64.7,False,94.8,기타 가족관계
CNS-DGU-00390,상담사 DGU-05,CTR-DGU-008,달서구 가족센터,DGU,위촉,5.9,3,5,66.9,False,79.0,개인 정서·위기
CNS-DGU-00391,상담사 DGU-06,CTR-DGU-008,달서구 가족센터,DGU,위촉,0.3,3,9,73.1,False,78.6,부모-자녀 갈등
CNS-DGU-00392,상담사 DGU-07,CTR-DGU-008,달서구 가족센터,DGU,위촉,10.3,3,6,74.0,True,74.1,이혼 전후
CNS-DGU-00393,상담사 DGU-08,CTR-DGU-008,달서구 가족센터,DGU,위촉,6.2,3,7,52.6,False,83.3,부부갈등
CNS-DGU-00394,상담사 DGU-01,CTR-DGU-009,달성군 가족센터,DGU,상근,7.4,6,15,84.5,False,89.2,개인 정서·위기
CNS-DGU-00395,상담사 DGU-02,CTR-DGU-009,달성군 가족센터,DGU,상근,3.8,6,12,71.3,False,97.8,부모-자녀 갈등
CNS-DGU-00396,상담사 DGU-03,CTR-DGU-009,달성군 가족센터,DGU,위촉,5.6,3,5,82.7,False,94.9,이혼 전후
CNS-DGU-00397,상담사 DGU-04,CTR-DGU-009,달성군 가족센터,DGU,위촉,3.9,3,5,65.0,False,89.0,부부갈등
CNS-DGU-00398,상담사 DGU-05,CTR-DGU-009,달성군 가족센터,DGU,위촉,2.9,3,8,75.0,False,94.8,기타 가족관계
CNS-DGU-00399,상담사 DGU-06,CTR-DGU-009,달성군 가족센터,DGU,위촉,6.9,3,5,73.3,False,100,개인 정서·위기
CNS-DGU-00400,상담사 DGU-07,CTR-DGU-009,달성군 가족센터,DGU,위촉,5.6,3,7,94.1,False,93.1,부모-자녀 갈등
CNS-DGU-00401,상담사 DGU-08,CTR-DGU-009,달성군 가족센터,DGU,위촉,8.0,3,5,92.7,False,75.3,이혼 전후
CNS-DGU-00402,상담사 DGU-09,CTR-DGU-009,달성군 가족센터,DGU,위촉,10.3,3,3,77.1,True,77.7,부부갈등
CNS-DGU-00403,상담사 DGU-01,CTR-DGU-010,군위군 가족센터,DGU,상근,3.4,6,11,76.0,False,84.1,이혼 전후
CNS-DGU-00404,상담사 DGU-02,CTR-DGU-010,군위군 가족센터,DGU,상근,0.6,6,13,74.6,False,96.0,부부갈등
CNS-DGU-00405,상담사 DGU-03,CTR-DGU-010,군위군 가족센터,DGU,위촉,4.8,3,6,67.0,False,92.6,기타 가족관계
CNS-DGU-00406,상담사 DGU-04,CTR-DGU-010,군위군 가족센터,DGU,위촉,7.7,3,10,84.9,False,95.6,개인 정서·위기
CNS-DGU-00407,상담사 DGU-05,CTR-DGU-010,군위군 가족센터,DGU,위촉,5.5,3,7,88.8,False,94.1,부모-자녀 갈등
CNS-DGU-00408,상담사 DGU-06,CTR-DGU-010,군위군 가족센터,DGU,위촉,7.0,3,3,86.8,False,89.2,이혼 전후
CNS-DGU-00409,상담사 DGU-07,CTR-DGU-010,군위군 가족센터,DGU,위촉,7.6,3,13,75.0,False,79.4,부부갈등
CNS-DGU-00410,상담사 DGU-08,CTR-DGU-010,군위군 가족센터,DGU,위촉,3.1,3,9,55.3,False,93.6,기타 가족관계
CNS-DGU-00411,상담사 DGU-01,CTR-DGU-011,대구 다문화가족지원센터 1,DGU,상근,2.3,6,13,63.3,False,92.9,부모-자녀 갈등
CNS-DGU-00412,상담사 DGU-02,CTR-DGU-011,대구 다문화가족지원센터 1,DGU,상근,1.7,6,10,67.0,False,86.0,이혼 전후
CNS-DGU-00413,상담사 DGU-03,CTR-DGU-011,대구 다문화가족지원센터 1,DGU,위촉,8.7,3,6,60.6,False,87.5,부부갈등
CNS-DGU-00414,상담사 DGU-04,CTR-DGU-011,대구 다문화가족지원센터 1,DGU,위촉,4.7,3,8,73.1,False,91.0,기타 가족관계
CNS-DGU-00415,상담사 DGU-05,CTR-DGU-011,대구 다문화가족지원센터 1,DGU,위촉,7.2,3,6,72.3,False,100,개인 정서·위기
CNS-DGU-00416,상담사 DGU-06,CTR-DGU-011,대구 다문화가족지원센터 1,DGU,위촉,7.3,3,6,62.9,False,96.8,부모-자녀 갈등
CNS-DGU-00417,상담사 DGU-07,CTR-DGU-011,대구 다문화가족지원센터 1,DGU,위촉,10.5,3,6,64.7,True,95.1,이혼 전후
CNS-DGU-00418,상담사 DGU-08,CTR-DGU-011,대구 다문화가족지원센터 1,DGU,위촉,5.1,3,3,60.1,False,100,부부갈등
CNS-INC-00419,상담사 INC-01,CTR-INC-001,인천 가족센터,INC,상근,3.3,6,13,87.6,False,91.8,개인 정서·위기
CNS-INC-00420,상담사 INC-02,CTR-INC-001,인천 가족센터,INC,상근,3.3,6,12,57.0,False,97.4,부모-자녀 갈등
CNS-INC-00421,상담사 INC-03,CTR-INC-001,인천 가족센터,INC,위촉,9.4,3,8,63.8,True,84.7,이혼 전후
CNS-INC-00422,상담사 INC-04,CTR-INC-001,인천 가족센터,INC,위촉,9.0,3,3,43.5,True,84.4,부부갈등
CNS-INC-00423,상담사 INC-05,CTR-INC-001,인천 가족센터,INC,위촉,5.1,3,8,66.8,False,99.2,기타 가족관계
CNS-INC-00424,상담사 INC-06,CTR-INC-001,인천 가족센터,INC,위촉,7.5,3,9,58.5,False,83.8,개인 정서·위기
CNS-INC-00425,상담사 INC-07,CTR-INC-001,인천 가족센터,INC,위촉,6.2,3,11,89.2,False,94.6,부모-자녀 갈등
CNS-INC-00426,상담사 INC-01,CTR-INC-002,중구 가족센터,INC,상근,7.9,6,13,62.5,False,97.0,부모-자녀 갈등
CNS-INC-00427,상담사 INC-02,CTR-INC-002,중구 가족센터,INC,상근,0.3,6,12,78.3,False,79.4,이혼 전후
CNS-INC-00428,상담사 INC-03,CTR-INC-002,중구 가족센터,INC,위촉,1.4,3,5,53.6,False,96.1,부부갈등
CNS-INC-00429,상담사 INC-04,CTR-INC-002,중구 가족센터,INC,위촉,7.2,3,9,92.6,False,71.4,기타 가족관계
CNS-INC-00430,상담사 INC-05,CTR-INC-002,중구 가족센터,INC,위촉,9.9,3,5,69.7,False,100,개인 정서·위기
CNS-INC-00431,상담사 INC-06,CTR-INC-002,중구 가족센터,INC,위촉,6.2,3,7,63.5,False,69.8,부모-자녀 갈등
CNS-INC-00432,상담사 INC-07,CTR-INC-002,중구 가족센터,INC,위촉,10.8,3,7,87.8,False,89.5,이혼 전후
CNS-INC-00433,상담사 INC-01,CTR-INC-003,동구 가족센터,INC,상근,3.1,6,10,68.0,False,89.3,이혼 전후
CNS-INC-00434,상담사 INC-02,CTR-INC-003,동구 가족센터,INC,상근,0.3,6,11,45.4,False,81.8,부부갈등
CNS-INC-00435,상담사 INC-03,CTR-INC-003,동구 가족센터,INC,위촉,8.9,3,4,81.8,True,90.5,기타 가족관계
CNS-INC-00436,상담사 INC-04,CTR-INC-003,동구 가족센터,INC,위촉,5.2,3,7,69.8,False,73.4,개인 정서·위기
CNS-INC-00437,상담사 INC-05,CTR-INC-003,동구 가족센터,INC,위촉,9.2,3,7,61.2,True,89.3,부모-자녀 갈등
CNS-INC-00438,상담사 INC-06,CTR-INC-003,동구 가족센터,INC,위촉,8.5,3,7,84.8,False,100,이혼 전후
CNS-INC-00439,상담사 INC-07,CTR-INC-003,동구 가족센터,INC,위촉,3.5,3,9,84.0,False,91.7,부부갈등
CNS-INC-00440,상담사 INC-08,CTR-INC-003,동구 가족센터,INC,위촉,4.6,3,10,57.2,False,92.0,기타 가족관계
CNS-INC-00441,상담사 INC-09,CTR-INC-003,동구 가족센터,INC,위촉,8.3,3,6,85.4,True,75.9,개인 정서·위기
CNS-INC-00442,상담사 INC-01,CTR-INC-004,미추홀구 가족센터,INC,상근,6.4,6,11,72.1,False,88.9,기타 가족관계
CNS-INC-00443,상담사 INC-02,CTR-INC-004,미추홀구 가족센터,INC,상근,4.9,6,10,87.1,False,74.2,개인 정서·위기
CNS-INC-00444,상담사 INC-03,CTR-INC-004,미추홀구 가족센터,INC,위촉,2.0,3,5,75.5,False,100,부모-자녀 갈등
CNS-INC-00445,상담사 INC-04,CTR-INC-004,미추홀구 가족센터,INC,위촉,13.4,3,8,71.5,False,94.3,이혼 전후
CNS-INC-00446,상담사 INC-05,CTR-INC-004,미추홀구 가족센터,INC,위촉,5.3,3,6,58.1,False,90.3,부부갈등
CNS-INC-00447,상담사 INC-06,CTR-INC-004,미추홀구 가족센터,INC,위촉,12.5,3,9,56.6,False,85.5,기타 가족관계
CNS-INC-00448,상담사 INC-07,CTR-INC-004,미추홀구 가족센터,INC,위촉,3.9,3,3,78.2,False,90.4,개인 정서·위기
CNS-INC-00449,상담사 INC-08,CTR-INC-004,미추홀구 가족센터,INC,위촉,4.3,3,7,66.9,False,83.0,부모-자녀 갈등
CNS-INC-00450,상담사 INC-09,CTR-INC-004,미추홀구 가족센터,INC,위촉,5.2,3,8,57.0,False,84.2,이혼 전후
CNS-INC-00451,상담사 INC-01,CTR-INC-005,연수구 가족센터,INC,상근,0.3,6,11,66.2,False,100,부모-자녀 갈등
CNS-INC-00452,상담사 INC-02,CTR-INC-005,연수구 가족센터,INC,상근,6.3,6,14,69.8,False,95.5,이혼 전후
CNS-INC-00453,상담사 INC-03,CTR-INC-005,연수구 가족센터,INC,위촉,5.2,3,3,64.0,False,81.3,부부갈등
CNS-INC-00454,상담사 INC-04,CTR-INC-005,연수구 가족센터,INC,위촉,5.1,3,7,75.8,False,82.4,기타 가족관계
CNS-INC-00455,상담사 INC-05,CTR-INC-005,연수구 가족센터,INC,위촉,11.0,3,8,63.2,True,100,개인 정서·위기
CNS-INC-00456,상담사 INC-06,CTR-INC-005,연수구 가족센터,INC,위촉,0.3,3,3,62.9,False,96.5,부모-자녀 갈등
CNS-INC-00457,상담사 INC-07,CTR-INC-005,연수구 가족센터,INC,위촉,8.9,3,5,77.3,True,88.3,이혼 전후
CNS-INC-00458,상담사 INC-08,CTR-INC-005,연수구 가족센터,INC,위촉,5.5,3,4,82.9,False,70.7,부부갈등
CNS-INC-00459,상담사 INC-09,CTR-INC-005,연수구 가족센터,INC,위촉,0.3,3,10,72.9,False,84.6,기타 가족관계
CNS-INC-00460,상담사 INC-10,CTR-INC-005,연수구 가족센터,INC,위촉,5.5,3,6,67.3,False,98.1,개인 정서·위기
CNS-INC-00461,상담사 INC-01,CTR-INC-006,남동구 가족센터,INC,상근,6.2,6,13,59.9,False,80.1,부모-자녀 갈등
CNS-INC-00462,상담사 INC-02,CTR-INC-006,남동구 가족센터,INC,상근,1.2,6,13,91.8,False,85.1,이혼 전후
CNS-INC-00463,상담사 INC-03,CTR-INC-006,남동구 가족센터,INC,위촉,7.2,3,7,85.4,False,94.4,부부갈등
CNS-INC-00464,상담사 INC-04,CTR-INC-006,남동구 가족센터,INC,위촉,4.5,3,5,84.4,False,87.9,기타 가족관계
CNS-INC-00465,상담사 INC-05,CTR-INC-006,남동구 가족센터,INC,위촉,5.2,3,5,69.5,False,95.1,개인 정서·위기
CNS-INC-00466,상담사 INC-06,CTR-INC-006,남동구 가족센터,INC,위촉,7.9,3,6,73.2,False,79.6,부모-자녀 갈등
CNS-INC-00467,상담사 INC-07,CTR-INC-006,남동구 가족센터,INC,위촉,2.2,3,8,75.8,False,86.1,이혼 전후
CNS-INC-00468,상담사 INC-08,CTR-INC-006,남동구 가족센터,INC,위촉,2.5,3,10,66.9,False,88.6,부부갈등
CNS-INC-00469,상담사 INC-01,CTR-INC-007,부평구 가족센터,INC,상근,1.2,6,8,84.5,False,90.2,개인 정서·위기
CNS-INC-00470,상담사 INC-02,CTR-INC-007,부평구 가족센터,INC,상근,9.0,6,13,78.4,True,81.3,부모-자녀 갈등
CNS-INC-00471,상담사 INC-03,CTR-INC-007,부평구 가족센터,INC,위촉,4.6,3,8,71.8,False,87.5,이혼 전후
CNS-INC-00472,상담사 INC-04,CTR-INC-007,부평구 가족센터,INC,위촉,7.0,3,10,71.6,False,79.8,부부갈등
CNS-INC-00473,상담사 INC-05,CTR-INC-007,부평구 가족센터,INC,위촉,5.7,3,11,69.5,False,76.1,기타 가족관계
CNS-INC-00474,상담사 INC-06,CTR-INC-007,부평구 가족센터,INC,위촉,4.1,3,10,59.6,False,87.0,개인 정서·위기
CNS-INC-00475,상담사 INC-07,CTR-INC-007,부평구 가족센터,INC,위촉,5.7,3,4,62.0,False,82.5,부모-자녀 갈등
CNS-INC-00476,상담사 INC-08,CTR-INC-007,부평구 가족센터,INC,위촉,5.4,3,8,71.3,False,82.7,이혼 전후
CNS-INC-00477,상담사 INC-01,CTR-INC-008,계양구 가족센터,INC,상근,6.5,6,11,71.7,False,82.3,기타 가족관계
CNS-INC-00478,상담사 INC-02,CTR-INC-008,계양구 가족센터,INC,상근,1.6,6,15,64.9,False,87.3,개인 정서·위기
CNS-INC-00479,상담사 INC-03,CTR-INC-008,계양구 가족센터,INC,위촉,7.8,3,5,74.9,False,76.7,부모-자녀 갈등
CNS-INC-00480,상담사 INC-04,CTR-INC-008,계양구 가족센터,INC,위촉,3.2,3,9,83.8,False,80.8,이혼 전후
CNS-INC-00481,상담사 INC-05,CTR-INC-008,계양구 가족센터,INC,위촉,7.7,3,8,59.4,False,94.7,부부갈등
CNS-INC-00482,상담사 INC-06,CTR-INC-008,계양구 가족센터,INC,위촉,4.4,3,9,66.7,False,85.9,기타 가족관계
CNS-INC-00483,상담사 INC-07,CTR-INC-008,계양구 가족센터,INC,위촉,2.7,3,8,74.5,False,90.6,개인 정서·위기
CNS-INC-00484,상담사 INC-01,CTR-INC-009,서구 가족센터,INC,상근,4.0,6,9,77.6,False,76.3,개인 정서·위기
CNS-INC-00485,상담사 INC-02,CTR-INC-009,서구 가족센터,INC,상근,4.0,6,7,64.7,False,80.2,부모-자녀 갈등
CNS-INC-00486,상담사 INC-03,CTR-INC-009,서구 가족센터,INC,위촉,7.8,3,8,82.7,False,81.9,이혼 전후
CNS-INC-00487,상담사 INC-04,CTR-INC-009,서구 가족센터,INC,위촉,1.3,3,3,65.0,False,84.8,부부갈등
CNS-INC-00488,상담사 INC-05,CTR-INC-009,서구 가족센터,INC,위촉,4.5,3,10,62.7,False,93.4,기타 가족관계
CNS-INC-00489,상담사 INC-06,CTR-INC-009,서구 가족센터,INC,위촉,5.2,3,7,70.7,False,90.0,개인 정서·위기
CNS-INC-00490,상담사 INC-07,CTR-INC-009,서구 가족센터,INC,위촉,1.4,3,8,88.5,False,96.7,부모-자녀 갈등
CNS-INC-00491,상담사 INC-08,CTR-INC-009,서구 가족센터,INC,위촉,3.0,3,5,57.7,False,80.3,이혼 전후
CNS-INC-00492,상담사 INC-01,CTR-INC-010,강화군 가족센터,INC,상근,6.1,6,7,64.5,False,100,기타 가족관계
CNS-INC-00493,상담사 INC-02,CTR-INC-010,강화군 가족센터,INC,상근,4.6,6,15,76.2,False,83.9,개인 정서·위기
CNS-INC-00494,상담사 INC-03,CTR-INC-010,강화군 가족센터,INC,위촉,7.7,3,10,71.7,False,100,부모-자녀 갈등
CNS-INC-00495,상담사 INC-04,CTR-INC-010,강화군 가족센터,INC,위촉,2.9,3,6,74.9,False,81.5,이혼 전후
CNS-INC-00496,상담사 INC-05,CTR-INC-010,강화군 가족센터,INC,위촉,4.1,3,9,62.8,False,89.0,부부갈등
CNS-INC-00497,상담사 INC-06,CTR-INC-010,강화군 가족센터,INC,위촉,11.6,3,6,54.9,True,87.9,기타 가족관계
CNS-INC-00498,상담사 INC-07,CTR-INC-010,강화군 가족센터,INC,위촉,3.1,3,10,77.7,False,85.8,개인 정서·위기
CNS-INC-00499,상담사 INC-08,CTR-INC-010,강화군 가족센터,INC,위촉,6.6,3,7,67.9,False,100,부모-자녀 갈등
CNS-INC-00500,상담사 INC-01,CTR-INC-011,인천 다문화가족지원센터 1,INC,상근,4.3,6,15,64.6,False,77.1,부부갈등
CNS-INC-00501,상담사 INC-02,CTR-INC-011,인천 다문화가족지원센터 1,INC,상근,2.2,6,13,71.2,False,86.2,기타 가족관계
CNS-INC-00502,상담사 INC-03,CTR-INC-011,인천 다문화가족지원센터 1,INC,위촉,7.4,3,8,86.2,False,92.6,개인 정서·위기
CNS-INC-00503,상담사 INC-04,CTR-INC-011,인천 다문화가족지원센터 1,INC,위촉,6.6,3,7,64.9,False,100,부모-자녀 갈등
CNS-INC-00504,상담사 INC-05,CTR-INC-011,인천 다문화가족지원센터 1,INC,위촉,8.8,3,6,64.7,True,73.4,이혼 전후
CNS-INC-00505,상담사 INC-06,CTR-INC-011,인천 다문화가족지원센터 1,INC,위촉,9.9,3,8,66.8,True,92.6,부부갈등
CNS-INC-00506,상담사 INC-07,CTR-INC-011,인천 다문화가족지원센터 1,INC,위촉,4.0,3,6,50.8,False,91.5,기타 가족관계
CNS-INC-00507,상담사 INC-08,CTR-INC-011,인천 다문화가족지원센터 1,INC,위촉,9.2,3,8,62.3,True,70.6,개인 정서·위기
CNS-GWJ-00508,상담사 GWJ-01,CTR-GWJ-001,광주 가족센터,GWJ,상근,9.0,6,12,58.0,False,79.9,이혼 전후
CNS-GWJ-00509,상담사 GWJ-02,CTR-GWJ-001,광주 가족센터,GWJ,상근,4.3,6,14,67.4,False,90.0,부부갈등
CNS-GWJ-00510,상담사 GWJ-03,CTR-GWJ-001,광주 가족센터,GWJ,위촉,4.0,3,7,71.1,False,94.4,기타 가족관계
CNS-GWJ-00511,상담사 GWJ-04,CTR-GWJ-001,광주 가족센터,GWJ,위촉,1.0,3,4,79.3,False,98.7,개인 정서·위기
CNS-GWJ-00512,상담사 GWJ-05,CTR-GWJ-001,광주 가족센터,GWJ,위촉,8.7,3,7,76.0,True,75.6,부모-자녀 갈등
CNS-GWJ-00513,상담사 GWJ-06,CTR-GWJ-001,광주 가족센터,GWJ,위촉,8.4,3,7,86.0,True,84.5,이혼 전후
CNS-GWJ-00514,상담사 GWJ-07,CTR-GWJ-001,광주 가족센터,GWJ,위촉,5.1,3,10,89.3,False,67.4,부부갈등
CNS-GWJ-00515,상담사 GWJ-01,CTR-GWJ-002,동구 가족센터,GWJ,상근,5.1,6,10,49.0,False,90.6,부부갈등
CNS-GWJ-00516,상담사 GWJ-02,CTR-GWJ-002,동구 가족센터,GWJ,상근,7.6,6,13,78.4,False,86.5,기타 가족관계
CNS-GWJ-00517,상담사 GWJ-03,CTR-GWJ-002,동구 가족센터,GWJ,위촉,5.4,3,5,67.0,False,90.5,개인 정서·위기
CNS-GWJ-00518,상담사 GWJ-04,CTR-GWJ-002,동구 가족센터,GWJ,위촉,7.6,3,6,89.2,False,96.4,부모-자녀 갈등
CNS-GWJ-00519,상담사 GWJ-05,CTR-GWJ-002,동구 가족센터,GWJ,위촉,10.0,3,11,58.6,True,93.5,이혼 전후
CNS-GWJ-00520,상담사 GWJ-06,CTR-GWJ-002,동구 가족센터,GWJ,위촉,7.2,3,5,73.5,False,95.2,부부갈등
CNS-GWJ-00521,상담사 GWJ-07,CTR-GWJ-002,동구 가족센터,GWJ,위촉,4.3,3,8,57.5,False,87.6,기타 가족관계
CNS-GWJ-00522,상담사 GWJ-08,CTR-GWJ-002,동구 가족센터,GWJ,위촉,5.5,3,6,65.8,False,90.4,개인 정서·위기
CNS-GWJ-00523,상담사 GWJ-01,CTR-GWJ-003,서구 가족센터,GWJ,상근,3.3,6,16,60.6,False,79.9,이혼 전후
CNS-GWJ-00524,상담사 GWJ-02,CTR-GWJ-003,서구 가족센터,GWJ,상근,6.9,6,12,87.0,False,89.2,부부갈등
CNS-GWJ-00525,상담사 GWJ-03,CTR-GWJ-003,서구 가족센터,GWJ,위촉,7.0,3,10,54.5,False,94.0,기타 가족관계
CNS-GWJ-00526,상담사 GWJ-04,CTR-GWJ-003,서구 가족센터,GWJ,위촉,6.9,3,9,79.8,False,81.0,개인 정서·위기
CNS-GWJ-00527,상담사 GWJ-05,CTR-GWJ-003,서구 가족센터,GWJ,위촉,6.9,3,7,55.3,False,90.1,부모-자녀 갈등
CNS-GWJ-00528,상담사 GWJ-06,CTR-GWJ-003,서구 가족센터,GWJ,위촉,5.3,3,6,66.0,False,90.1,이혼 전후
CNS-GWJ-00529,상담사 GWJ-07,CTR-GWJ-003,서구 가족센터,GWJ,위촉,4.9,3,10,72.2,False,83.4,부부갈등
CNS-GWJ-00530,상담사 GWJ-08,CTR-GWJ-003,서구 가족센터,GWJ,위촉,4.0,3,10,80.8,False,92.4,기타 가족관계
CNS-GWJ-00531,상담사 GWJ-01,CTR-GWJ-004,남구 가족센터,GWJ,상근,6.5,6,15,79.8,False,92.6,부모-자녀 갈등
CNS-GWJ-00532,상담사 GWJ-02,CTR-GWJ-004,남구 가족센터,GWJ,상근,4.6,6,11,73.0,False,91.5,이혼 전후
CNS-GWJ-00533,상담사 GWJ-03,CTR-GWJ-004,남구 가족센터,GWJ,위촉,2.9,3,9,74.8,False,86.0,부부갈등
CNS-GWJ-00534,상담사 GWJ-04,CTR-GWJ-004,남구 가족센터,GWJ,위촉,0.5,3,5,72.8,False,85.5,기타 가족관계
CNS-GWJ-00535,상담사 GWJ-05,CTR-GWJ-004,남구 가족센터,GWJ,위촉,6.9,3,7,71.7,False,86.1,개인 정서·위기
CNS-GWJ-00536,상담사 GWJ-06,CTR-GWJ-004,남구 가족센터,GWJ,위촉,0.3,3,9,66.5,False,100,부모-자녀 갈등
CNS-GWJ-00537,상담사 GWJ-07,CTR-GWJ-004,남구 가족센터,GWJ,위촉,2.5,3,9,66.1,False,85.4,이혼 전후
CNS-GWJ-00538,상담사 GWJ-08,CTR-GWJ-004,남구 가족센터,GWJ,위촉,0.3,3,14,81.7,False,79.7,부부갈등
CNS-GWJ-00539,상담사 GWJ-01,CTR-GWJ-005,북구 가족센터,GWJ,상근,5.3,6,11,98,False,85.7,개인 정서·위기
CNS-GWJ-00540,상담사 GWJ-02,CTR-GWJ-005,북구 가족센터,GWJ,상근,2.8,6,12,98,False,100,부모-자녀 갈등
CNS-GWJ-00541,상담사 GWJ-03,CTR-GWJ-005,북구 가족센터,GWJ,위촉,3.9,3,7,68.2,False,86.2,이혼 전후
CNS-GWJ-00542,상담사 GWJ-04,CTR-GWJ-005,북구 가족센터,GWJ,위촉,7.6,3,5,71.0,False,70.3,부부갈등
CNS-GWJ-00543,상담사 GWJ-05,CTR-GWJ-005,북구 가족센터,GWJ,위촉,6.9,3,7,56.5,False,86.6,기타 가족관계
CNS-GWJ-00544,상담사 GWJ-06,CTR-GWJ-005,북구 가족센터,GWJ,위촉,11.2,3,3,50.9,True,96.2,개인 정서·위기
CNS-GWJ-00545,상담사 GWJ-07,CTR-GWJ-005,북구 가족센터,GWJ,위촉,3.8,3,9,64.7,False,88.7,부모-자녀 갈등
CNS-GWJ-00546,상담사 GWJ-08,CTR-GWJ-005,북구 가족센터,GWJ,위촉,4.7,3,8,77.9,False,89.0,이혼 전후
CNS-DJN-00547,상담사 DJN-01,CTR-DJN-001,대전 가족센터,DJN,상근,3.6,6,9,81.9,False,97.1,기타 가족관계
CNS-DJN-00548,상담사 DJN-02,CTR-DJN-001,대전 가족센터,DJN,상근,2.7,6,14,62.1,False,88.3,개인 정서·위기
CNS-DJN-00549,상담사 DJN-03,CTR-DJN-001,대전 가족센터,DJN,위촉,2.0,3,10,73.9,False,99.9,부모-자녀 갈등
CNS-DJN-00550,상담사 DJN-04,CTR-DJN-001,대전 가족센터,DJN,위촉,6.3,3,6,87.7,False,93.8,이혼 전후
CNS-DJN-00551,상담사 DJN-05,CTR-DJN-001,대전 가족센터,DJN,위촉,3.5,3,8,77.6,False,75.4,부부갈등
CNS-DJN-00552,상담사 DJN-06,CTR-DJN-001,대전 가족센터,DJN,위촉,2.5,3,7,61.1,False,87.2,기타 가족관계
CNS-DJN-00553,상담사 DJN-07,CTR-DJN-001,대전 가족센터,DJN,위촉,3.9,3,9,66.9,False,87.3,개인 정서·위기
CNS-DJN-00554,상담사 DJN-08,CTR-DJN-001,대전 가족센터,DJN,위촉,4.1,3,6,70.2,False,94.9,부모-자녀 갈등
CNS-DJN-00555,상담사 DJN-01,CTR-DJN-002,동구 가족센터,DJN,상근,5.6,6,10,71.6,False,89.0,부부갈등
CNS-DJN-00556,상담사 DJN-02,CTR-DJN-002,동구 가족센터,DJN,상근,3.3,6,10,67.8,False,93.9,기타 가족관계
CNS-DJN-00557,상담사 DJN-03,CTR-DJN-002,동구 가족센터,DJN,위촉,0.3,3,7,79.7,False,87.9,개인 정서·위기
CNS-DJN-00558,상담사 DJN-04,CTR-DJN-002,동구 가족센터,DJN,위촉,2.4,3,6,86.6,False,95.3,부모-자녀 갈등
CNS-DJN-00559,상담사 DJN-05,CTR-DJN-002,동구 가족센터,DJN,위촉,8.3,3,9,53.4,True,78.2,이혼 전후
CNS-DJN-00560,상담사 DJN-06,CTR-DJN-002,동구 가족센터,DJN,위촉,9.5,3,6,59.5,False,85.6,부부갈등
CNS-DJN-00561,상담사 DJN-07,CTR-DJN-002,동구 가족센터,DJN,위촉,2.4,3,6,63.8,False,97.0,기타 가족관계
CNS-DJN-00562,상담사 DJN-08,CTR-DJN-002,동구 가족센터,DJN,위촉,11.9,3,9,82.7,False,79.1,개인 정서·위기
CNS-DJN-00563,상담사 DJN-01,CTR-DJN-003,서구 가족센터,DJN,상근,6.0,6,13,70.0,False,95.9,이혼 전후
CNS-DJN-00564,상담사 DJN-02,CTR-DJN-003,서구 가족센터,DJN,상근,2.2,6,12,77.9,False,83.3,부부갈등
CNS-DJN-00565,상담사 DJN-03,CTR-DJN-003,서구 가족센터,DJN,위촉,6.4,3,9,94.3,False,86.8,기타 가족관계
CNS-DJN-00566,상담사 DJN-04,CTR-DJN-003,서구 가족센터,DJN,위촉,8.0,3,11,83.2,True,84.6,개인 정서·위기
CNS-DJN-00567,상담사 DJN-05,CTR-DJN-003,서구 가족센터,DJN,위촉,7.8,3,10,62.6,False,95.7,부모-자녀 갈등
CNS-DJN-00568,상담사 DJN-06,CTR-DJN-003,서구 가족센터,DJN,위촉,5.9,3,6,63.6,False,83.7,이혼 전후
CNS-DJN-00569,상담사 DJN-07,CTR-DJN-003,서구 가족센터,DJN,위촉,3.3,3,8,55.8,False,84.5,부부갈등
CNS-DJN-00570,상담사 DJN-01,CTR-DJN-004,유성구 가족센터,DJN,상근,4.3,6,12,64.4,False,85.8,부부갈등
CNS-DJN-00571,상담사 DJN-02,CTR-DJN-004,유성구 가족센터,DJN,상근,5.9,6,8,93.0,False,79.1,기타 가족관계
CNS-DJN-00572,상담사 DJN-03,CTR-DJN-004,유성구 가족센터,DJN,위촉,8.2,3,12,85.7,True,90.2,개인 정서·위기
CNS-DJN-00573,상담사 DJN-04,CTR-DJN-004,유성구 가족센터,DJN,위촉,5.9,3,8,97.2,False,78.1,부모-자녀 갈등
CNS-DJN-00574,상담사 DJN-05,CTR-DJN-004,유성구 가족센터,DJN,위촉,7.3,3,3,80.1,False,87.0,이혼 전후
CNS-DJN-00575,상담사 DJN-06,CTR-DJN-004,유성구 가족센터,DJN,위촉,6.8,3,7,52.6,False,92.2,부부갈등
CNS-DJN-00576,상담사 DJN-07,CTR-DJN-004,유성구 가족센터,DJN,위촉,5.2,3,10,71.5,False,99.0,기타 가족관계
CNS-DJN-00577,상담사 DJN-08,CTR-DJN-004,유성구 가족센터,DJN,위촉,9.5,3,3,84.4,True,89.2,개인 정서·위기
CNS-USN-00578,상담사 USN-01,CTR-USN-001,울산 가족센터,USN,상근,1.7,6,14,73.3,False,77.3,이혼 전후
CNS-USN-00579,상담사 USN-02,CTR-USN-001,울산 가족센터,USN,상근,7.5,6,14,78.0,False,86.3,부부갈등
CNS-USN-00580,상담사 USN-03,CTR-USN-001,울산 가족센터,USN,위촉,2.8,3,11,68.4,False,96.1,기타 가족관계
CNS-USN-00581,상담사 USN-04,CTR-USN-001,울산 가족센터,USN,위촉,5.8,3,6,84.9,False,87.1,개인 정서·위기
CNS-USN-00582,상담사 USN-05,CTR-USN-001,울산 가족센터,USN,위촉,7.9,3,10,59.4,False,90.4,부모-자녀 갈등
CNS-USN-00583,상담사 USN-06,CTR-USN-001,울산 가족센터,USN,위촉,3.9,3,10,86.6,False,90.2,이혼 전후
CNS-USN-00584,상담사 USN-07,CTR-USN-001,울산 가족센터,USN,위촉,4.4,3,6,74.5,False,86.8,부부갈등
CNS-USN-00585,상담사 USN-08,CTR-USN-001,울산 가족센터,USN,위촉,7.8,3,7,70.7,False,74.0,기타 가족관계
CNS-USN-00586,상담사 USN-01,CTR-USN-002,중구 가족센터,USN,상근,3.5,6,6,73.6,False,92.7,부모-자녀 갈등
CNS-USN-00587,상담사 USN-02,CTR-USN-002,중구 가족센터,USN,상근,6.9,6,9,87.9,False,80.8,이혼 전후
CNS-USN-00588,상담사 USN-03,CTR-USN-002,중구 가족센터,USN,위촉,1.9,3,9,62.6,False,89.5,부부갈등
CNS-USN-00589,상담사 USN-04,CTR-USN-002,중구 가족센터,USN,위촉,6.6,3,10,48.4,False,96.7,기타 가족관계
CNS-USN-00590,상담사 USN-05,CTR-USN-002,중구 가족센터,USN,위촉,1.3,3,8,67.6,False,94.8,개인 정서·위기
CNS-USN-00591,상담사 USN-06,CTR-USN-002,중구 가족센터,USN,위촉,6.2,3,8,68.9,False,100,부모-자녀 갈등
CNS-USN-00592,상담사 USN-07,CTR-USN-002,중구 가족센터,USN,위촉,9.4,3,11,59.9,False,88.7,이혼 전후
CNS-USN-00593,상담사 USN-08,CTR-USN-002,중구 가족센터,USN,위촉,2.7,3,6,65.8,False,90.9,부부갈등
CNS-USN-00594,상담사 USN-09,CTR-USN-002,중구 가족센터,USN,위촉,6.0,3,5,87.6,False,76.8,기타 가족관계
CNS-USN-00595,상담사 USN-01,CTR-USN-003,남구 가족센터,USN,상근,8.6,6,14,78.9,True,100,부부갈등
CNS-USN-00596,상담사 USN-02,CTR-USN-003,남구 가족센터,USN,상근,2.9,6,10,44.4,False,91.0,기타 가족관계
CNS-USN-00597,상담사 USN-03,CTR-USN-003,남구 가족센터,USN,위촉,4.2,3,10,74.8,False,81.6,개인 정서·위기
CNS-USN-00598,상담사 USN-04,CTR-USN-003,남구 가족센터,USN,위촉,0.3,3,5,90.4,False,92.9,부모-자녀 갈등
CNS-USN-00599,상담사 USN-05,CTR-USN-003,남구 가족센터,USN,위촉,4.7,3,9,56.1,False,98.4,이혼 전후
CNS-USN-00600,상담사 USN-06,CTR-USN-003,남구 가족센터,USN,위촉,5.5,3,7,73.5,False,81.6,부부갈등
CNS-USN-00601,상담사 USN-07,CTR-USN-003,남구 가족센터,USN,위촉,6.1,3,8,79.7,False,81.4,기타 가족관계
CNS-USN-00602,상담사 USN-08,CTR-USN-003,남구 가족센터,USN,위촉,10.0,3,8,89.6,False,94.0,개인 정서·위기
CNS-USN-00603,상담사 USN-01,CTR-USN-004,동구 가족센터,USN,상근,7.8,6,15,66.4,False,83.4,이혼 전후
CNS-USN-00604,상담사 USN-02,CTR-USN-004,동구 가족센터,USN,상근,3.4,6,14,70.9,False,91.8,부부갈등
CNS-USN-00605,상담사 USN-03,CTR-USN-004,동구 가족센터,USN,위촉,7.4,3,6,89.9,False,89.3,기타 가족관계
CNS-USN-00606,상담사 USN-04,CTR-USN-004,동구 가족센터,USN,위촉,10.1,3,9,65.9,True,75.0,개인 정서·위기
CNS-USN-00607,상담사 USN-05,CTR-USN-004,동구 가족센터,USN,위촉,8.0,3,6,73.9,False,86.5,부모-자녀 갈등
CNS-USN-00608,상담사 USN-06,CTR-USN-004,동구 가족센터,USN,위촉,9.0,3,3,63.5,False,81.7,이혼 전후
CNS-USN-00609,상담사 USN-07,CTR-USN-004,동구 가족센터,USN,위촉,5.3,3,7,60.3,False,99.7,부부갈등
CNS-USN-00610,상담사 USN-08,CTR-USN-004,동구 가족센터,USN,위촉,2.5,3,7,71.8,False,93.5,기타 가족관계
CNS-USN-00611,상담사 USN-01,CTR-USN-005,울주군 가족센터,USN,상근,4.9,6,15,68.4,False,96.5,부모-자녀 갈등
CNS-USN-00612,상담사 USN-02,CTR-USN-005,울주군 가족센터,USN,상근,8.1,6,13,70.0,False,100,이혼 전후
CNS-USN-00613,상담사 USN-03,CTR-USN-005,울주군 가족센터,USN,위촉,9.1,3,6,77.9,False,80.1,부부갈등
CNS-USN-00614,상담사 USN-04,CTR-USN-005,울주군 가족센터,USN,위촉,6.4,3,3,77.1,False,83.9,기타 가족관계
CNS-USN-00615,상담사 USN-05,CTR-USN-005,울주군 가족센터,USN,위촉,1.4,3,7,66.5,False,91.0,개인 정서·위기
CNS-USN-00616,상담사 USN-06,CTR-USN-005,울주군 가족센터,USN,위촉,5.4,3,5,74.2,False,91.4,부모-자녀 갈등
CNS-USN-00617,상담사 USN-07,CTR-USN-005,울주군 가족센터,USN,위촉,9.3,3,4,70.1,False,99.6,이혼 전후
CNS-USN-00618,상담사 USN-08,CTR-USN-005,울주군 가족센터,USN,위촉,11.3,3,7,67.4,False,79.0,부부갈등
CNS-USN-00619,상담사 USN-09,CTR-USN-005,울주군 가족센터,USN,위촉,7.1,3,6,61.9,False,84.0,기타 가족관계
CNS-SEJ-00620,상담사 SEJ-01,CTR-SEJ-001,세종 가족센터,SEJ,상근,6.4,6,16,66.8,False,92.8,부부갈등
CNS-SEJ-00621,상담사 SEJ-02,CTR-SEJ-001,세종 가족센터,SEJ,상근,2.5,6,10,76.7,False,89.9,기타 가족관계
CNS-SEJ-00622,상담사 SEJ-03,CTR-SEJ-001,세종 가족센터,SEJ,위촉,7.5,3,7,71.7,False,84.7,개인 정서·위기
CNS-SEJ-00623,상담사 SEJ-04,CTR-SEJ-001,세종 가족센터,SEJ,위촉,8.7,3,9,79.1,True,100,부모-자녀 갈등
CNS-SEJ-00624,상담사 SEJ-05,CTR-SEJ-001,세종 가족센터,SEJ,위촉,3.9,3,9,67.2,False,69.3,이혼 전후
CNS-SEJ-00625,상담사 SEJ-06,CTR-SEJ-001,세종 가족센터,SEJ,위촉,5.7,3,9,77.4,False,93.8,부부갈등
CNS-SEJ-00626,상담사 SEJ-07,CTR-SEJ-001,세종 가족센터,SEJ,위촉,3.0,3,10,76.3,False,92.0,기타 가족관계
CNS-SEJ-00627,상담사 SEJ-08,CTR-SEJ-001,세종 가족센터,SEJ,위촉,8.9,3,4,93.8,False,88.9,개인 정서·위기
CNS-SEJ-00628,상담사 SEJ-09,CTR-SEJ-001,세종 가족센터,SEJ,위촉,10.6,3,3,65.0,False,83.6,부모-자녀 갈등
CNS-SEJ-00629,상담사 SEJ-10,CTR-SEJ-001,세종 가족센터,SEJ,위촉,11.4,3,7,72.3,True,89.2,이혼 전후
CNS-SEJ-00630,상담사 SEJ-11,CTR-SEJ-001,세종 가족센터,SEJ,위촉,1.5,3,9,63.5,False,90.5,부부갈등
CNS-SEJ-00631,상담사 SEJ-01,CTR-SEJ-002,조치원 가족센터,SEJ,상근,2.4,6,14,60.7,False,88.1,부모-자녀 갈등
CNS-SEJ-00632,상담사 SEJ-02,CTR-SEJ-002,조치원 가족센터,SEJ,상근,4.4,6,13,64.3,False,83.6,이혼 전후
CNS-SEJ-00633,상담사 SEJ-03,CTR-SEJ-002,조치원 가족센터,SEJ,상근,3.7,6,12,53.4,False,94.9,부부갈등
CNS-SEJ-00634,상담사 SEJ-04,CTR-SEJ-002,조치원 가족센터,SEJ,위촉,2.7,3,5,62.6,False,74.4,기타 가족관계
CNS-SEJ-00635,상담사 SEJ-05,CTR-SEJ-002,조치원 가족센터,SEJ,위촉,4.3,3,9,63.4,False,82.1,개인 정서·위기
CNS-SEJ-00636,상담사 SEJ-06,CTR-SEJ-002,조치원 가족센터,SEJ,위촉,3.3,3,9,58.7,False,91.8,부모-자녀 갈등
CNS-SEJ-00637,상담사 SEJ-07,CTR-SEJ-002,조치원 가족센터,SEJ,위촉,0.3,3,10,59.2,False,89.4,이혼 전후
CNS-SEJ-00638,상담사 SEJ-08,CTR-SEJ-002,조치원 가족센터,SEJ,위촉,5.1,3,8,57.9,False,85.6,부부갈등
CNS-SEJ-00639,상담사 SEJ-09,CTR-SEJ-002,조치원 가족센터,SEJ,위촉,12.2,3,5,76.2,True,81.4,기타 가족관계
CNS-SEJ-00640,상담사 SEJ-10,CTR-SEJ-002,조치원 가족센터,SEJ,위촉,0.3,3,6,84.2,False,87.7,개인 정서·위기
CNS-SEJ-00641,상담사 SEJ-11,CTR-SEJ-002,조치원 가족센터,SEJ,위촉,2.6,3,11,72.2,False,95.8,부모-자녀 갈등
CNS-SEJ-00642,상담사 SEJ-12,CTR-SEJ-002,조치원 가족센터,SEJ,위촉,8.1,3,4,67.2,True,90.6,이혼 전후
CNS-SEJ-00643,상담사 SEJ-13,CTR-SEJ-002,조치원 가족센터,SEJ,위촉,10.2,3,5,88.5,True,78.2,부부갈등
CNS-SEJ-00644,상담사 SEJ-14,CTR-SEJ-002,조치원 가족센터,SEJ,위촉,9.5,3,8,66.3,True,82.0,기타 가족관계
CNS-GYE-00645,상담사 GYE-01,CTR-GYE-001,수원시 가족센터,GYE,상근,5.7,6,11,67.3,False,88.1,부부갈등
CNS-GYE-00646,상담사 GYE-02,CTR-GYE-001,수원시 가족센터,GYE,상근,4.5,6,9,71.5,False,95.7,기타 가족관계
CNS-GYE-00647,상담사 GYE-03,CTR-GYE-001,수원시 가족센터,GYE,위촉,4.1,3,3,67.4,False,97.4,개인 정서·위기
CNS-GYE-00648,상담사 GYE-04,CTR-GYE-001,수원시 가족센터,GYE,위촉,7.1,3,7,77.1,False,78.4,부모-자녀 갈등
CNS-GYE-00649,상담사 GYE-05,CTR-GYE-001,수원시 가족센터,GYE,위촉,0.3,3,8,60.0,False,93.7,이혼 전후
CNS-GYE-00650,상담사 GYE-06,CTR-GYE-001,수원시 가족센터,GYE,위촉,0.3,3,3,67.1,False,84.9,부부갈등
CNS-GYE-00651,상담사 GYE-07,CTR-GYE-001,수원시 가족센터,GYE,위촉,2.0,3,6,88.8,False,84.5,기타 가족관계
CNS-GYE-00652,상담사 GYE-08,CTR-GYE-001,수원시 가족센터,GYE,위촉,3.7,3,7,64.0,False,90.1,개인 정서·위기
CNS-GYE-00653,상담사 GYE-09,CTR-GYE-001,수원시 가족센터,GYE,위촉,7.3,3,8,78.3,False,81.4,부모-자녀 갈등
CNS-GYE-00654,상담사 GYE-10,CTR-GYE-001,수원시 가족센터,GYE,위촉,1.3,3,8,59.0,False,89.0,이혼 전후
CNS-GYE-00655,상담사 GYE-01,CTR-GYE-002,성남시 가족센터,GYE,상근,2.6,6,17,73.3,False,81.4,부부갈등
CNS-GYE-00656,상담사 GYE-02,CTR-GYE-002,성남시 가족센터,GYE,상근,5.1,6,12,78.0,False,80.9,기타 가족관계
CNS-GYE-00657,상담사 GYE-03,CTR-GYE-002,성남시 가족센터,GYE,위촉,4.2,3,8,60.1,False,84.0,개인 정서·위기
CNS-GYE-00658,상담사 GYE-04,CTR-GYE-002,성남시 가족센터,GYE,위촉,1.9,3,8,65.2,False,77.0,부모-자녀 갈등
CNS-GYE-00659,상담사 GYE-05,CTR-GYE-002,성남시 가족센터,GYE,위촉,4.2,3,10,63.2,False,74.9,이혼 전후
CNS-GYE-00660,상담사 GYE-06,CTR-GYE-002,성남시 가족센터,GYE,위촉,7.7,3,5,60.1,False,86.1,부부갈등
CNS-GYE-00661,상담사 GYE-07,CTR-GYE-002,성남시 가족센터,GYE,위촉,5.8,3,9,45.4,False,95.9,기타 가족관계
CNS-GYE-00662,상담사 GYE-08,CTR-GYE-002,성남시 가족센터,GYE,위촉,8.0,3,5,71.3,False,88.1,개인 정서·위기
CNS-GYE-00663,상담사 GYE-09,CTR-GYE-002,성남시 가족센터,GYE,위촉,6.0,3,8,68.2,False,89.0,부모-자녀 갈등
CNS-GYE-00664,상담사 GYE-01,CTR-GYE-003,고양시 가족센터,GYE,상근,8.7,6,14,98,False,96.5,개인 정서·위기
CNS-GYE-00665,상담사 GYE-02,CTR-GYE-003,고양시 가족센터,GYE,상근,6.5,6,9,62.0,False,89.1,부모-자녀 갈등
CNS-GYE-00666,상담사 GYE-03,CTR-GYE-003,고양시 가족센터,GYE,위촉,2.9,3,8,84.1,False,80.9,이혼 전후
CNS-GYE-00667,상담사 GYE-04,CTR-GYE-003,고양시 가족센터,GYE,위촉,7.9,3,4,89.6,False,90.1,부부갈등
CNS-GYE-00668,상담사 GYE-05,CTR-GYE-003,고양시 가족센터,GYE,위촉,7.0,3,3,62.8,False,89.7,기타 가족관계
CNS-GYE-00669,상담사 GYE-06,CTR-GYE-003,고양시 가족센터,GYE,위촉,7.9,3,8,56.2,False,85.5,개인 정서·위기
CNS-GYE-00670,상담사 GYE-07,CTR-GYE-003,고양시 가족센터,GYE,위촉,2.2,3,6,53.6,False,96.1,부모-자녀 갈등
CNS-GYE-00671,상담사 GYE-08,CTR-GYE-003,고양시 가족센터,GYE,위촉,6.7,3,7,65.9,False,91.6,이혼 전후
CNS-GYE-00672,상담사 GYE-09,CTR-GYE-003,고양시 가족센터,GYE,위촉,4.6,3,9,55.6,False,96.9,부부갈등
CNS-GYE-00673,상담사 GYE-10,CTR-GYE-003,고양시 가족센터,GYE,위촉,11.4,3,12,81.8,False,80.9,기타 가족관계
CNS-GYE-00674,상담사 GYE-01,CTR-GYE-004,용인시 가족센터,GYE,상근,6.0,6,14,59.6,False,88.5,개인 정서·위기
CNS-GYE-00675,상담사 GYE-02,CTR-GYE-004,용인시 가족센터,GYE,상근,1.2,6,15,67.3,False,79.9,부모-자녀 갈등
CNS-GYE-00676,상담사 GYE-03,CTR-GYE-004,용인시 가족센터,GYE,위촉,2.4,3,7,75.8,False,92.3,이혼 전후
CNS-GYE-00677,상담사 GYE-04,CTR-GYE-004,용인시 가족센터,GYE,위촉,7.1,3,6,74.0,False,94.5,부부갈등
CNS-GYE-00678,상담사 GYE-05,CTR-GYE-004,용인시 가족센터,GYE,위촉,6.7,3,5,71.1,False,78.2,기타 가족관계
CNS-GYE-00679,상담사 GYE-06,CTR-GYE-004,용인시 가족센터,GYE,위촉,11.5,3,5,54.3,False,97.2,개인 정서·위기
CNS-GYE-00680,상담사 GYE-07,CTR-GYE-004,용인시 가족센터,GYE,위촉,2.4,3,5,65.1,False,82.7,부모-자녀 갈등
CNS-GYE-00681,상담사 GYE-08,CTR-GYE-004,용인시 가족센터,GYE,위촉,9.3,3,7,81.8,True,72.5,이혼 전후
CNS-GYE-00682,상담사 GYE-09,CTR-GYE-004,용인시 가족센터,GYE,위촉,5.8,3,13,49.0,False,100,부부갈등
CNS-GYE-00683,상담사 GYE-10,CTR-GYE-004,용인시 가족센터,GYE,위촉,5.1,3,7,77.2,False,92.4,기타 가족관계
CNS-GYE-00684,상담사 GYE-11,CTR-GYE-004,용인시 가족센터,GYE,위촉,10.4,3,8,79.7,True,100,개인 정서·위기
CNS-GYE-00685,상담사 GYE-01,CTR-GYE-005,화성시 가족센터,GYE,상근,2.6,6,12,72.9,False,84.7,부부갈등
CNS-GYE-00686,상담사 GYE-02,CTR-GYE-005,화성시 가족센터,GYE,상근,3.7,6,13,53.1,False,94.4,기타 가족관계
CNS-GYE-00687,상담사 GYE-03,CTR-GYE-005,화성시 가족센터,GYE,위촉,1.5,3,8,74.1,False,84.5,개인 정서·위기
CNS-GYE-00688,상담사 GYE-04,CTR-GYE-005,화성시 가족센터,GYE,위촉,7.0,3,11,88.1,False,90.8,부모-자녀 갈등
CNS-GYE-00689,상담사 GYE-05,CTR-GYE-005,화성시 가족센터,GYE,위촉,6.0,3,7,81.4,False,91.0,이혼 전후
CNS-GYE-00690,상담사 GYE-06,CTR-GYE-005,화성시 가족센터,GYE,위촉,5.0,3,9,82.6,False,93.0,부부갈등
CNS-GYE-00691,상담사 GYE-07,CTR-GYE-005,화성시 가족센터,GYE,위촉,4.7,3,7,57.3,False,92.5,기타 가족관계
CNS-GYE-00692,상담사 GYE-08,CTR-GYE-005,화성시 가족센터,GYE,위촉,0.8,3,7,58.0,False,83.2,개인 정서·위기
CNS-GYE-00693,상담사 GYE-09,CTR-GYE-005,화성시 가족센터,GYE,위촉,5.1,3,6,58.8,False,85.9,부모-자녀 갈등
CNS-GYE-00694,상담사 GYE-01,CTR-GYE-006,부천시 가족센터,GYE,상근,7.0,6,15,59.3,False,100,개인 정서·위기
CNS-GYE-00695,상담사 GYE-02,CTR-GYE-006,부천시 가족센터,GYE,상근,2.0,6,10,65.4,False,89.4,부모-자녀 갈등
CNS-GYE-00696,상담사 GYE-03,CTR-GYE-006,부천시 가족센터,GYE,위촉,3.7,3,7,86.2,False,82.7,이혼 전후
CNS-GYE-00697,상담사 GYE-04,CTR-GYE-006,부천시 가족센터,GYE,위촉,4.6,3,6,78.1,False,93.9,부부갈등
CNS-GYE-00698,상담사 GYE-05,CTR-GYE-006,부천시 가족센터,GYE,위촉,6.8,3,8,72.1,False,72.7,기타 가족관계
CNS-GYE-00699,상담사 GYE-06,CTR-GYE-006,부천시 가족센터,GYE,위촉,1.0,3,10,66.2,False,89.2,개인 정서·위기
CNS-GYE-00700,상담사 GYE-07,CTR-GYE-006,부천시 가족센터,GYE,위촉,4.3,3,7,60.5,False,85.6,부모-자녀 갈등
CNS-GYE-00701,상담사 GYE-08,CTR-GYE-006,부천시 가족센터,GYE,위촉,5.1,3,3,85.3,False,97.5,이혼 전후
CNS-GYE-00702,상담사 GYE-01,CTR-GYE-007,남양주시 가족센터,GYE,상근,5.7,6,11,90.4,False,100,기타 가족관계
CNS-GYE-00703,상담사 GYE-02,CTR-GYE-007,남양주시 가족센터,GYE,상근,2.6,6,14,70.1,False,79.9,개인 정서·위기
CNS-GYE-00704,상담사 GYE-03,CTR-GYE-007,남양주시 가족센터,GYE,위촉,7.0,3,3,74.1,False,85.7,부모-자녀 갈등
CNS-GYE-00705,상담사 GYE-04,CTR-GYE-007,남양주시 가족센터,GYE,위촉,6.6,3,8,81.8,False,96.1,이혼 전후
CNS-GYE-00706,상담사 GYE-05,CTR-GYE-007,남양주시 가족센터,GYE,위촉,8.7,3,10,66.3,True,91.8,부부갈등
CNS-GYE-00707,상담사 GYE-06,CTR-GYE-007,남양주시 가족센터,GYE,위촉,3.2,3,5,68.6,False,88.4,기타 가족관계
CNS-GYE-00708,상담사 GYE-07,CTR-GYE-007,남양주시 가족센터,GYE,위촉,1.3,3,8,55.2,False,87.1,개인 정서·위기
CNS-GYE-00709,상담사 GYE-08,CTR-GYE-007,남양주시 가족센터,GYE,위촉,4.4,3,7,71.4,False,85.7,부모-자녀 갈등
CNS-GYE-00710,상담사 GYE-09,CTR-GYE-007,남양주시 가족센터,GYE,위촉,7.7,3,8,81.4,False,95.4,이혼 전후
CNS-GYE-00711,상담사 GYE-01,CTR-GYE-008,안산시 가족센터,GYE,상근,4.0,6,12,57.4,False,88.9,부모-자녀 갈등
CNS-GYE-00712,상담사 GYE-02,CTR-GYE-008,안산시 가족센터,GYE,상근,3.3,6,13,58.8,False,79.8,이혼 전후
CNS-GYE-00713,상담사 GYE-03,CTR-GYE-008,안산시 가족센터,GYE,위촉,11.1,3,3,64.7,False,94.2,부부갈등
CNS-GYE-00714,상담사 GYE-04,CTR-GYE-008,안산시 가족센터,GYE,위촉,9.7,3,6,83.7,True,88.6,기타 가족관계
CNS-GYE-00715,상담사 GYE-05,CTR-GYE-008,안산시 가족센터,GYE,위촉,8.7,3,7,84.7,False,98.8,개인 정서·위기
CNS-GYE-00716,상담사 GYE-06,CTR-GYE-008,안산시 가족센터,GYE,위촉,7.4,3,9,75.5,False,85.2,부모-자녀 갈등
CNS-GYE-00717,상담사 GYE-07,CTR-GYE-008,안산시 가족센터,GYE,위촉,4.5,3,8,72.1,False,86.3,이혼 전후
CNS-GYE-00718,상담사 GYE-08,CTR-GYE-008,안산시 가족센터,GYE,위촉,5.7,3,8,71.3,False,100,부부갈등
CNS-GYE-00719,상담사 GYE-09,CTR-GYE-008,안산시 가족센터,GYE,위촉,6.7,3,9,74.0,False,74.3,기타 가족관계
CNS-GYE-00720,상담사 GYE-10,CTR-GYE-008,안산시 가족센터,GYE,위촉,2.9,3,6,85.6,False,83.5,개인 정서·위기
CNS-GYE-00721,상담사 GYE-01,CTR-GYE-009,평택시 가족센터,GYE,상근,11.3,6,10,78.1,True,74.7,부모-자녀 갈등
CNS-GYE-00722,상담사 GYE-02,CTR-GYE-009,평택시 가족센터,GYE,상근,9.4,6,11,59.2,False,96.3,이혼 전후
CNS-GYE-00723,상담사 GYE-03,CTR-GYE-009,평택시 가족센터,GYE,위촉,8.6,3,5,81.2,True,97.3,부부갈등
CNS-GYE-00724,상담사 GYE-04,CTR-GYE-009,평택시 가족센터,GYE,위촉,4.0,3,7,56.5,False,77.2,기타 가족관계
CNS-GYE-00725,상담사 GYE-05,CTR-GYE-009,평택시 가족센터,GYE,위촉,9.2,3,5,74.5,False,100,개인 정서·위기
CNS-GYE-00726,상담사 GYE-06,CTR-GYE-009,평택시 가족센터,GYE,위촉,8.0,3,10,70.6,False,100,부모-자녀 갈등
CNS-GYE-00727,상담사 GYE-07,CTR-GYE-009,평택시 가족센터,GYE,위촉,8.4,3,4,78.4,True,91.7,이혼 전후
CNS-GYE-00728,상담사 GYE-08,CTR-GYE-009,평택시 가족센터,GYE,위촉,3.4,3,5,64.6,False,88.4,부부갈등
CNS-GYE-00729,상담사 GYE-09,CTR-GYE-009,평택시 가족센터,GYE,위촉,7.4,3,6,77.7,False,84.0,기타 가족관계
CNS-GYE-00730,상담사 GYE-10,CTR-GYE-009,평택시 가족센터,GYE,위촉,7.9,3,8,61.4,False,100,개인 정서·위기
CNS-GYE-00731,상담사 GYE-11,CTR-GYE-009,평택시 가족센터,GYE,위촉,5.2,3,8,75.7,False,83.6,부모-자녀 갈등
CNS-GYE-00732,상담사 GYE-01,CTR-GYE-010,안양시 가족센터,GYE,상근,4.3,6,14,70.2,False,87.5,기타 가족관계
CNS-GYE-00733,상담사 GYE-02,CTR-GYE-010,안양시 가족센터,GYE,상근,6.3,6,17,70.6,False,96.7,개인 정서·위기
CNS-GYE-00734,상담사 GYE-03,CTR-GYE-010,안양시 가족센터,GYE,위촉,9.2,3,7,75.5,True,85.6,부모-자녀 갈등
CNS-GYE-00735,상담사 GYE-04,CTR-GYE-010,안양시 가족센터,GYE,위촉,6.7,3,9,63.6,False,90.2,이혼 전후
CNS-GYE-00736,상담사 GYE-05,CTR-GYE-010,안양시 가족센터,GYE,위촉,6.1,3,7,72.9,False,97.0,부부갈등
CNS-GYE-00737,상담사 GYE-06,CTR-GYE-010,안양시 가족센터,GYE,위촉,9.7,3,9,66.6,False,98.5,기타 가족관계
CNS-GYE-00738,상담사 GYE-07,CTR-GYE-010,안양시 가족센터,GYE,위촉,7.5,3,5,60.2,False,84.0,개인 정서·위기
CNS-GYE-00739,상담사 GYE-08,CTR-GYE-010,안양시 가족센터,GYE,위촉,8.7,3,8,61.3,False,84.5,부모-자녀 갈등
CNS-GYE-00740,상담사 GYE-09,CTR-GYE-010,안양시 가족센터,GYE,위촉,2.2,3,6,92.0,False,100,이혼 전후
CNS-GYE-00741,상담사 GYE-01,CTR-GYE-011,시흥시 가족센터,GYE,상근,4.6,6,11,79.6,False,87.6,부모-자녀 갈등
CNS-GYE-00742,상담사 GYE-02,CTR-GYE-011,시흥시 가족센터,GYE,상근,2.6,6,9,78.1,False,96.3,이혼 전후
CNS-GYE-00743,상담사 GYE-03,CTR-GYE-011,시흥시 가족센터,GYE,위촉,5.3,3,10,71.8,False,95.8,부부갈등
CNS-GYE-00744,상담사 GYE-04,CTR-GYE-011,시흥시 가족센터,GYE,위촉,6.8,3,5,61.9,False,92.8,기타 가족관계
CNS-GYE-00745,상담사 GYE-05,CTR-GYE-011,시흥시 가족센터,GYE,위촉,7.0,3,6,86.1,False,95.2,개인 정서·위기
CNS-GYE-00746,상담사 GYE-06,CTR-GYE-011,시흥시 가족센터,GYE,위촉,4.3,3,8,70.1,False,91.5,부모-자녀 갈등
CNS-GYE-00747,상담사 GYE-07,CTR-GYE-011,시흥시 가족센터,GYE,위촉,5.1,3,6,64.6,False,86.6,이혼 전후
CNS-GYE-00748,상담사 GYE-08,CTR-GYE-011,시흥시 가족센터,GYE,위촉,3.3,3,6,71.7,False,80.9,부부갈등
CNS-GYE-00749,상담사 GYE-09,CTR-GYE-011,시흥시 가족센터,GYE,위촉,6.2,3,8,69.7,False,81.3,기타 가족관계
CNS-GYE-00750,상담사 GYE-01,CTR-GYE-012,파주시 가족센터,GYE,상근,4.5,6,6,74.0,False,89.6,부부갈등
CNS-GYE-00751,상담사 GYE-02,CTR-GYE-012,파주시 가족센터,GYE,상근,1.4,6,13,61.6,False,79.8,기타 가족관계
CNS-GYE-00752,상담사 GYE-03,CTR-GYE-012,파주시 가족센터,GYE,위촉,5.8,3,6,72.3,False,82.3,개인 정서·위기
CNS-GYE-00753,상담사 GYE-04,CTR-GYE-012,파주시 가족센터,GYE,위촉,2.6,3,4,51.5,False,87.7,부모-자녀 갈등
CNS-GYE-00754,상담사 GYE-05,CTR-GYE-012,파주시 가족센터,GYE,위촉,7.1,3,5,79.2,False,81.9,이혼 전후
CNS-GYE-00755,상담사 GYE-06,CTR-GYE-012,파주시 가족센터,GYE,위촉,3.0,3,7,81.9,False,92.8,부부갈등
CNS-GYE-00756,상담사 GYE-07,CTR-GYE-012,파주시 가족센터,GYE,위촉,5.8,3,8,74.4,False,88.1,기타 가족관계
CNS-GYE-00757,상담사 GYE-08,CTR-GYE-012,파주시 가족센터,GYE,위촉,5.2,3,8,80.0,False,75.2,개인 정서·위기
CNS-GYE-00758,상담사 GYE-09,CTR-GYE-012,파주시 가족센터,GYE,위촉,6.1,3,9,75.6,False,77.2,부모-자녀 갈등
CNS-GYE-00759,상담사 GYE-10,CTR-GYE-012,파주시 가족센터,GYE,위촉,7.4,3,7,85.0,False,100,이혼 전후
CNS-GYE-00760,상담사 GYE-01,CTR-GYE-013,김포시 가족센터,GYE,상근,5.1,6,12,68.6,False,87.5,부부갈등
CNS-GYE-00761,상담사 GYE-02,CTR-GYE-013,김포시 가족센터,GYE,상근,2.4,6,14,51.6,False,92.9,기타 가족관계
CNS-GYE-00762,상담사 GYE-03,CTR-GYE-013,김포시 가족센터,GYE,위촉,3.6,3,6,72.6,False,97.6,개인 정서·위기
CNS-GYE-00763,상담사 GYE-04,CTR-GYE-013,김포시 가족센터,GYE,위촉,6.5,3,5,66.0,False,100,부모-자녀 갈등
CNS-GYE-00764,상담사 GYE-05,CTR-GYE-013,김포시 가족센터,GYE,위촉,8.7,3,8,80.0,True,99.4,이혼 전후
CNS-GYE-00765,상담사 GYE-06,CTR-GYE-013,김포시 가족센터,GYE,위촉,0.7,3,7,72.0,False,94.8,부부갈등
CNS-GYE-00766,상담사 GYE-07,CTR-GYE-013,김포시 가족센터,GYE,위촉,9.0,3,5,78.0,False,91.8,기타 가족관계
CNS-GYE-00767,상담사 GYE-08,CTR-GYE-013,김포시 가족센터,GYE,위촉,5.6,3,7,45.0,False,90.8,개인 정서·위기
CNS-GYE-00768,상담사 GYE-09,CTR-GYE-013,김포시 가족센터,GYE,위촉,7.0,3,8,80.6,False,89.3,부모-자녀 갈등
CNS-GYE-00769,상담사 GYE-10,CTR-GYE-013,김포시 가족센터,GYE,위촉,8.1,3,7,61.3,False,97.7,이혼 전후
CNS-GYE-00770,상담사 GYE-11,CTR-GYE-013,김포시 가족센터,GYE,위촉,5.5,3,4,83.0,False,84.0,부부갈등
CNS-GYE-00771,상담사 GYE-01,CTR-GYE-014,의정부시 가족센터,GYE,상근,8.5,6,8,91.4,True,73.3,부모-자녀 갈등
CNS-GYE-00772,상담사 GYE-02,CTR-GYE-014,의정부시 가족센터,GYE,상근,6.5,6,13,83.8,False,100,이혼 전후
CNS-GYE-00773,상담사 GYE-03,CTR-GYE-014,의정부시 가족센터,GYE,위촉,6.6,3,8,57.2,False,80.9,부부갈등
CNS-GYE-00774,상담사 GYE-04,CTR-GYE-014,의정부시 가족센터,GYE,위촉,9.3,3,8,70.1,True,79.9,기타 가족관계
CNS-GYE-00775,상담사 GYE-05,CTR-GYE-014,의정부시 가족센터,GYE,위촉,3.7,3,7,60.6,False,91.5,개인 정서·위기
CNS-GYE-00776,상담사 GYE-06,CTR-GYE-014,의정부시 가족센터,GYE,위촉,9.2,3,8,81.1,False,86.6,부모-자녀 갈등
CNS-GYE-00777,상담사 GYE-07,CTR-GYE-014,의정부시 가족센터,GYE,위촉,6.6,3,6,92.9,False,97.0,이혼 전후
CNS-GYE-00778,상담사 GYE-08,CTR-GYE-014,의정부시 가족센터,GYE,위촉,6.7,3,11,64.8,False,85.6,부부갈등
CNS-GYE-00779,상담사 GYE-09,CTR-GYE-014,의정부시 가족센터,GYE,위촉,10.2,3,7,62.2,False,93.5,기타 가족관계
CNS-GYE-00780,상담사 GYE-10,CTR-GYE-014,의정부시 가족센터,GYE,위촉,0.3,3,7,79.5,False,93.8,개인 정서·위기
CNS-GYE-00781,상담사 GYE-01,CTR-GYE-015,광주시 가족센터,GYE,상근,4.7,6,10,61.3,False,92.2,부모-자녀 갈등
CNS-GYE-00782,상담사 GYE-02,CTR-GYE-015,광주시 가족센터,GYE,상근,3.9,6,8,73.9,False,82.7,이혼 전후
CNS-GYE-00783,상담사 GYE-03,CTR-GYE-015,광주시 가족센터,GYE,위촉,6.6,3,10,59.5,False,86.3,부부갈등
CNS-GYE-00784,상담사 GYE-04,CTR-GYE-015,광주시 가족센터,GYE,위촉,7.3,3,8,62.5,False,97.1,기타 가족관계
CNS-GYE-00785,상담사 GYE-05,CTR-GYE-015,광주시 가족센터,GYE,위촉,3.6,3,5,68.6,False,82.3,개인 정서·위기
CNS-GYE-00786,상담사 GYE-06,CTR-GYE-015,광주시 가족센터,GYE,위촉,4.9,3,9,94.9,False,87.9,부모-자녀 갈등
CNS-GYE-00787,상담사 GYE-07,CTR-GYE-015,광주시 가족센터,GYE,위촉,8.6,3,9,67.4,False,96.4,이혼 전후
CNS-GYE-00788,상담사 GYE-08,CTR-GYE-015,광주시 가족센터,GYE,위촉,5.3,3,3,86.9,False,81.1,부부갈등
CNS-GYE-00789,상담사 GYE-09,CTR-GYE-015,광주시 가족센터,GYE,위촉,2.1,3,7,62.2,False,91.1,기타 가족관계
CNS-GYE-00790,상담사 GYE-10,CTR-GYE-015,광주시 가족센터,GYE,위촉,1.2,3,10,80.7,False,87.4,개인 정서·위기
CNS-GYE-00791,상담사 GYE-01,CTR-GYE-016,하남시 가족센터,GYE,상근,4.9,6,9,77.1,False,79.4,부모-자녀 갈등
CNS-GYE-00792,상담사 GYE-02,CTR-GYE-016,하남시 가족센터,GYE,상근,1.5,6,13,72.2,False,93.1,이혼 전후
CNS-GYE-00793,상담사 GYE-03,CTR-GYE-016,하남시 가족센터,GYE,위촉,9.4,3,8,68.1,True,83.5,부부갈등
CNS-GYE-00794,상담사 GYE-04,CTR-GYE-016,하남시 가족센터,GYE,위촉,3.5,3,8,80.6,False,94.8,기타 가족관계
CNS-GYE-00795,상담사 GYE-05,CTR-GYE-016,하남시 가족센터,GYE,위촉,5.5,3,7,64.7,False,91.9,개인 정서·위기
CNS-GYE-00796,상담사 GYE-06,CTR-GYE-016,하남시 가족센터,GYE,위촉,3.9,3,11,82.8,False,80.5,부모-자녀 갈등
CNS-GYE-00797,상담사 GYE-07,CTR-GYE-016,하남시 가족센터,GYE,위촉,10.2,3,6,82.4,True,95.0,이혼 전후
CNS-GYE-00798,상담사 GYE-08,CTR-GYE-016,하남시 가족센터,GYE,위촉,3.9,3,6,80.1,False,89.3,부부갈등
CNS-GYE-00799,상담사 GYE-09,CTR-GYE-016,하남시 가족센터,GYE,위촉,8.0,3,6,79.0,False,84.8,기타 가족관계
CNS-GYE-00800,상담사 GYE-10,CTR-GYE-016,하남시 가족센터,GYE,위촉,6.9,3,10,61.3,False,83.2,개인 정서·위기
CNS-GYE-00801,상담사 GYE-11,CTR-GYE-016,하남시 가족센터,GYE,위촉,6.0,3,7,88.0,False,83.2,부모-자녀 갈등
CNS-GYE-00802,상담사 GYE-01,CTR-GYE-017,광명시 가족센터,GYE,상근,7.3,6,13,61.1,False,97.0,기타 가족관계
CNS-GYE-00803,상담사 GYE-02,CTR-GYE-017,광명시 가족센터,GYE,상근,7.2,6,11,72.7,False,91.1,개인 정서·위기
CNS-GYE-00804,상담사 GYE-03,CTR-GYE-017,광명시 가족센터,GYE,위촉,3.4,3,11,63.1,False,85.2,부모-자녀 갈등
CNS-GYE-00805,상담사 GYE-04,CTR-GYE-017,광명시 가족센터,GYE,위촉,3.6,3,8,76.5,False,93.7,이혼 전후
CNS-GYE-00806,상담사 GYE-05,CTR-GYE-017,광명시 가족센터,GYE,위촉,5.7,3,6,79.2,False,88.1,부부갈등
CNS-GYE-00807,상담사 GYE-06,CTR-GYE-017,광명시 가족센터,GYE,위촉,2.9,3,9,98,False,88.2,기타 가족관계
CNS-GYE-00808,상담사 GYE-07,CTR-GYE-017,광명시 가족센터,GYE,위촉,7.5,3,8,59.8,False,94.9,개인 정서·위기
CNS-GYE-00809,상담사 GYE-08,CTR-GYE-017,광명시 가족센터,GYE,위촉,8.8,3,8,62.5,False,92.8,부모-자녀 갈등
CNS-GYE-00810,상담사 GYE-09,CTR-GYE-017,광명시 가족센터,GYE,위촉,6.7,3,10,52.7,False,93.0,이혼 전후
CNS-GYE-00811,상담사 GYE-01,CTR-GYE-018,군포시 가족센터,GYE,상근,5.4,6,12,74.4,False,95.7,부모-자녀 갈등
CNS-GYE-00812,상담사 GYE-02,CTR-GYE-018,군포시 가족센터,GYE,상근,7.0,6,10,70.0,False,84.0,이혼 전후
CNS-GYE-00813,상담사 GYE-03,CTR-GYE-018,군포시 가족센터,GYE,위촉,10.7,3,6,69.2,False,90.4,부부갈등
CNS-GYE-00814,상담사 GYE-04,CTR-GYE-018,군포시 가족센터,GYE,위촉,6.8,3,3,73.8,False,71.1,기타 가족관계
CNS-GYE-00815,상담사 GYE-05,CTR-GYE-018,군포시 가족센터,GYE,위촉,5.7,3,7,71.6,False,96.7,개인 정서·위기
CNS-GYE-00816,상담사 GYE-06,CTR-GYE-018,군포시 가족센터,GYE,위촉,7.0,3,3,72.1,False,93.5,부모-자녀 갈등
CNS-GYE-00817,상담사 GYE-07,CTR-GYE-018,군포시 가족센터,GYE,위촉,10.9,3,9,75.9,True,80.0,이혼 전후
CNS-GYE-00818,상담사 GYE-08,CTR-GYE-018,군포시 가족센터,GYE,위촉,3.4,3,8,41.7,False,79.2,부부갈등
CNS-GYE-00819,상담사 GYE-09,CTR-GYE-018,군포시 가족센터,GYE,위촉,3.1,3,8,74.0,False,94.0,기타 가족관계
CNS-GYE-00820,상담사 GYE-01,CTR-GYE-019,양주시 가족센터,GYE,상근,2.1,6,10,84.6,False,100,부부갈등
CNS-GYE-00821,상담사 GYE-02,CTR-GYE-019,양주시 가족센터,GYE,상근,4.7,6,11,63.2,False,81.6,기타 가족관계
CNS-GYE-00822,상담사 GYE-03,CTR-GYE-019,양주시 가족센터,GYE,위촉,7.0,3,9,69.8,False,97.0,개인 정서·위기
CNS-GYE-00823,상담사 GYE-04,CTR-GYE-019,양주시 가족센터,GYE,위촉,8.5,3,5,78.9,True,88.6,부모-자녀 갈등
CNS-GYE-00824,상담사 GYE-05,CTR-GYE-019,양주시 가족센터,GYE,위촉,5.0,3,8,69.4,False,87.8,이혼 전후
CNS-GYE-00825,상담사 GYE-06,CTR-GYE-019,양주시 가족센터,GYE,위촉,4.2,3,8,65.2,False,90.9,부부갈등
CNS-GYE-00826,상담사 GYE-07,CTR-GYE-019,양주시 가족센터,GYE,위촉,6.3,3,6,77.6,False,83.5,기타 가족관계
CNS-GYE-00827,상담사 GYE-08,CTR-GYE-019,양주시 가족센터,GYE,위촉,4.5,3,8,64.6,False,92.2,개인 정서·위기
CNS-GYE-00828,상담사 GYE-09,CTR-GYE-019,양주시 가족센터,GYE,위촉,8.1,3,10,55.4,False,75.2,부모-자녀 갈등
CNS-GYE-00829,상담사 GYE-10,CTR-GYE-019,양주시 가족센터,GYE,위촉,5.5,3,8,59.6,False,94.2,이혼 전후
CNS-GYE-00830,상담사 GYE-01,CTR-GYE-020,오산시 가족센터,GYE,상근,1.1,6,13,72.1,False,100,부부갈등
CNS-GYE-00831,상담사 GYE-02,CTR-GYE-020,오산시 가족센터,GYE,상근,2.7,6,13,78.6,False,82.6,기타 가족관계
CNS-GYE-00832,상담사 GYE-03,CTR-GYE-020,오산시 가족센터,GYE,위촉,7.7,3,8,66.5,False,78.9,개인 정서·위기
CNS-GYE-00833,상담사 GYE-04,CTR-GYE-020,오산시 가족센터,GYE,위촉,2.4,3,7,76.1,False,92.1,부모-자녀 갈등
CNS-GYE-00834,상담사 GYE-05,CTR-GYE-020,오산시 가족센터,GYE,위촉,5.6,3,7,63.7,False,100,이혼 전후
CNS-GYE-00835,상담사 GYE-06,CTR-GYE-020,오산시 가족센터,GYE,위촉,4.2,3,6,85.5,False,85.4,부부갈등
CNS-GYE-00836,상담사 GYE-07,CTR-GYE-020,오산시 가족센터,GYE,위촉,5.6,3,7,71.6,False,87.9,기타 가족관계
CNS-GYE-00837,상담사 GYE-08,CTR-GYE-020,오산시 가족센터,GYE,위촉,5.7,3,7,45.5,False,81.2,개인 정서·위기
CNS-GYE-00838,상담사 GYE-09,CTR-GYE-020,오산시 가족센터,GYE,위촉,8.1,3,6,62.1,True,95.3,부모-자녀 갈등
CNS-GYE-00839,상담사 GYE-01,CTR-GYE-021,이천시 가족센터,GYE,상근,3.5,6,15,67.7,False,100,개인 정서·위기
CNS-GYE-00840,상담사 GYE-02,CTR-GYE-021,이천시 가족센터,GYE,상근,1.1,6,12,77.0,False,100,부모-자녀 갈등
CNS-GYE-00841,상담사 GYE-03,CTR-GYE-021,이천시 가족센터,GYE,위촉,2.6,3,6,62.6,False,80.5,이혼 전후
CNS-GYE-00842,상담사 GYE-04,CTR-GYE-021,이천시 가족센터,GYE,위촉,10.1,3,4,60.2,False,91.3,부부갈등
CNS-GYE-00843,상담사 GYE-05,CTR-GYE-021,이천시 가족센터,GYE,위촉,5.2,3,9,79.0,False,89.0,기타 가족관계
CNS-GYE-00844,상담사 GYE-06,CTR-GYE-021,이천시 가족센터,GYE,위촉,0.3,3,6,79.3,False,87.4,개인 정서·위기
CNS-GYE-00845,상담사 GYE-07,CTR-GYE-021,이천시 가족센터,GYE,위촉,3.1,3,10,58.3,False,83.7,부모-자녀 갈등
CNS-GYE-00846,상담사 GYE-08,CTR-GYE-021,이천시 가족센터,GYE,위촉,10.0,3,5,86.1,True,81.0,이혼 전후
CNS-GYE-00847,상담사 GYE-09,CTR-GYE-021,이천시 가족센터,GYE,위촉,3.4,3,8,73.6,False,88.5,부부갈등
CNS-GYE-00848,상담사 GYE-10,CTR-GYE-021,이천시 가족센터,GYE,위촉,4.3,3,6,89.1,False,86.5,기타 가족관계
CNS-GYE-00849,상담사 GYE-01,CTR-GYE-022,안성시 가족센터,GYE,상근,6.1,6,11,57.8,False,85.4,개인 정서·위기
CNS-GYE-00850,상담사 GYE-02,CTR-GYE-022,안성시 가족센터,GYE,상근,2.4,6,13,69.4,False,100,부모-자녀 갈등
CNS-GYE-00851,상담사 GYE-03,CTR-GYE-022,안성시 가족센터,GYE,위촉,1.6,3,5,80.9,False,99.7,이혼 전후
CNS-GYE-00852,상담사 GYE-04,CTR-GYE-022,안성시 가족센터,GYE,위촉,6.3,3,6,97.1,False,96.8,부부갈등
CNS-GYE-00853,상담사 GYE-05,CTR-GYE-022,안성시 가족센터,GYE,위촉,6.7,3,3,86.9,False,88.9,기타 가족관계
CNS-GYE-00854,상담사 GYE-06,CTR-GYE-022,안성시 가족센터,GYE,위촉,12.1,3,6,84.3,False,93.4,개인 정서·위기
CNS-GYE-00855,상담사 GYE-07,CTR-GYE-022,안성시 가족센터,GYE,위촉,8.7,3,9,75.0,False,84.5,부모-자녀 갈등
CNS-GYE-00856,상담사 GYE-08,CTR-GYE-022,안성시 가족센터,GYE,위촉,7.3,3,5,74.0,False,82.1,이혼 전후
CNS-GYE-00857,상담사 GYE-09,CTR-GYE-022,안성시 가족센터,GYE,위촉,0.3,3,7,66.9,False,100,부부갈등
CNS-GYE-00858,상담사 GYE-10,CTR-GYE-022,안성시 가족센터,GYE,위촉,5.0,3,6,66.6,False,69.3,기타 가족관계
CNS-GYE-00859,상담사 GYE-01,CTR-GYE-023,구리시 가족센터,GYE,상근,5.3,6,11,66.3,False,78.0,개인 정서·위기
CNS-GYE-00860,상담사 GYE-02,CTR-GYE-023,구리시 가족센터,GYE,상근,1.9,6,15,63.2,False,82.9,부모-자녀 갈등
CNS-GYE-00861,상담사 GYE-03,CTR-GYE-023,구리시 가족센터,GYE,위촉,3.9,3,8,72.0,False,89.8,이혼 전후
CNS-GYE-00862,상담사 GYE-04,CTR-GYE-023,구리시 가족센터,GYE,위촉,5.3,3,3,70.1,False,85.6,부부갈등
CNS-GYE-00863,상담사 GYE-05,CTR-GYE-023,구리시 가족센터,GYE,위촉,6.7,3,7,71.5,False,89.1,기타 가족관계
CNS-GYE-00864,상담사 GYE-06,CTR-GYE-023,구리시 가족센터,GYE,위촉,4.2,3,7,72.9,False,91.4,개인 정서·위기
CNS-GYE-00865,상담사 GYE-07,CTR-GYE-023,구리시 가족센터,GYE,위촉,2.6,3,4,69.0,False,93.2,부모-자녀 갈등
CNS-GYE-00866,상담사 GYE-08,CTR-GYE-023,구리시 가족센터,GYE,위촉,5.8,3,5,73.1,False,80.9,이혼 전후
CNS-GYE-00867,상담사 GYE-09,CTR-GYE-023,구리시 가족센터,GYE,위촉,5.3,3,7,66.2,False,91.3,부부갈등
CNS-GYE-00868,상담사 GYE-10,CTR-GYE-023,구리시 가족센터,GYE,위촉,12.2,3,11,73.0,False,91.4,기타 가족관계
CNS-GYE-00869,상담사 GYE-01,CTR-GYE-024,의왕시 가족센터,GYE,상근,4.8,6,11,73.9,False,93.3,개인 정서·위기
CNS-GYE-00870,상담사 GYE-02,CTR-GYE-024,의왕시 가족센터,GYE,상근,7.0,6,11,66.2,False,100,부모-자녀 갈등
CNS-GYE-00871,상담사 GYE-03,CTR-GYE-024,의왕시 가족센터,GYE,위촉,7.6,3,7,65.1,False,82.1,이혼 전후
CNS-GYE-00872,상담사 GYE-04,CTR-GYE-024,의왕시 가족센터,GYE,위촉,6.3,3,7,65.4,False,79.9,부부갈등
CNS-GYE-00873,상담사 GYE-05,CTR-GYE-024,의왕시 가족센터,GYE,위촉,2.4,3,6,68.6,False,89.6,기타 가족관계
CNS-GYE-00874,상담사 GYE-06,CTR-GYE-024,의왕시 가족센터,GYE,위촉,1.2,3,6,84.9,False,94.7,개인 정서·위기
CNS-GYE-00875,상담사 GYE-07,CTR-GYE-024,의왕시 가족센터,GYE,위촉,6.3,3,7,65.0,False,97.3,부모-자녀 갈등
CNS-GYE-00876,상담사 GYE-08,CTR-GYE-024,의왕시 가족센터,GYE,위촉,6.1,3,4,83.3,False,70.7,이혼 전후
CNS-GYE-00877,상담사 GYE-09,CTR-GYE-024,의왕시 가족센터,GYE,위촉,7.7,3,5,63.8,False,95.9,부부갈등
CNS-GYE-00878,상담사 GYE-10,CTR-GYE-024,의왕시 가족센터,GYE,위촉,7.0,3,3,69.6,False,82.8,기타 가족관계
CNS-GYE-00879,상담사 GYE-01,CTR-GYE-025,포천시 가족센터,GYE,상근,3.6,6,9,73.6,False,86.2,개인 정서·위기
CNS-GYE-00880,상담사 GYE-02,CTR-GYE-025,포천시 가족센터,GYE,상근,1.7,6,11,77.1,False,94.0,부모-자녀 갈등
CNS-GYE-00881,상담사 GYE-03,CTR-GYE-025,포천시 가족센터,GYE,위촉,5.2,3,5,62.2,False,73.4,이혼 전후
CNS-GYE-00882,상담사 GYE-04,CTR-GYE-025,포천시 가족센터,GYE,위촉,3.7,3,8,74.5,False,79.7,부부갈등
CNS-GYE-00883,상담사 GYE-05,CTR-GYE-025,포천시 가족센터,GYE,위촉,6.0,3,5,89.9,False,97.7,기타 가족관계
CNS-GYE-00884,상담사 GYE-06,CTR-GYE-025,포천시 가족센터,GYE,위촉,5.7,3,9,82.7,False,97.7,개인 정서·위기
CNS-GYE-00885,상담사 GYE-07,CTR-GYE-025,포천시 가족센터,GYE,위촉,9.3,3,5,52.6,False,98.5,부모-자녀 갈등
CNS-GYE-00886,상담사 GYE-08,CTR-GYE-025,포천시 가족센터,GYE,위촉,7.9,3,6,74.4,False,100,이혼 전후
CNS-GYE-00887,상담사 GYE-09,CTR-GYE-025,포천시 가족센터,GYE,위촉,6.5,3,9,76.5,False,81.4,부부갈등
CNS-GYE-00888,상담사 GYE-10,CTR-GYE-025,포천시 가족센터,GYE,위촉,4.3,3,7,58.5,False,89.6,기타 가족관계
CNS-GYE-00889,상담사 GYE-01,CTR-GYE-026,여주시 가족센터,GYE,상근,7.5,6,11,79.5,False,91.6,개인 정서·위기
CNS-GYE-00890,상담사 GYE-02,CTR-GYE-026,여주시 가족센터,GYE,상근,8.0,6,10,75.4,False,100,부모-자녀 갈등
CNS-GYE-00891,상담사 GYE-03,CTR-GYE-026,여주시 가족센터,GYE,위촉,4.5,3,5,79.2,False,81.6,이혼 전후
CNS-GYE-00892,상담사 GYE-04,CTR-GYE-026,여주시 가족센터,GYE,위촉,3.1,3,4,67.6,False,96.1,부부갈등
CNS-GYE-00893,상담사 GYE-05,CTR-GYE-026,여주시 가족센터,GYE,위촉,6.3,3,4,79.2,False,87.0,기타 가족관계
CNS-GYE-00894,상담사 GYE-06,CTR-GYE-026,여주시 가족센터,GYE,위촉,6.3,3,9,52.6,False,87.5,개인 정서·위기
CNS-GYE-00895,상담사 GYE-07,CTR-GYE-026,여주시 가족센터,GYE,위촉,3.1,3,7,59.6,False,94.4,부모-자녀 갈등
CNS-GYE-00896,상담사 GYE-08,CTR-GYE-026,여주시 가족센터,GYE,위촉,8.6,3,9,51.8,False,100,이혼 전후
CNS-GYE-00897,상담사 GYE-09,CTR-GYE-026,여주시 가족센터,GYE,위촉,5.8,3,9,73.9,False,78.4,부부갈등
CNS-GYE-00898,상담사 GYE-10,CTR-GYE-026,여주시 가족센터,GYE,위촉,10.0,3,3,58.8,True,92.1,기타 가족관계
CNS-GYE-00899,상담사 GYE-01,CTR-GYE-027,동두천시 가족센터,GYE,상근,4.9,6,13,49.9,False,99.1,개인 정서·위기
CNS-GYE-00900,상담사 GYE-02,CTR-GYE-027,동두천시 가족센터,GYE,상근,11.2,6,13,76.7,True,77.4,부모-자녀 갈등
CNS-GYE-00901,상담사 GYE-03,CTR-GYE-027,동두천시 가족센터,GYE,위촉,7.6,3,7,63.0,False,82.4,이혼 전후
CNS-GYE-00902,상담사 GYE-04,CTR-GYE-027,동두천시 가족센터,GYE,위촉,2.6,3,10,84.8,False,84.2,부부갈등
CNS-GYE-00903,상담사 GYE-05,CTR-GYE-027,동두천시 가족센터,GYE,위촉,6.2,3,12,70.9,False,84.5,기타 가족관계
CNS-GYE-00904,상담사 GYE-06,CTR-GYE-027,동두천시 가족센터,GYE,위촉,5.5,3,8,55.6,False,70.4,개인 정서·위기
CNS-GYE-00905,상담사 GYE-07,CTR-GYE-027,동두천시 가족센터,GYE,위촉,4.4,3,5,74.3,False,90.6,부모-자녀 갈등
CNS-GYE-00906,상담사 GYE-08,CTR-GYE-027,동두천시 가족센터,GYE,위촉,5.5,3,7,55.6,False,83.6,이혼 전후
CNS-GYE-00907,상담사 GYE-09,CTR-GYE-027,동두천시 가족센터,GYE,위촉,1.9,3,5,49.0,False,89.2,부부갈등
CNS-GYE-00908,상담사 GYE-10,CTR-GYE-027,동두천시 가족센터,GYE,위촉,7.5,3,8,88.4,False,100,기타 가족관계
CNS-GYE-00909,상담사 GYE-01,CTR-GYE-028,양평군 가족센터,GYE,상근,3.4,6,14,73.9,False,87.9,개인 정서·위기
CNS-GYE-00910,상담사 GYE-02,CTR-GYE-028,양평군 가족센터,GYE,상근,10.0,6,13,70.2,True,76.8,부모-자녀 갈등
CNS-GYE-00911,상담사 GYE-03,CTR-GYE-028,양평군 가족센터,GYE,위촉,5.4,3,6,60.1,False,80.7,이혼 전후
CNS-GYE-00912,상담사 GYE-04,CTR-GYE-028,양평군 가족센터,GYE,위촉,8.0,3,7,83.5,True,75.3,부부갈등
CNS-GYE-00913,상담사 GYE-05,CTR-GYE-028,양평군 가족센터,GYE,위촉,4.7,3,8,53.8,False,88.7,기타 가족관계
CNS-GYE-00914,상담사 GYE-06,CTR-GYE-028,양평군 가족센터,GYE,위촉,5.6,3,3,70.6,False,87.6,개인 정서·위기
CNS-GYE-00915,상담사 GYE-07,CTR-GYE-028,양평군 가족센터,GYE,위촉,8.1,3,8,71.0,True,93.4,부모-자녀 갈등
CNS-GYE-00916,상담사 GYE-08,CTR-GYE-028,양평군 가족센터,GYE,위촉,8.0,3,7,58.0,False,100,이혼 전후
CNS-GYE-00917,상담사 GYE-01,CTR-GYE-029,가평군 가족센터,GYE,상근,10.3,6,11,81.9,False,84.8,기타 가족관계
CNS-GYE-00918,상담사 GYE-02,CTR-GYE-029,가평군 가족센터,GYE,상근,3.7,6,11,70.6,False,82.4,개인 정서·위기
CNS-GYE-00919,상담사 GYE-03,CTR-GYE-029,가평군 가족센터,GYE,위촉,4.8,3,3,77.6,False,97.7,부모-자녀 갈등
CNS-GYE-00920,상담사 GYE-04,CTR-GYE-029,가평군 가족센터,GYE,위촉,3.3,3,6,72.2,False,89.2,이혼 전후
CNS-GYE-00921,상담사 GYE-05,CTR-GYE-029,가평군 가족센터,GYE,위촉,8.1,3,3,73.3,True,95.8,부부갈등
CNS-GYE-00922,상담사 GYE-06,CTR-GYE-029,가평군 가족센터,GYE,위촉,6.5,3,10,69.4,False,100,기타 가족관계
CNS-GYE-00923,상담사 GYE-07,CTR-GYE-029,가평군 가족센터,GYE,위촉,9.2,3,6,78.2,True,86.7,개인 정서·위기
CNS-GYE-00924,상담사 GYE-08,CTR-GYE-029,가평군 가족센터,GYE,위촉,2.9,3,7,72.6,False,87.8,부모-자녀 갈등
CNS-GYE-00925,상담사 GYE-09,CTR-GYE-029,가평군 가족센터,GYE,위촉,7.4,3,6,76.5,False,82.5,이혼 전후
CNS-GYE-00926,상담사 GYE-10,CTR-GYE-029,가평군 가족센터,GYE,위촉,10.6,3,3,94.1,True,80.9,부부갈등
CNS-GYE-00927,상담사 GYE-11,CTR-GYE-029,가평군 가족센터,GYE,위촉,4.7,3,7,52.0,False,84.4,기타 가족관계
CNS-GYE-00928,상담사 GYE-12,CTR-GYE-029,가평군 가족센터,GYE,위촉,4.0,3,4,63.6,False,91.4,개인 정서·위기
CNS-GYE-00929,상담사 GYE-01,CTR-GYE-030,경기 건강가정지원센터 1,GYE,상근,4.6,6,11,78.2,False,88.5,개인 정서·위기
CNS-GYE-00930,상담사 GYE-02,CTR-GYE-030,경기 건강가정지원센터 1,GYE,상근,1.5,6,9,64.6,False,95.8,부모-자녀 갈등
CNS-GYE-00931,상담사 GYE-03,CTR-GYE-030,경기 건강가정지원센터 1,GYE,위촉,7.1,3,6,63.5,False,94.2,이혼 전후
CNS-GYE-00932,상담사 GYE-04,CTR-GYE-030,경기 건강가정지원센터 1,GYE,위촉,7.0,3,8,66.5,False,86.5,부부갈등
CNS-GYE-00933,상담사 GYE-05,CTR-GYE-030,경기 건강가정지원센터 1,GYE,위촉,8.9,3,3,66.4,True,94.0,기타 가족관계
CNS-GYE-00934,상담사 GYE-06,CTR-GYE-030,경기 건강가정지원센터 1,GYE,위촉,12.1,3,8,76.7,False,90.6,개인 정서·위기
CNS-GYE-00935,상담사 GYE-07,CTR-GYE-030,경기 건강가정지원센터 1,GYE,위촉,3.7,3,6,59.8,False,95.2,부모-자녀 갈등
CNS-GYE-00936,상담사 GYE-08,CTR-GYE-030,경기 건강가정지원센터 1,GYE,위촉,7.8,3,6,66.5,False,94.7,이혼 전후
CNS-GYE-00937,상담사 GYE-09,CTR-GYE-030,경기 건강가정지원센터 1,GYE,위촉,10.5,3,3,71.3,True,87.6,부부갈등
CNS-GYE-00938,상담사 GYE-01,CTR-GYE-031,경기 다문화가족지원센터 2,GYE,상근,6.6,6,12,47.8,False,97.3,이혼 전후
CNS-GYE-00939,상담사 GYE-02,CTR-GYE-031,경기 다문화가족지원센터 2,GYE,상근,3.0,6,10,62.6,False,98.4,부부갈등
CNS-GYE-00940,상담사 GYE-03,CTR-GYE-031,경기 다문화가족지원센터 2,GYE,위촉,6.9,3,5,87.0,False,84.0,기타 가족관계
CNS-GYE-00941,상담사 GYE-04,CTR-GYE-031,경기 다문화가족지원센터 2,GYE,위촉,1.4,3,7,83.5,False,91.4,개인 정서·위기
CNS-GYE-00942,상담사 GYE-05,CTR-GYE-031,경기 다문화가족지원센터 2,GYE,위촉,4.2,3,5,76.9,False,83.3,부모-자녀 갈등
CNS-GYE-00943,상담사 GYE-06,CTR-GYE-031,경기 다문화가족지원센터 2,GYE,위촉,0.3,3,7,48.5,False,99.3,이혼 전후
CNS-GYE-00944,상담사 GYE-07,CTR-GYE-031,경기 다문화가족지원센터 2,GYE,위촉,2.2,3,6,71.9,False,89.5,부부갈등
CNS-GYE-00945,상담사 GYE-08,CTR-GYE-031,경기 다문화가족지원센터 2,GYE,위촉,4.2,3,8,83.6,False,79.2,기타 가족관계
CNS-GYE-00946,상담사 GYE-09,CTR-GYE-031,경기 다문화가족지원센터 2,GYE,위촉,0.8,3,8,60.3,False,85.4,개인 정서·위기
CNS-GYE-00947,상담사 GYE-01,CTR-GYE-032,경기 다문화가족지원센터 3,GYE,상근,3.6,6,13,56.4,False,82.5,기타 가족관계
CNS-GYE-00948,상담사 GYE-02,CTR-GYE-032,경기 다문화가족지원센터 3,GYE,상근,8.9,6,11,80.2,True,100,개인 정서·위기
CNS-GYE-00949,상담사 GYE-03,CTR-GYE-032,경기 다문화가족지원센터 3,GYE,상근,2.9,6,8,64.6,False,97.4,부모-자녀 갈등
CNS-GYE-00950,상담사 GYE-04,CTR-GYE-032,경기 다문화가족지원센터 3,GYE,위촉,9.0,3,9,70.5,False,92.9,이혼 전후
CNS-GYE-00951,상담사 GYE-05,CTR-GYE-032,경기 다문화가족지원센터 3,GYE,위촉,8.3,3,10,64.0,False,82.9,부부갈등
CNS-GYE-00952,상담사 GYE-06,CTR-GYE-032,경기 다문화가족지원센터 3,GYE,위촉,5.1,3,11,59.5,False,88.9,기타 가족관계
CNS-GYE-00953,상담사 GYE-07,CTR-GYE-032,경기 다문화가족지원센터 3,GYE,위촉,1.5,3,6,74.4,False,98.4,개인 정서·위기
CNS-GYE-00954,상담사 GYE-08,CTR-GYE-032,경기 다문화가족지원센터 3,GYE,위촉,5.5,3,5,44.5,False,94.0,부모-자녀 갈등
CNS-GYE-00955,상담사 GYE-09,CTR-GYE-032,경기 다문화가족지원센터 3,GYE,위촉,8.3,3,13,65.1,True,92.5,이혼 전후
CNS-GYE-00956,상담사 GYE-10,CTR-GYE-032,경기 다문화가족지원센터 3,GYE,위촉,7.4,3,5,79.0,False,82.0,부부갈등
CNS-GYE-00957,상담사 GYE-11,CTR-GYE-032,경기 다문화가족지원센터 3,GYE,위촉,8.7,3,8,62.1,False,85.8,기타 가족관계
CNS-GYE-00958,상담사 GYE-12,CTR-GYE-032,경기 다문화가족지원센터 3,GYE,위촉,7.6,3,9,85.2,False,88.5,개인 정서·위기
CNS-GYE-00959,상담사 GYE-13,CTR-GYE-032,경기 다문화가족지원센터 3,GYE,위촉,7.8,3,4,73.3,False,92.5,부모-자녀 갈등
CNS-GAN-00960,상담사 GAN-01,CTR-GAN-001,춘천시 가족센터,GAN,상근,2.0,6,9,79.7,False,91.8,부부갈등
CNS-GAN-00961,상담사 GAN-02,CTR-GAN-001,춘천시 가족센터,GAN,위촉,6.2,3,3,69.8,False,90.4,기타 가족관계
CNS-GAN-00962,상담사 GAN-03,CTR-GAN-001,춘천시 가족센터,GAN,위촉,5.5,3,11,96.0,False,70.5,개인 정서·위기
CNS-GAN-00963,상담사 GAN-04,CTR-GAN-001,춘천시 가족센터,GAN,위촉,4.9,3,6,81.2,False,89.2,부모-자녀 갈등
CNS-GAN-00964,상담사 GAN-05,CTR-GAN-001,춘천시 가족센터,GAN,위촉,6.4,3,7,68.3,False,99.1,이혼 전후
CNS-GAN-00965,상담사 GAN-01,CTR-GAN-002,원주시 가족센터,GAN,상근,0.6,6,14,75.4,False,98.4,부부갈등
CNS-GAN-00966,상담사 GAN-02,CTR-GAN-002,원주시 가족센터,GAN,위촉,5.9,3,10,65.4,False,86.9,기타 가족관계
CNS-GAN-00967,상담사 GAN-03,CTR-GAN-002,원주시 가족센터,GAN,위촉,3.4,3,3,90.8,False,99.1,개인 정서·위기
CNS-GAN-00968,상담사 GAN-04,CTR-GAN-002,원주시 가족센터,GAN,위촉,8.9,3,10,58.2,True,82.6,부모-자녀 갈등
CNS-GAN-00969,상담사 GAN-05,CTR-GAN-002,원주시 가족센터,GAN,위촉,4.0,3,12,62.9,False,81.5,이혼 전후
CNS-GAN-00970,상담사 GAN-01,CTR-GAN-003,강릉시 가족센터,GAN,상근,5.9,6,11,75.7,False,85.3,부부갈등
CNS-GAN-00971,상담사 GAN-02,CTR-GAN-003,강릉시 가족센터,GAN,위촉,8.7,3,12,76.6,True,88.2,기타 가족관계
CNS-GAN-00972,상담사 GAN-03,CTR-GAN-003,강릉시 가족센터,GAN,위촉,8.8,3,4,82.1,True,86.5,개인 정서·위기
CNS-GAN-00973,상담사 GAN-04,CTR-GAN-003,강릉시 가족센터,GAN,위촉,3.7,3,8,73.6,False,100,부모-자녀 갈등
CNS-GAN-00974,상담사 GAN-01,CTR-GAN-004,동해시 가족센터,GAN,상근,1.9,6,11,88.7,False,90.8,개인 정서·위기
CNS-GAN-00975,상담사 GAN-02,CTR-GAN-004,동해시 가족센터,GAN,위촉,4.5,3,8,56.2,False,87.5,부모-자녀 갈등
CNS-GAN-00976,상담사 GAN-03,CTR-GAN-004,동해시 가족센터,GAN,위촉,9.1,3,6,80.4,False,82.4,이혼 전후
CNS-GAN-00977,상담사 GAN-04,CTR-GAN-004,동해시 가족센터,GAN,위촉,4.9,3,7,73.0,False,80.3,부부갈등
CNS-GAN-00978,상담사 GAN-05,CTR-GAN-004,동해시 가족센터,GAN,위촉,8.7,3,7,53.7,False,85.5,기타 가족관계
CNS-GAN-00979,상담사 GAN-01,CTR-GAN-005,태백시 가족센터,GAN,상근,11.0,6,14,90.0,False,83.6,개인 정서·위기
CNS-GAN-00980,상담사 GAN-02,CTR-GAN-005,태백시 가족센터,GAN,위촉,3.5,3,9,49.0,False,84.8,부모-자녀 갈등
CNS-GAN-00981,상담사 GAN-03,CTR-GAN-005,태백시 가족센터,GAN,위촉,11.3,3,7,67.6,False,95.8,이혼 전후
CNS-GAN-00982,상담사 GAN-04,CTR-GAN-005,태백시 가족센터,GAN,위촉,0.6,3,8,83.1,False,97.7,부부갈등
CNS-GAN-00983,상담사 GAN-05,CTR-GAN-005,태백시 가족센터,GAN,위촉,2.2,3,6,73.0,False,99.5,기타 가족관계
CNS-GAN-00984,상담사 GAN-01,CTR-GAN-006,속초시 가족센터,GAN,상근,6.5,6,14,73.4,False,81.8,개인 정서·위기
CNS-GAN-00985,상담사 GAN-02,CTR-GAN-006,속초시 가족센터,GAN,위촉,12.4,3,8,54.5,True,97.8,부모-자녀 갈등
CNS-GAN-00986,상담사 GAN-03,CTR-GAN-006,속초시 가족센터,GAN,위촉,3.1,3,6,75.3,False,83.9,이혼 전후
CNS-GAN-00987,상담사 GAN-04,CTR-GAN-006,속초시 가족센터,GAN,위촉,6.3,3,5,75.8,False,72.9,부부갈등
CNS-GAN-00988,상담사 GAN-05,CTR-GAN-006,속초시 가족센터,GAN,위촉,7.7,3,9,63.3,False,93.0,기타 가족관계
CNS-GAN-00989,상담사 GAN-01,CTR-GAN-007,삼척시 가족센터,GAN,상근,3.2,6,15,78.5,False,89.8,개인 정서·위기
CNS-GAN-00990,상담사 GAN-02,CTR-GAN-007,삼척시 가족센터,GAN,위촉,10.8,3,7,74.7,False,98.7,부모-자녀 갈등
CNS-GAN-00991,상담사 GAN-03,CTR-GAN-007,삼척시 가족센터,GAN,위촉,5.2,3,4,71.6,False,76.7,이혼 전후
CNS-GAN-00992,상담사 GAN-04,CTR-GAN-007,삼척시 가족센터,GAN,위촉,2.8,3,6,69.3,False,77.1,부부갈등
CNS-GAN-00993,상담사 GAN-01,CTR-GAN-008,홍천군 가족센터,GAN,상근,6.3,6,13,74.8,False,77.1,이혼 전후
CNS-GAN-00994,상담사 GAN-02,CTR-GAN-008,홍천군 가족센터,GAN,위촉,2.2,3,10,73.9,False,80.6,부부갈등
CNS-GAN-00995,상담사 GAN-03,CTR-GAN-008,홍천군 가족센터,GAN,위촉,4.5,3,8,71.7,False,85.1,기타 가족관계
CNS-GAN-00996,상담사 GAN-04,CTR-GAN-008,홍천군 가족센터,GAN,위촉,7.9,3,5,79.4,False,88.6,개인 정서·위기
CNS-GAN-00997,상담사 GAN-05,CTR-GAN-008,홍천군 가족센터,GAN,위촉,5.1,3,5,64.5,False,87.3,부모-자녀 갈등
CNS-GAN-00998,상담사 GAN-01,CTR-GAN-009,횡성군 가족센터,GAN,상근,7.2,6,8,51.6,False,89.1,이혼 전후
CNS-GAN-00999,상담사 GAN-02,CTR-GAN-009,횡성군 가족센터,GAN,위촉,0.3,3,6,78.9,False,89.5,부부갈등
CNS-GAN-01000,상담사 GAN-03,CTR-GAN-009,횡성군 가족센터,GAN,위촉,11.2,3,11,70.9,True,100,기타 가족관계
CNS-GAN-01001,상담사 GAN-04,CTR-GAN-009,횡성군 가족센터,GAN,위촉,8.4,3,7,55.5,False,89.9,개인 정서·위기
CNS-GAN-01002,상담사 GAN-05,CTR-GAN-009,횡성군 가족센터,GAN,위촉,9.3,3,8,59.8,False,87.7,부모-자녀 갈등
CNS-GAN-01003,상담사 GAN-01,CTR-GAN-010,영월군 가족센터,GAN,상근,8.7,6,17,78.2,False,84.5,이혼 전후
CNS-GAN-01004,상담사 GAN-02,CTR-GAN-010,영월군 가족센터,GAN,위촉,2.8,3,8,82.4,False,85.8,부부갈등
CNS-GAN-01005,상담사 GAN-03,CTR-GAN-010,영월군 가족센터,GAN,위촉,3.1,3,5,60.3,False,92.2,기타 가족관계
CNS-GAN-01006,상담사 GAN-04,CTR-GAN-010,영월군 가족센터,GAN,위촉,2.2,3,5,64.7,False,80.0,개인 정서·위기
CNS-GAN-01007,상담사 GAN-01,CTR-GAN-011,평창군 가족센터,GAN,상근,6.5,6,15,87.1,False,77.7,기타 가족관계
CNS-GAN-01008,상담사 GAN-02,CTR-GAN-011,평창군 가족센터,GAN,위촉,7.4,3,7,62.6,False,89.6,개인 정서·위기
CNS-GAN-01009,상담사 GAN-03,CTR-GAN-011,평창군 가족센터,GAN,위촉,3.3,3,8,85.1,False,75.1,부모-자녀 갈등
CNS-GAN-01010,상담사 GAN-04,CTR-GAN-011,평창군 가족센터,GAN,위촉,4.4,3,6,82.3,False,71.5,이혼 전후
CNS-GAN-01011,상담사 GAN-05,CTR-GAN-011,평창군 가족센터,GAN,위촉,7.0,3,9,70.9,False,73.9,부부갈등
CNS-GAN-01012,상담사 GAN-01,CTR-GAN-012,정선군 가족센터,GAN,상근,1.2,6,12,68.5,False,80.1,기타 가족관계
CNS-GAN-01013,상담사 GAN-02,CTR-GAN-012,정선군 가족센터,GAN,위촉,5.3,3,6,71.4,False,91.3,개인 정서·위기
CNS-GAN-01014,상담사 GAN-03,CTR-GAN-012,정선군 가족센터,GAN,위촉,3.2,3,7,67.4,False,99.6,부모-자녀 갈등
CNS-GAN-01015,상담사 GAN-04,CTR-GAN-012,정선군 가족센터,GAN,위촉,7.8,3,10,55.2,False,79.1,이혼 전후
CNS-GAN-01016,상담사 GAN-01,CTR-GAN-013,철원군 가족센터,GAN,상근,1.6,6,12,83.0,False,94.1,부모-자녀 갈등
CNS-GAN-01017,상담사 GAN-02,CTR-GAN-013,철원군 가족센터,GAN,위촉,1.4,3,7,52.1,False,86.6,이혼 전후
CNS-GAN-01018,상담사 GAN-03,CTR-GAN-013,철원군 가족센터,GAN,위촉,2.7,3,11,81.2,False,82.0,부부갈등
CNS-GAN-01019,상담사 GAN-04,CTR-GAN-013,철원군 가족센터,GAN,위촉,6.1,3,7,65.2,False,97.2,기타 가족관계
CNS-GAN-01020,상담사 GAN-01,CTR-GAN-014,화천군 가족센터,GAN,상근,7.5,6,13,85.2,False,82.0,부부갈등
CNS-GAN-01021,상담사 GAN-02,CTR-GAN-014,화천군 가족센터,GAN,위촉,4.7,3,10,74.9,False,88.3,기타 가족관계
CNS-GAN-01022,상담사 GAN-03,CTR-GAN-014,화천군 가족센터,GAN,위촉,5.7,3,6,88.2,False,88.1,개인 정서·위기
CNS-GAN-01023,상담사 GAN-04,CTR-GAN-014,화천군 가족센터,GAN,위촉,6.0,3,9,81.9,False,91.2,부모-자녀 갈등
CNS-GAN-01024,상담사 GAN-05,CTR-GAN-014,화천군 가족센터,GAN,위촉,8.6,3,7,89.5,False,84.7,이혼 전후
CNS-GAN-01025,상담사 GAN-01,CTR-GAN-015,양구군 가족센터,GAN,상근,0.7,6,11,64.6,False,82.6,부부갈등
CNS-GAN-01026,상담사 GAN-02,CTR-GAN-015,양구군 가족센터,GAN,위촉,4.2,3,7,65.8,False,80.0,기타 가족관계
CNS-GAN-01027,상담사 GAN-03,CTR-GAN-015,양구군 가족센터,GAN,위촉,5.1,3,4,77.3,False,84.7,개인 정서·위기
CNS-GAN-01028,상담사 GAN-04,CTR-GAN-015,양구군 가족센터,GAN,위촉,4.8,3,8,75.9,False,100,부모-자녀 갈등
CNS-GAN-01029,상담사 GAN-05,CTR-GAN-015,양구군 가족센터,GAN,위촉,2.4,3,4,55.5,False,90.2,이혼 전후
CNS-GAN-01030,상담사 GAN-01,CTR-GAN-016,인제군 가족센터,GAN,상근,4.1,6,15,50.7,False,94.8,부부갈등
CNS-GAN-01031,상담사 GAN-02,CTR-GAN-016,인제군 가족센터,GAN,위촉,0.6,3,12,80.7,False,94.9,기타 가족관계
CNS-GAN-01032,상담사 GAN-03,CTR-GAN-016,인제군 가족센터,GAN,위촉,3.0,3,12,65.5,False,76.8,개인 정서·위기
CNS-GAN-01033,상담사 GAN-04,CTR-GAN-016,인제군 가족센터,GAN,위촉,7.6,3,8,67.0,False,81.0,부모-자녀 갈등
CNS-GAN-01034,상담사 GAN-01,CTR-GAN-017,고성군 가족센터,GAN,상근,2.6,6,13,68.6,False,69.8,개인 정서·위기
CNS-GAN-01035,상담사 GAN-02,CTR-GAN-017,고성군 가족센터,GAN,위촉,4.1,3,3,71.0,False,80.5,부모-자녀 갈등
CNS-GAN-01036,상담사 GAN-03,CTR-GAN-017,고성군 가족센터,GAN,위촉,4.8,3,9,82.5,False,89.0,이혼 전후
CNS-GAN-01037,상담사 GAN-04,CTR-GAN-017,고성군 가족센터,GAN,위촉,2.4,3,5,65.9,False,76.6,부부갈등
CNS-GAN-01038,상담사 GAN-05,CTR-GAN-017,고성군 가족센터,GAN,위촉,2.5,3,7,85.7,False,68.2,기타 가족관계
CNS-GAN-01039,상담사 GAN-01,CTR-GAN-018,양양군 가족센터,GAN,상근,4.1,6,12,87.6,False,90.6,개인 정서·위기
CNS-GAN-01040,상담사 GAN-02,CTR-GAN-018,양양군 가족센터,GAN,위촉,6.3,3,6,70.8,False,93.8,부모-자녀 갈등
CNS-GAN-01041,상담사 GAN-03,CTR-GAN-018,양양군 가족센터,GAN,위촉,10.4,3,7,70.1,False,92.4,이혼 전후
CNS-GAN-01042,상담사 GAN-04,CTR-GAN-018,양양군 가족센터,GAN,위촉,6.4,3,7,67.1,False,80.7,부부갈등
CNS-GAN-01043,상담사 GAN-05,CTR-GAN-018,양양군 가족센터,GAN,위촉,9.4,3,7,63.7,False,82.2,기타 가족관계
CNS-GAN-01044,상담사 GAN-01,CTR-GAN-019,강원 건강가정지원센터 1,GAN,상근,9.5,6,12,66.6,True,92.2,개인 정서·위기
CNS-GAN-01045,상담사 GAN-02,CTR-GAN-019,강원 건강가정지원센터 1,GAN,위촉,3.4,3,12,76.9,False,88.7,부모-자녀 갈등
CNS-GAN-01046,상담사 GAN-03,CTR-GAN-019,강원 건강가정지원센터 1,GAN,위촉,6.7,3,7,62.0,False,87.3,이혼 전후
CNS-GAN-01047,상담사 GAN-04,CTR-GAN-019,강원 건강가정지원센터 1,GAN,위촉,6.7,3,11,71.1,False,94.2,부부갈등
CNS-GAN-01048,상담사 GAN-05,CTR-GAN-019,강원 건강가정지원센터 1,GAN,위촉,8.0,3,7,82.2,True,90.8,기타 가족관계
CNS-CBK-01049,상담사 CBK-01,CTR-CBK-001,청주시 가족센터,CBK,상근,6.6,6,13,49.9,False,90.1,개인 정서·위기
CNS-CBK-01050,상담사 CBK-02,CTR-CBK-001,청주시 가족센터,CBK,위촉,0.3,3,6,83.0,False,96.6,부모-자녀 갈등
CNS-CBK-01051,상담사 CBK-03,CTR-CBK-001,청주시 가족센터,CBK,위촉,7.7,3,3,63.2,False,98.9,이혼 전후
CNS-CBK-01052,상담사 CBK-04,CTR-CBK-001,청주시 가족센터,CBK,위촉,9.0,3,7,82.1,False,87.6,부부갈등
CNS-CBK-01053,상담사 CBK-05,CTR-CBK-001,청주시 가족센터,CBK,위촉,10.8,3,8,90.0,False,74.6,기타 가족관계
CNS-CBK-01054,상담사 CBK-01,CTR-CBK-002,충주시 가족센터,CBK,상근,5.7,6,10,80.2,False,84.0,개인 정서·위기
CNS-CBK-01055,상담사 CBK-02,CTR-CBK-002,충주시 가족센터,CBK,위촉,5.0,3,6,71.5,False,85.2,부모-자녀 갈등
CNS-CBK-01056,상담사 CBK-03,CTR-CBK-002,충주시 가족센터,CBK,위촉,8.9,3,5,97.3,False,73.8,이혼 전후
CNS-CBK-01057,상담사 CBK-04,CTR-CBK-002,충주시 가족센터,CBK,위촉,7.2,3,7,60.3,False,73.8,부부갈등
CNS-CBK-01058,상담사 CBK-05,CTR-CBK-002,충주시 가족센터,CBK,위촉,10.0,3,5,58.8,False,88.7,기타 가족관계
CNS-CBK-01059,상담사 CBK-01,CTR-CBK-003,제천시 가족센터,CBK,상근,1.9,6,18,64.4,False,82.0,개인 정서·위기
CNS-CBK-01060,상담사 CBK-02,CTR-CBK-003,제천시 가족센터,CBK,위촉,8.3,3,9,75.3,True,94.2,부모-자녀 갈등
CNS-CBK-01061,상담사 CBK-03,CTR-CBK-003,제천시 가족센터,CBK,위촉,7.7,3,8,76.9,False,100,이혼 전후
CNS-CBK-01062,상담사 CBK-04,CTR-CBK-003,제천시 가족센터,CBK,위촉,4.5,3,4,61.9,False,100,부부갈등
CNS-CBK-01063,상담사 CBK-05,CTR-CBK-003,제천시 가족센터,CBK,위촉,4.4,3,7,82.2,False,85.4,기타 가족관계
CNS-CBK-01064,상담사 CBK-01,CTR-CBK-004,보은군 가족센터,CBK,상근,2.9,6,12,66.8,False,91.7,개인 정서·위기
CNS-CBK-01065,상담사 CBK-02,CTR-CBK-004,보은군 가족센터,CBK,위촉,1.5,3,5,80.0,False,87.3,부모-자녀 갈등
CNS-CBK-01066,상담사 CBK-03,CTR-CBK-004,보은군 가족센터,CBK,위촉,8.3,3,5,68.0,False,74.6,이혼 전후
CNS-CBK-01067,상담사 CBK-04,CTR-CBK-004,보은군 가족센터,CBK,위촉,5.4,3,4,84.7,False,84.8,부부갈등
CNS-CBK-01068,상담사 CBK-05,CTR-CBK-004,보은군 가족센터,CBK,위촉,4.3,3,9,66.0,False,83.7,기타 가족관계
CNS-CBK-01069,상담사 CBK-01,CTR-CBK-005,옥천군 가족센터,CBK,상근,7.8,6,9,84.8,False,72.5,개인 정서·위기
CNS-CBK-01070,상담사 CBK-02,CTR-CBK-005,옥천군 가족센터,CBK,위촉,6.8,3,5,90.9,False,97.2,부모-자녀 갈등
CNS-CBK-01071,상담사 CBK-03,CTR-CBK-005,옥천군 가족센터,CBK,위촉,9.0,3,3,73.8,False,91.9,이혼 전후
CNS-CBK-01072,상담사 CBK-04,CTR-CBK-005,옥천군 가족센터,CBK,위촉,5.0,3,5,69.3,False,87.4,부부갈등
CNS-CBK-01073,상담사 CBK-05,CTR-CBK-005,옥천군 가족센터,CBK,위촉,9.2,3,8,56.9,True,82.6,기타 가족관계
CNS-CBK-01074,상담사 CBK-01,CTR-CBK-006,영동군 가족센터,CBK,상근,1.7,6,11,61.3,False,100,개인 정서·위기
CNS-CBK-01075,상담사 CBK-02,CTR-CBK-006,영동군 가족센터,CBK,위촉,5.4,3,9,68.4,False,85.2,부모-자녀 갈등
CNS-CBK-01076,상담사 CBK-03,CTR-CBK-006,영동군 가족센터,CBK,위촉,3.2,3,3,62.4,False,77.8,이혼 전후
CNS-CBK-01077,상담사 CBK-04,CTR-CBK-006,영동군 가족센터,CBK,위촉,4.8,3,6,69.1,False,86.5,부부갈등
CNS-CBK-01078,상담사 CBK-05,CTR-CBK-006,영동군 가족센터,CBK,위촉,4.4,3,9,78.3,False,89.8,기타 가족관계
CNS-CBK-01079,상담사 CBK-01,CTR-CBK-007,증평군 가족센터,CBK,상근,4.1,6,12,82.6,False,71.2,개인 정서·위기
CNS-CBK-01080,상담사 CBK-02,CTR-CBK-007,증평군 가족센터,CBK,위촉,6.8,3,9,61.5,False,93.6,부모-자녀 갈등
CNS-CBK-01081,상담사 CBK-03,CTR-CBK-007,증평군 가족센터,CBK,위촉,4.3,3,7,67.5,False,89.0,이혼 전후
CNS-CBK-01082,상담사 CBK-04,CTR-CBK-007,증평군 가족센터,CBK,위촉,5.7,3,5,68.8,False,86.0,부부갈등
CNS-CBK-01083,상담사 CBK-05,CTR-CBK-007,증평군 가족센터,CBK,위촉,5.1,3,3,70.9,False,83.9,기타 가족관계
CNS-CBK-01084,상담사 CBK-01,CTR-CBK-008,진천군 가족센터,CBK,상근,7.2,6,8,70.7,False,90.5,개인 정서·위기
CNS-CBK-01085,상담사 CBK-02,CTR-CBK-008,진천군 가족센터,CBK,위촉,6.9,3,7,68.5,False,79.6,부모-자녀 갈등
CNS-CBK-01086,상담사 CBK-03,CTR-CBK-008,진천군 가족센터,CBK,위촉,7.4,3,6,62.8,False,81.1,이혼 전후
CNS-CBK-01087,상담사 CBK-04,CTR-CBK-008,진천군 가족센터,CBK,위촉,9.2,3,4,71.0,True,88.1,부부갈등
CNS-CBK-01088,상담사 CBK-05,CTR-CBK-008,진천군 가족센터,CBK,위촉,4.8,3,12,80.1,False,84.6,기타 가족관계
CNS-CBK-01089,상담사 CBK-01,CTR-CBK-009,괴산군 가족센터,CBK,상근,3.4,6,15,67.9,False,90.0,개인 정서·위기
CNS-CBK-01090,상담사 CBK-02,CTR-CBK-009,괴산군 가족센터,CBK,위촉,11.0,3,7,59.0,False,78.2,부모-자녀 갈등
CNS-CBK-01091,상담사 CBK-03,CTR-CBK-009,괴산군 가족센터,CBK,위촉,3.7,3,8,52.0,False,91.3,이혼 전후
CNS-CBK-01092,상담사 CBK-04,CTR-CBK-009,괴산군 가족센터,CBK,위촉,8.7,3,6,77.5,False,85.1,부부갈등
CNS-CBK-01093,상담사 CBK-05,CTR-CBK-009,괴산군 가족센터,CBK,위촉,3.9,3,7,78.7,False,63.8,기타 가족관계
CNS-CBK-01094,상담사 CBK-01,CTR-CBK-010,음성군 가족센터,CBK,상근,4.5,6,13,66.9,False,86.3,개인 정서·위기
CNS-CBK-01095,상담사 CBK-02,CTR-CBK-010,음성군 가족센터,CBK,위촉,4.2,3,9,80.7,False,83.7,부모-자녀 갈등
CNS-CBK-01096,상담사 CBK-03,CTR-CBK-010,음성군 가족센터,CBK,위촉,12.2,3,6,72.1,False,90.5,이혼 전후
CNS-CBK-01097,상담사 CBK-04,CTR-CBK-010,음성군 가족센터,CBK,위촉,6.9,3,6,72.7,False,90.4,부부갈등
CNS-CBK-01098,상담사 CBK-05,CTR-CBK-010,음성군 가족센터,CBK,위촉,12.8,3,4,61.7,True,86.8,기타 가족관계
CNS-CBK-01099,상담사 CBK-01,CTR-CBK-011,단양군 가족센터,CBK,상근,5.7,6,12,65.7,False,89.2,개인 정서·위기
CNS-CBK-01100,상담사 CBK-02,CTR-CBK-011,단양군 가족센터,CBK,위촉,6.3,3,10,86.2,False,89.9,부모-자녀 갈등
CNS-CBK-01101,상담사 CBK-03,CTR-CBK-011,단양군 가족센터,CBK,위촉,5.2,3,4,78.4,False,88.3,이혼 전후
CNS-CBK-01102,상담사 CBK-04,CTR-CBK-011,단양군 가족센터,CBK,위촉,3.3,3,7,86.5,False,81.3,부부갈등
CNS-CBK-01103,상담사 CBK-05,CTR-CBK-011,단양군 가족센터,CBK,위촉,7.0,3,6,69.9,False,84.7,기타 가족관계
CNS-CNM-01104,상담사 CNM-01,CTR-CNM-001,천안시 가족센터,CNM,상근,2.9,6,10,81.3,False,82.0,개인 정서·위기
CNS-CNM-01105,상담사 CNM-02,CTR-CNM-001,천안시 가족센터,CNM,상근,0.3,6,13,66.2,False,95.5,부모-자녀 갈등
CNS-CNM-01106,상담사 CNM-03,CTR-CNM-001,천안시 가족센터,CNM,위촉,1.7,3,10,61.0,False,94.0,이혼 전후
CNS-CNM-01107,상담사 CNM-04,CTR-CNM-001,천안시 가족센터,CNM,위촉,2.5,3,9,54.2,False,76.6,부부갈등
CNS-CNM-01108,상담사 CNM-05,CTR-CNM-001,천안시 가족센터,CNM,위촉,8.9,3,4,77.3,False,80.0,기타 가족관계
CNS-CNM-01109,상담사 CNM-06,CTR-CNM-001,천안시 가족센터,CNM,위촉,11.5,3,8,55.1,False,77.2,개인 정서·위기
CNS-CNM-01110,상담사 CNM-07,CTR-CNM-001,천안시 가족센터,CNM,위촉,12.7,3,10,60.9,False,90.0,부모-자녀 갈등
CNS-CNM-01111,상담사 CNM-01,CTR-CNM-002,공주시 가족센터,CNM,상근,4.2,6,13,93.6,False,92.8,부모-자녀 갈등
CNS-CNM-01112,상담사 CNM-02,CTR-CNM-002,공주시 가족센터,CNM,상근,4.3,6,8,82.1,False,100,이혼 전후
CNS-CNM-01113,상담사 CNM-03,CTR-CNM-002,공주시 가족센터,CNM,위촉,3.5,3,7,83.0,False,96.6,부부갈등
CNS-CNM-01114,상담사 CNM-04,CTR-CNM-002,공주시 가족센터,CNM,위촉,6.7,3,11,71.7,False,90.0,기타 가족관계
CNS-CNM-01115,상담사 CNM-05,CTR-CNM-002,공주시 가족센터,CNM,위촉,12.3,3,7,72.9,False,100,개인 정서·위기
CNS-CNM-01116,상담사 CNM-06,CTR-CNM-002,공주시 가족센터,CNM,위촉,5.2,3,5,75.3,False,96.8,부모-자녀 갈등
CNS-CNM-01117,상담사 CNM-07,CTR-CNM-002,공주시 가족센터,CNM,위촉,9.1,3,6,74.4,True,97.7,이혼 전후
CNS-CNM-01118,상담사 CNM-01,CTR-CNM-003,보령시 가족센터,CNM,상근,4.7,6,14,59.5,False,80.4,이혼 전후
CNS-CNM-01119,상담사 CNM-02,CTR-CNM-003,보령시 가족센터,CNM,상근,4.3,6,16,79.5,False,84.1,부부갈등
CNS-CNM-01120,상담사 CNM-03,CTR-CNM-003,보령시 가족센터,CNM,위촉,7.1,3,3,79.8,False,88.7,기타 가족관계
CNS-CNM-01121,상담사 CNM-04,CTR-CNM-003,보령시 가족센터,CNM,위촉,4.6,3,7,81.3,False,88.2,개인 정서·위기
CNS-CNM-01122,상담사 CNM-05,CTR-CNM-003,보령시 가족센터,CNM,위촉,9.2,3,3,91.3,False,89.8,부모-자녀 갈등
CNS-CNM-01123,상담사 CNM-06,CTR-CNM-003,보령시 가족센터,CNM,위촉,4.2,3,5,75.5,False,84.0,이혼 전후
CNS-CNM-01124,상담사 CNM-07,CTR-CNM-003,보령시 가족센터,CNM,위촉,4.5,3,9,60.4,False,80.6,부부갈등
CNS-CNM-01125,상담사 CNM-08,CTR-CNM-003,보령시 가족센터,CNM,위촉,7.0,3,10,63.0,False,83.8,기타 가족관계
CNS-CNM-01126,상담사 CNM-01,CTR-CNM-004,아산시 가족센터,CNM,상근,6.0,6,11,73.4,False,70.9,부모-자녀 갈등
CNS-CNM-01127,상담사 CNM-02,CTR-CNM-004,아산시 가족센터,CNM,상근,0.3,6,13,88.6,False,92.5,이혼 전후
CNS-CNM-01128,상담사 CNM-03,CTR-CNM-004,아산시 가족센터,CNM,위촉,2.2,3,3,80.1,False,70.4,부부갈등
CNS-CNM-01129,상담사 CNM-04,CTR-CNM-004,아산시 가족센터,CNM,위촉,3.2,3,7,79.7,False,79.9,기타 가족관계
CNS-CNM-01130,상담사 CNM-05,CTR-CNM-004,아산시 가족센터,CNM,위촉,10.3,3,7,51.6,True,78.2,개인 정서·위기
CNS-CNM-01131,상담사 CNM-06,CTR-CNM-004,아산시 가족센터,CNM,위촉,6.2,3,6,77.8,False,87.3,부모-자녀 갈등
CNS-CNM-01132,상담사 CNM-07,CTR-CNM-004,아산시 가족센터,CNM,위촉,3.2,3,7,65.6,False,90.4,이혼 전후
CNS-CNM-01133,상담사 CNM-01,CTR-CNM-005,서산시 가족센터,CNM,상근,7.2,6,12,80.2,False,98.0,이혼 전후
CNS-CNM-01134,상담사 CNM-02,CTR-CNM-005,서산시 가족센터,CNM,위촉,0.3,3,6,71.9,False,82.4,부부갈등
CNS-CNM-01135,상담사 CNM-03,CTR-CNM-005,서산시 가족센터,CNM,위촉,7.3,3,7,75.4,False,100,기타 가족관계
CNS-CNM-01136,상담사 CNM-04,CTR-CNM-005,서산시 가족센터,CNM,위촉,7.4,3,7,96.3,False,89.5,개인 정서·위기
CNS-CNM-01137,상담사 CNM-05,CTR-CNM-005,서산시 가족센터,CNM,위촉,3.2,3,11,72.5,False,100,부모-자녀 갈등
CNS-CNM-01138,상담사 CNM-01,CTR-CNM-006,논산시 가족센터,CNM,상근,1.0,6,13,58.3,False,81.4,이혼 전후
CNS-CNM-01139,상담사 CNM-02,CTR-CNM-006,논산시 가족센터,CNM,상근,5.0,6,12,55.5,False,82.0,부부갈등
CNS-CNM-01140,상담사 CNM-03,CTR-CNM-006,논산시 가족센터,CNM,위촉,10.5,3,8,71.8,False,84.1,기타 가족관계
CNS-CNM-01141,상담사 CNM-04,CTR-CNM-006,논산시 가족센터,CNM,위촉,6.2,3,7,57.7,False,78.4,개인 정서·위기
CNS-CNM-01142,상담사 CNM-05,CTR-CNM-006,논산시 가족센터,CNM,위촉,8.0,3,7,93.3,True,86.9,부모-자녀 갈등
CNS-CNM-01143,상담사 CNM-06,CTR-CNM-006,논산시 가족센터,CNM,위촉,4.7,3,8,89.7,False,82.7,이혼 전후
CNS-CNM-01144,상담사 CNM-07,CTR-CNM-006,논산시 가족센터,CNM,위촉,5.0,3,7,87.3,False,88.5,부부갈등
CNS-CNM-01145,상담사 CNM-01,CTR-CNM-007,계룡시 가족센터,CNM,상근,2.3,6,12,84.1,False,86.5,부부갈등
CNS-CNM-01146,상담사 CNM-02,CTR-CNM-007,계룡시 가족센터,CNM,상근,1.4,6,13,64.9,False,90.2,기타 가족관계
CNS-CNM-01147,상담사 CNM-03,CTR-CNM-007,계룡시 가족센터,CNM,위촉,2.5,3,7,66.8,False,94.2,개인 정서·위기
CNS-CNM-01148,상담사 CNM-04,CTR-CNM-007,계룡시 가족센터,CNM,위촉,9.1,3,6,73.2,False,82.8,부모-자녀 갈등
CNS-CNM-01149,상담사 CNM-05,CTR-CNM-007,계룡시 가족센터,CNM,위촉,4.2,3,7,76.2,False,79.3,이혼 전후
CNS-CNM-01150,상담사 CNM-06,CTR-CNM-007,계룡시 가족센터,CNM,위촉,9.7,3,9,90.3,True,79.7,부부갈등
CNS-CNM-01151,상담사 CNM-07,CTR-CNM-007,계룡시 가족센터,CNM,위촉,3.9,3,9,66.4,False,77.1,기타 가족관계
CNS-CNM-01152,상담사 CNM-01,CTR-CNM-008,당진시 가족센터,CNM,상근,5.3,6,13,84.2,False,94.9,기타 가족관계
CNS-CNM-01153,상담사 CNM-02,CTR-CNM-008,당진시 가족센터,CNM,위촉,7.3,3,6,75.2,False,96.4,개인 정서·위기
CNS-CNM-01154,상담사 CNM-03,CTR-CNM-008,당진시 가족센터,CNM,위촉,5.6,3,8,74.0,False,94.2,부모-자녀 갈등
CNS-CNM-01155,상담사 CNM-04,CTR-CNM-008,당진시 가족센터,CNM,위촉,9.1,3,9,66.8,False,84.5,이혼 전후
CNS-CNM-01156,상담사 CNM-05,CTR-CNM-008,당진시 가족센터,CNM,위촉,9.8,3,8,65.7,False,82.8,부부갈등
CNS-CNM-01157,상담사 CNM-01,CTR-CNM-009,금산군 가족센터,CNM,상근,8.2,6,13,74.4,False,97.6,기타 가족관계
CNS-CNM-01158,상담사 CNM-02,CTR-CNM-009,금산군 가족센터,CNM,위촉,7.7,3,4,64.9,False,88.5,개인 정서·위기
CNS-CNM-01159,상담사 CNM-03,CTR-CNM-009,금산군 가족센터,CNM,위촉,6.2,3,4,60.3,False,84.1,부모-자녀 갈등
CNS-CNM-01160,상담사 CNM-04,CTR-CNM-009,금산군 가족센터,CNM,위촉,7.9,3,7,71.6,False,71.7,이혼 전후
CNS-CNM-01161,상담사 CNM-05,CTR-CNM-009,금산군 가족센터,CNM,위촉,2.7,3,10,70.6,False,89.6,부부갈등
CNS-CNM-01162,상담사 CNM-01,CTR-CNM-010,부여군 가족센터,CNM,상근,5.5,6,15,81.3,False,96.9,기타 가족관계
CNS-CNM-01163,상담사 CNM-02,CTR-CNM-010,부여군 가족센터,CNM,상근,12.1,6,15,79.9,False,78.0,개인 정서·위기
CNS-CNM-01164,상담사 CNM-03,CTR-CNM-010,부여군 가족센터,CNM,위촉,2.7,3,8,69.1,False,80.8,부모-자녀 갈등
CNS-CNM-01165,상담사 CNM-04,CTR-CNM-010,부여군 가족센터,CNM,위촉,5.6,3,6,58.0,False,100,이혼 전후
CNS-CNM-01166,상담사 CNM-05,CTR-CNM-010,부여군 가족센터,CNM,위촉,5.9,3,11,82.7,False,72.6,부부갈등
CNS-CNM-01167,상담사 CNM-06,CTR-CNM-010,부여군 가족센터,CNM,위촉,8.0,3,7,76.5,True,81.1,기타 가족관계
CNS-CNM-01168,상담사 CNM-07,CTR-CNM-010,부여군 가족센터,CNM,위촉,7.8,3,10,55.0,False,75.4,개인 정서·위기
CNS-CNM-01169,상담사 CNM-01,CTR-CNM-011,서천군 가족센터,CNM,상근,3.3,6,14,57.6,False,97.8,개인 정서·위기
CNS-CNM-01170,상담사 CNM-02,CTR-CNM-011,서천군 가족센터,CNM,상근,5.5,6,13,70.9,False,82.1,부모-자녀 갈등
CNS-CNM-01171,상담사 CNM-03,CTR-CNM-011,서천군 가족센터,CNM,위촉,10.8,3,10,67.3,True,74.4,이혼 전후
CNS-CNM-01172,상담사 CNM-04,CTR-CNM-011,서천군 가족센터,CNM,위촉,8.5,3,8,80.0,True,83.1,부부갈등
CNS-CNM-01173,상담사 CNM-05,CTR-CNM-011,서천군 가족센터,CNM,위촉,11.5,3,8,85.7,False,92.3,기타 가족관계
CNS-CNM-01174,상담사 CNM-06,CTR-CNM-011,서천군 가족센터,CNM,위촉,7.1,3,10,76.9,False,91.0,개인 정서·위기
CNS-CNM-01175,상담사 CNM-07,CTR-CNM-011,서천군 가족센터,CNM,위촉,3.7,3,5,83.8,False,86.3,부모-자녀 갈등
CNS-CNM-01176,상담사 CNM-01,CTR-CNM-012,청양군 가족센터,CNM,상근,1.5,6,11,63.8,False,95.2,부모-자녀 갈등
CNS-CNM-01177,상담사 CNM-02,CTR-CNM-012,청양군 가족센터,CNM,상근,10.9,6,9,59.1,False,85.8,이혼 전후
CNS-CNM-01178,상담사 CNM-03,CTR-CNM-012,청양군 가족센터,CNM,위촉,6.2,3,7,68.0,False,90.2,부부갈등
CNS-CNM-01179,상담사 CNM-04,CTR-CNM-012,청양군 가족센터,CNM,위촉,7.3,3,5,85.6,False,94.7,기타 가족관계
CNS-CNM-01180,상담사 CNM-05,CTR-CNM-012,청양군 가족센터,CNM,위촉,5.4,3,3,62.2,False,79.6,개인 정서·위기
CNS-CNM-01181,상담사 CNM-06,CTR-CNM-012,청양군 가족센터,CNM,위촉,3.9,3,6,77.3,False,96.0,부모-자녀 갈등
CNS-CNM-01182,상담사 CNM-07,CTR-CNM-012,청양군 가족센터,CNM,위촉,7.9,3,4,81.3,False,88.9,이혼 전후
CNS-CNM-01183,상담사 CNM-01,CTR-CNM-013,홍성군 가족센터,CNM,상근,8.2,6,13,59.6,True,81.3,이혼 전후
CNS-CNM-01184,상담사 CNM-02,CTR-CNM-013,홍성군 가족센터,CNM,위촉,5.6,3,9,78.5,False,94.0,부부갈등
CNS-CNM-01185,상담사 CNM-03,CTR-CNM-013,홍성군 가족센터,CNM,위촉,7.5,3,3,63.5,False,93.8,기타 가족관계
CNS-CNM-01186,상담사 CNM-04,CTR-CNM-013,홍성군 가족센터,CNM,위촉,6.7,3,8,62.2,False,90.2,개인 정서·위기
CNS-CNM-01187,상담사 CNM-05,CTR-CNM-013,홍성군 가족센터,CNM,위촉,7.2,3,3,98,False,75.3,부모-자녀 갈등
CNS-CNM-01188,상담사 CNM-01,CTR-CNM-014,예산군 가족센터,CNM,상근,1.3,6,12,76.8,False,81.5,이혼 전후
CNS-CNM-01189,상담사 CNM-02,CTR-CNM-014,예산군 가족센터,CNM,위촉,1.3,3,9,61.0,False,100,부부갈등
CNS-CNM-01190,상담사 CNM-03,CTR-CNM-014,예산군 가족센터,CNM,위촉,4.4,3,7,58.9,False,87.6,기타 가족관계
CNS-CNM-01191,상담사 CNM-04,CTR-CNM-014,예산군 가족센터,CNM,위촉,8.9,3,7,69.1,True,91.1,개인 정서·위기
CNS-CNM-01192,상담사 CNM-05,CTR-CNM-014,예산군 가족센터,CNM,위촉,9.3,3,9,93.7,True,96.6,부모-자녀 갈등
CNS-CNM-01193,상담사 CNM-01,CTR-CNM-015,충남 다문화가족지원센터 1,CNM,상근,5.7,6,14,69.2,False,90.7,이혼 전후
CNS-CNM-01194,상담사 CNM-02,CTR-CNM-015,충남 다문화가족지원센터 1,CNM,위촉,3.6,3,7,71.9,False,86.3,부부갈등
CNS-CNM-01195,상담사 CNM-03,CTR-CNM-015,충남 다문화가족지원센터 1,CNM,위촉,4.3,3,9,83.0,False,80.9,기타 가족관계
CNS-CNM-01196,상담사 CNM-04,CTR-CNM-015,충남 다문화가족지원센터 1,CNM,위촉,7.1,3,9,72.0,False,80.3,개인 정서·위기
CNS-CNM-01197,상담사 CNM-05,CTR-CNM-015,충남 다문화가족지원센터 1,CNM,위촉,6.0,3,8,70.7,False,97.1,부모-자녀 갈등
CNS-JBK-01198,상담사 JBK-01,CTR-JBK-001,전주시 가족센터,JBK,상근,0.3,6,15,75.5,False,89.1,이혼 전후
CNS-JBK-01199,상담사 JBK-02,CTR-JBK-001,전주시 가족센터,JBK,위촉,0.3,3,8,71.7,False,81.5,부부갈등
CNS-JBK-01200,상담사 JBK-03,CTR-JBK-001,전주시 가족센터,JBK,위촉,7.4,3,8,64.4,False,100,기타 가족관계
CNS-JBK-01201,상담사 JBK-04,CTR-JBK-001,전주시 가족센터,JBK,위촉,6.2,3,10,65.1,False,85.1,개인 정서·위기
CNS-JBK-01202,상담사 JBK-05,CTR-JBK-001,전주시 가족센터,JBK,위촉,8.2,3,7,66.1,False,78.9,부모-자녀 갈등
CNS-JBK-01203,상담사 JBK-01,CTR-JBK-002,군산시 가족센터,JBK,상근,6.9,6,9,88.9,False,98.1,이혼 전후
CNS-JBK-01204,상담사 JBK-02,CTR-JBK-002,군산시 가족센터,JBK,위촉,7.0,3,5,64.1,False,68.9,부부갈등
CNS-JBK-01205,상담사 JBK-03,CTR-JBK-002,군산시 가족센터,JBK,위촉,8.4,3,4,60.7,False,94.2,기타 가족관계
CNS-JBK-01206,상담사 JBK-04,CTR-JBK-002,군산시 가족센터,JBK,위촉,5.9,3,8,72.6,False,89.6,개인 정서·위기
CNS-JBK-01207,상담사 JBK-05,CTR-JBK-002,군산시 가족센터,JBK,위촉,7.1,3,9,75.0,False,74.0,부모-자녀 갈등
CNS-JBK-01208,상담사 JBK-01,CTR-JBK-003,익산시 가족센터,JBK,상근,4.9,6,14,63.1,False,84.3,이혼 전후
CNS-JBK-01209,상담사 JBK-02,CTR-JBK-003,익산시 가족센터,JBK,상근,4.6,6,12,63.6,False,82.8,부부갈등
CNS-JBK-01210,상담사 JBK-03,CTR-JBK-003,익산시 가족센터,JBK,위촉,8.6,3,10,71.3,False,93.2,기타 가족관계
CNS-JBK-01211,상담사 JBK-04,CTR-JBK-003,익산시 가족센터,JBK,위촉,8.3,3,10,71.1,True,100,개인 정서·위기
CNS-JBK-01212,상담사 JBK-05,CTR-JBK-003,익산시 가족센터,JBK,위촉,1.2,3,8,76.3,False,89.3,부모-자녀 갈등
CNS-JBK-01213,상담사 JBK-06,CTR-JBK-003,익산시 가족센터,JBK,위촉,8.3,3,8,73.4,False,82.4,이혼 전후
CNS-JBK-01214,상담사 JBK-07,CTR-JBK-003,익산시 가족센터,JBK,위촉,5.8,3,5,76.3,False,81.2,부부갈등
CNS-JBK-01215,상담사 JBK-01,CTR-JBK-004,정읍시 가족센터,JBK,상근,9.3,6,8,75.9,True,92.6,부부갈등
CNS-JBK-01216,상담사 JBK-02,CTR-JBK-004,정읍시 가족센터,JBK,위촉,9.1,3,6,68.8,False,77.7,기타 가족관계
CNS-JBK-01217,상담사 JBK-03,CTR-JBK-004,정읍시 가족센터,JBK,위촉,4.4,3,5,68.8,False,80.3,개인 정서·위기
CNS-JBK-01218,상담사 JBK-04,CTR-JBK-004,정읍시 가족센터,JBK,위촉,5.0,3,6,77.8,False,86.2,부모-자녀 갈등
CNS-JBK-01219,상담사 JBK-05,CTR-JBK-004,정읍시 가족센터,JBK,위촉,1.3,3,5,75.8,False,89.3,이혼 전후
CNS-JBK-01220,상담사 JBK-01,CTR-JBK-005,남원시 가족센터,JBK,상근,1.6,6,9,50.9,False,88.6,부부갈등
CNS-JBK-01221,상담사 JBK-02,CTR-JBK-005,남원시 가족센터,JBK,위촉,9.3,3,7,79.6,False,80.2,기타 가족관계
CNS-JBK-01222,상담사 JBK-03,CTR-JBK-005,남원시 가족센터,JBK,위촉,6.6,3,10,59.9,False,83.0,개인 정서·위기
CNS-JBK-01223,상담사 JBK-04,CTR-JBK-005,남원시 가족센터,JBK,위촉,12.2,3,9,66.5,True,88.2,부모-자녀 갈등
CNS-JBK-01224,상담사 JBK-05,CTR-JBK-005,남원시 가족센터,JBK,위촉,10.0,3,6,57.4,True,86.6,이혼 전후
CNS-JBK-01225,상담사 JBK-01,CTR-JBK-006,김제시 가족센터,JBK,상근,8.3,6,16,86.2,False,95.5,부부갈등
CNS-JBK-01226,상담사 JBK-02,CTR-JBK-006,김제시 가족센터,JBK,위촉,6.4,3,7,77.5,False,91.6,기타 가족관계
CNS-JBK-01227,상담사 JBK-03,CTR-JBK-006,김제시 가족센터,JBK,위촉,5.4,3,5,68.7,False,83.5,개인 정서·위기
CNS-JBK-01228,상담사 JBK-04,CTR-JBK-006,김제시 가족센터,JBK,위촉,7.7,3,8,82.3,False,69.8,부모-자녀 갈등
CNS-JBK-01229,상담사 JBK-05,CTR-JBK-006,김제시 가족센터,JBK,위촉,2.1,3,10,64.0,False,95.2,이혼 전후
CNS-JBK-01230,상담사 JBK-06,CTR-JBK-006,김제시 가족센터,JBK,위촉,4.6,3,6,67.6,False,80.4,부부갈등
CNS-JBK-01231,상담사 JBK-01,CTR-JBK-007,완주군 가족센터,JBK,상근,2.4,6,11,67.8,False,82.8,부모-자녀 갈등
CNS-JBK-01232,상담사 JBK-02,CTR-JBK-007,완주군 가족센터,JBK,위촉,3.9,3,10,83.4,False,86.7,이혼 전후
CNS-JBK-01233,상담사 JBK-03,CTR-JBK-007,완주군 가족센터,JBK,위촉,3.8,3,8,66.9,False,98.0,부부갈등
CNS-JBK-01234,상담사 JBK-04,CTR-JBK-007,완주군 가족센터,JBK,위촉,0.3,3,6,64.9,False,100,기타 가족관계
CNS-JBK-01235,상담사 JBK-05,CTR-JBK-007,완주군 가족센터,JBK,위촉,5.1,3,6,75.3,False,82.4,개인 정서·위기
CNS-JBK-01236,상담사 JBK-01,CTR-JBK-008,진안군 가족센터,JBK,상근,4.4,6,11,68.4,False,97.1,부모-자녀 갈등
CNS-JBK-01237,상담사 JBK-02,CTR-JBK-008,진안군 가족센터,JBK,위촉,2.9,3,4,62.5,False,91.8,이혼 전후
CNS-JBK-01238,상담사 JBK-03,CTR-JBK-008,진안군 가족센터,JBK,위촉,8.1,3,10,67.1,False,86.0,부부갈등
CNS-JBK-01239,상담사 JBK-04,CTR-JBK-008,진안군 가족센터,JBK,위촉,3.1,3,4,67.4,False,88.3,기타 가족관계
CNS-JBK-01240,상담사 JBK-05,CTR-JBK-008,진안군 가족센터,JBK,위촉,6.8,3,7,60.9,False,93.7,개인 정서·위기
CNS-JBK-01241,상담사 JBK-01,CTR-JBK-009,무주군 가족센터,JBK,상근,11.7,6,12,69.1,True,76.8,부모-자녀 갈등
CNS-JBK-01242,상담사 JBK-02,CTR-JBK-009,무주군 가족센터,JBK,상근,3.4,6,13,98,False,99.0,이혼 전후
CNS-JBK-01243,상담사 JBK-03,CTR-JBK-009,무주군 가족센터,JBK,위촉,5.7,3,6,79.2,False,93.1,부부갈등
CNS-JBK-01244,상담사 JBK-04,CTR-JBK-009,무주군 가족센터,JBK,위촉,4.8,3,8,64.5,False,100,기타 가족관계
CNS-JBK-01245,상담사 JBK-05,CTR-JBK-009,무주군 가족센터,JBK,위촉,4.6,3,13,86.1,False,85.2,개인 정서·위기
CNS-JBK-01246,상담사 JBK-06,CTR-JBK-009,무주군 가족센터,JBK,위촉,6.3,3,8,76.4,False,93.5,부모-자녀 갈등
CNS-JBK-01247,상담사 JBK-07,CTR-JBK-009,무주군 가족센터,JBK,위촉,6.9,3,9,69.9,False,88.3,이혼 전후
CNS-JBK-01248,상담사 JBK-08,CTR-JBK-009,무주군 가족센터,JBK,위촉,8.6,3,8,52.8,True,100,부부갈등
CNS-JBK-01249,상담사 JBK-01,CTR-JBK-010,장수군 가족센터,JBK,상근,6.2,6,10,65.5,False,90.2,개인 정서·위기
CNS-JBK-01250,상담사 JBK-02,CTR-JBK-010,장수군 가족센터,JBK,위촉,9.3,3,6,75.6,True,78.6,부모-자녀 갈등
CNS-JBK-01251,상담사 JBK-03,CTR-JBK-010,장수군 가족센터,JBK,위촉,5.4,3,4,68.8,False,74.3,이혼 전후
CNS-JBK-01252,상담사 JBK-04,CTR-JBK-010,장수군 가족센터,JBK,위촉,5.4,3,4,65.1,False,95.0,부부갈등
CNS-JBK-01253,상담사 JBK-05,CTR-JBK-010,장수군 가족센터,JBK,위촉,8.1,3,11,69.1,True,75.9,기타 가족관계
CNS-JBK-01254,상담사 JBK-06,CTR-JBK-010,장수군 가족센터,JBK,위촉,6.2,3,9,72.9,False,85.4,개인 정서·위기
CNS-JBK-01255,상담사 JBK-01,CTR-JBK-011,임실군 가족센터,JBK,상근,6.6,6,17,71.3,False,90.3,부부갈등
CNS-JBK-01256,상담사 JBK-02,CTR-JBK-011,임실군 가족센터,JBK,위촉,2.2,3,6,67.9,False,93.6,기타 가족관계
CNS-JBK-01257,상담사 JBK-03,CTR-JBK-011,임실군 가족센터,JBK,위촉,6.9,3,8,55.0,False,93.0,개인 정서·위기
CNS-JBK-01258,상담사 JBK-04,CTR-JBK-011,임실군 가족센터,JBK,위촉,1.8,3,3,84.5,False,84.6,부모-자녀 갈등
CNS-JBK-01259,상담사 JBK-05,CTR-JBK-011,임실군 가족센터,JBK,위촉,5.5,3,9,71.2,False,94.7,이혼 전후
CNS-JBK-01260,상담사 JBK-01,CTR-JBK-012,순창군 가족센터,JBK,상근,8.3,6,11,64.9,True,80.1,부부갈등
CNS-JBK-01261,상담사 JBK-02,CTR-JBK-012,순창군 가족센터,JBK,상근,4.3,6,9,51.4,False,93.1,기타 가족관계
CNS-JBK-01262,상담사 JBK-03,CTR-JBK-012,순창군 가족센터,JBK,위촉,0.3,3,9,73.4,False,80.1,개인 정서·위기
CNS-JBK-01263,상담사 JBK-04,CTR-JBK-012,순창군 가족센터,JBK,위촉,4.0,3,8,88.6,False,76.6,부모-자녀 갈등
CNS-JBK-01264,상담사 JBK-05,CTR-JBK-012,순창군 가족센터,JBK,위촉,7.4,3,6,74.6,False,98.3,이혼 전후
CNS-JBK-01265,상담사 JBK-06,CTR-JBK-012,순창군 가족센터,JBK,위촉,5.9,3,5,47.7,False,95.3,부부갈등
CNS-JBK-01266,상담사 JBK-07,CTR-JBK-012,순창군 가족센터,JBK,위촉,6.3,3,6,76.2,False,87.5,기타 가족관계
CNS-JBK-01267,상담사 JBK-01,CTR-JBK-013,고창군 가족센터,JBK,상근,4.0,6,11,56.8,False,77.6,기타 가족관계
CNS-JBK-01268,상담사 JBK-02,CTR-JBK-013,고창군 가족센터,JBK,위촉,6.1,3,4,70.2,False,90.1,개인 정서·위기
CNS-JBK-01269,상담사 JBK-03,CTR-JBK-013,고창군 가족센터,JBK,위촉,11.3,3,5,76.4,True,88.2,부모-자녀 갈등
CNS-JBK-01270,상담사 JBK-04,CTR-JBK-013,고창군 가족센터,JBK,위촉,4.2,3,9,67.8,False,90.2,이혼 전후
CNS-JBK-01271,상담사 JBK-05,CTR-JBK-013,고창군 가족센터,JBK,위촉,5.7,3,5,75.3,False,78.5,부부갈등
CNS-JBK-01272,상담사 JBK-01,CTR-JBK-014,전북 건강가정지원센터 1,JBK,상근,4.6,6,12,76.2,False,95.4,기타 가족관계
CNS-JBK-01273,상담사 JBK-02,CTR-JBK-014,전북 건강가정지원센터 1,JBK,위촉,6.3,3,12,90.3,False,82.8,개인 정서·위기
CNS-JBK-01274,상담사 JBK-03,CTR-JBK-014,전북 건강가정지원센터 1,JBK,위촉,5.7,3,10,57.8,False,97.3,부모-자녀 갈등
CNS-JBK-01275,상담사 JBK-04,CTR-JBK-014,전북 건강가정지원센터 1,JBK,위촉,7.7,3,3,82.3,False,89.6,이혼 전후
CNS-JBK-01276,상담사 JBK-05,CTR-JBK-014,전북 건강가정지원센터 1,JBK,위촉,8.2,3,9,73.1,False,83.8,부부갈등
CNS-JBK-01277,상담사 JBK-01,CTR-JBK-015,전북 다문화가족지원센터 2,JBK,상근,4.8,6,13,86.1,False,80.2,기타 가족관계
CNS-JBK-01278,상담사 JBK-02,CTR-JBK-015,전북 다문화가족지원센터 2,JBK,상근,5.0,6,11,80.8,False,97.8,개인 정서·위기
CNS-JBK-01279,상담사 JBK-03,CTR-JBK-015,전북 다문화가족지원센터 2,JBK,위촉,7.1,3,12,68.3,False,81.4,부모-자녀 갈등
CNS-JBK-01280,상담사 JBK-04,CTR-JBK-015,전북 다문화가족지원센터 2,JBK,위촉,5.0,3,10,73.6,False,90.0,이혼 전후
CNS-JBK-01281,상담사 JBK-05,CTR-JBK-015,전북 다문화가족지원센터 2,JBK,위촉,7.7,3,9,88.3,False,89.9,부부갈등
CNS-JBK-01282,상담사 JBK-06,CTR-JBK-015,전북 다문화가족지원센터 2,JBK,위촉,5.8,3,8,86.9,False,78.0,기타 가족관계
CNS-JBK-01283,상담사 JBK-07,CTR-JBK-015,전북 다문화가족지원센터 2,JBK,위촉,3.6,3,7,51.8,False,94.1,개인 정서·위기
CNS-JBK-01284,상담사 JBK-08,CTR-JBK-015,전북 다문화가족지원센터 2,JBK,위촉,3.8,3,8,89.1,False,78.8,부모-자녀 갈등
CNS-JNM-01285,상담사 JNM-01,CTR-JNM-001,목포시 가족센터,JNM,상근,1.9,6,13,64.5,False,85.5,부부갈등
CNS-JNM-01286,상담사 JNM-02,CTR-JNM-001,목포시 가족센터,JNM,상근,5.5,6,9,70.1,False,92.7,기타 가족관계
CNS-JNM-01287,상담사 JNM-03,CTR-JNM-001,목포시 가족센터,JNM,위촉,8.6,3,9,61.6,True,86.8,개인 정서·위기
CNS-JNM-01288,상담사 JNM-04,CTR-JNM-001,목포시 가족센터,JNM,위촉,8.1,3,7,62.0,False,83.7,부모-자녀 갈등
CNS-JNM-01289,상담사 JNM-05,CTR-JNM-001,목포시 가족센터,JNM,위촉,10.3,3,6,63.3,False,100,이혼 전후
CNS-JNM-01290,상담사 JNM-06,CTR-JNM-001,목포시 가족센터,JNM,위촉,7.2,3,4,78.8,False,85.6,부부갈등
CNS-JNM-01291,상담사 JNM-07,CTR-JNM-001,목포시 가족센터,JNM,위촉,5.1,3,6,78.8,False,85.9,기타 가족관계
CNS-JNM-01292,상담사 JNM-01,CTR-JNM-002,여수시 가족센터,JNM,상근,4.8,6,14,63.4,False,86.4,기타 가족관계
CNS-JNM-01293,상담사 JNM-02,CTR-JNM-002,여수시 가족센터,JNM,위촉,4.9,3,6,84.1,False,97.6,개인 정서·위기
CNS-JNM-01294,상담사 JNM-03,CTR-JNM-002,여수시 가족센터,JNM,위촉,5.4,3,10,60.5,False,86.1,부모-자녀 갈등
CNS-JNM-01295,상담사 JNM-04,CTR-JNM-002,여수시 가족센터,JNM,위촉,6.1,3,6,87.0,False,74.4,이혼 전후
CNS-JNM-01296,상담사 JNM-05,CTR-JNM-002,여수시 가족센터,JNM,위촉,4.2,3,11,96.8,False,85.4,부부갈등
CNS-JNM-01297,상담사 JNM-01,CTR-JNM-003,순천시 가족센터,JNM,상근,2.6,6,12,54.6,False,87.3,기타 가족관계
CNS-JNM-01298,상담사 JNM-02,CTR-JNM-003,순천시 가족센터,JNM,위촉,4.5,3,4,54.6,False,86.9,개인 정서·위기
CNS-JNM-01299,상담사 JNM-03,CTR-JNM-003,순천시 가족센터,JNM,위촉,10.3,3,6,69.8,False,96.5,부모-자녀 갈등
CNS-JNM-01300,상담사 JNM-04,CTR-JNM-003,순천시 가족센터,JNM,위촉,4.9,3,6,90.3,False,92.5,이혼 전후
CNS-JNM-01301,상담사 JNM-05,CTR-JNM-003,순천시 가족센터,JNM,위촉,4.9,3,7,64.7,False,89.7,부부갈등
CNS-JNM-01302,상담사 JNM-01,CTR-JNM-004,나주시 가족센터,JNM,상근,0.6,6,14,55.4,False,87.6,기타 가족관계
CNS-JNM-01303,상담사 JNM-02,CTR-JNM-004,나주시 가족센터,JNM,위촉,7.8,3,7,69.1,False,89.8,개인 정서·위기
CNS-JNM-01304,상담사 JNM-03,CTR-JNM-004,나주시 가족센터,JNM,위촉,4.1,3,7,72.3,False,76.2,부모-자녀 갈등
CNS-JNM-01305,상담사 JNM-04,CTR-JNM-004,나주시 가족센터,JNM,위촉,0.4,3,8,73.1,False,100,이혼 전후
CNS-JNM-01306,상담사 JNM-05,CTR-JNM-004,나주시 가족센터,JNM,위촉,7.0,3,9,66.5,False,80.4,부부갈등
CNS-JNM-01307,상담사 JNM-01,CTR-JNM-005,광양시 가족센터,JNM,상근,0.3,6,13,83.0,False,90.8,기타 가족관계
CNS-JNM-01308,상담사 JNM-02,CTR-JNM-005,광양시 가족센터,JNM,위촉,5.4,3,5,74.5,False,77.4,개인 정서·위기
CNS-JNM-01309,상담사 JNM-03,CTR-JNM-005,광양시 가족센터,JNM,위촉,8.4,3,9,86.1,True,78.5,부모-자녀 갈등
CNS-JNM-01310,상담사 JNM-04,CTR-JNM-005,광양시 가족센터,JNM,위촉,1.6,3,7,62.4,False,86.7,이혼 전후
CNS-JNM-01311,상담사 JNM-05,CTR-JNM-005,광양시 가족센터,JNM,위촉,9.7,3,3,66.5,False,76.1,부부갈등
CNS-JNM-01312,상담사 JNM-01,CTR-JNM-006,담양군 가족센터,JNM,상근,4.7,6,12,61.2,False,76.0,기타 가족관계
CNS-JNM-01313,상담사 JNM-02,CTR-JNM-006,담양군 가족센터,JNM,위촉,7.3,3,8,78.9,False,68.9,개인 정서·위기
CNS-JNM-01314,상담사 JNM-03,CTR-JNM-006,담양군 가족센터,JNM,위촉,5.9,3,10,76.5,False,95.7,부모-자녀 갈등
CNS-JNM-01315,상담사 JNM-04,CTR-JNM-006,담양군 가족센터,JNM,위촉,9.0,3,9,65.9,True,86.7,이혼 전후
CNS-JNM-01316,상담사 JNM-05,CTR-JNM-006,담양군 가족센터,JNM,위촉,4.8,3,6,63.7,False,92.2,부부갈등
CNS-JNM-01317,상담사 JNM-01,CTR-JNM-007,곡성군 가족센터,JNM,상근,2.9,6,12,69.3,False,82.3,기타 가족관계
CNS-JNM-01318,상담사 JNM-02,CTR-JNM-007,곡성군 가족센터,JNM,상근,0.3,6,11,78.8,False,93.2,개인 정서·위기
CNS-JNM-01319,상담사 JNM-03,CTR-JNM-007,곡성군 가족센터,JNM,위촉,5.7,3,6,88.9,False,88.4,부모-자녀 갈등
CNS-JNM-01320,상담사 JNM-04,CTR-JNM-007,곡성군 가족센터,JNM,위촉,3.3,3,8,84.9,False,85.3,이혼 전후
CNS-JNM-01321,상담사 JNM-05,CTR-JNM-007,곡성군 가족센터,JNM,위촉,6.0,3,11,66.9,False,82.7,부부갈등
CNS-JNM-01322,상담사 JNM-06,CTR-JNM-007,곡성군 가족센터,JNM,위촉,7.5,3,8,66.3,False,86.8,기타 가족관계
CNS-JNM-01323,상담사 JNM-07,CTR-JNM-007,곡성군 가족센터,JNM,위촉,4.3,3,3,64.4,False,99.8,개인 정서·위기
CNS-JNM-01324,상담사 JNM-01,CTR-JNM-008,구례군 가족센터,JNM,상근,8.2,6,11,77.1,True,73.0,개인 정서·위기
CNS-JNM-01325,상담사 JNM-02,CTR-JNM-008,구례군 가족센터,JNM,상근,1.2,6,8,57.0,False,84.7,부모-자녀 갈등
CNS-JNM-01326,상담사 JNM-03,CTR-JNM-008,구례군 가족센터,JNM,위촉,3.8,3,6,60.4,False,92.5,이혼 전후
CNS-JNM-01327,상담사 JNM-04,CTR-JNM-008,구례군 가족센터,JNM,위촉,5.8,3,4,73.2,False,89.7,부부갈등
CNS-JNM-01328,상담사 JNM-05,CTR-JNM-008,구례군 가족센터,JNM,위촉,6.2,3,7,69.2,False,89.0,기타 가족관계
CNS-JNM-01329,상담사 JNM-06,CTR-JNM-008,구례군 가족센터,JNM,위촉,7.0,3,4,63.8,False,73.2,개인 정서·위기
CNS-JNM-01330,상담사 JNM-07,CTR-JNM-008,구례군 가족센터,JNM,위촉,3.3,3,4,65.6,False,88.2,부모-자녀 갈등
CNS-JNM-01331,상담사 JNM-01,CTR-JNM-009,고흥군 가족센터,JNM,상근,4.6,6,15,59.7,False,97.0,부모-자녀 갈등
CNS-JNM-01332,상담사 JNM-02,CTR-JNM-009,고흥군 가족센터,JNM,위촉,5.2,3,7,80.3,False,100,이혼 전후
CNS-JNM-01333,상담사 JNM-03,CTR-JNM-009,고흥군 가족센터,JNM,위촉,5.5,3,3,77.2,False,83.9,부부갈등
CNS-JNM-01334,상담사 JNM-04,CTR-JNM-009,고흥군 가족센터,JNM,위촉,4.3,3,5,63.9,False,88.7,기타 가족관계
CNS-JNM-01335,상담사 JNM-05,CTR-JNM-009,고흥군 가족센터,JNM,위촉,6.7,3,3,66.7,False,92.4,개인 정서·위기
CNS-JNM-01336,상담사 JNM-01,CTR-JNM-010,보성군 가족센터,JNM,상근,8.0,6,10,59.6,True,86.4,부모-자녀 갈등
CNS-JNM-01337,상담사 JNM-02,CTR-JNM-010,보성군 가족센터,JNM,상근,2.9,6,9,79.5,False,79.3,이혼 전후
CNS-JNM-01338,상담사 JNM-03,CTR-JNM-010,보성군 가족센터,JNM,위촉,7.5,3,9,79.6,False,100,부부갈등
CNS-JNM-01339,상담사 JNM-04,CTR-JNM-010,보성군 가족센터,JNM,위촉,6.0,3,5,57.8,False,82.9,기타 가족관계
CNS-JNM-01340,상담사 JNM-05,CTR-JNM-010,보성군 가족센터,JNM,위촉,2.5,3,8,72.8,False,96.0,개인 정서·위기
CNS-JNM-01341,상담사 JNM-06,CTR-JNM-010,보성군 가족센터,JNM,위촉,7.0,3,5,62.6,False,88.5,부모-자녀 갈등
CNS-JNM-01342,상담사 JNM-07,CTR-JNM-010,보성군 가족센터,JNM,위촉,12.8,3,6,78.4,False,92.0,이혼 전후
CNS-JNM-01343,상담사 JNM-01,CTR-JNM-011,화순군 가족센터,JNM,상근,2.2,6,14,52.8,False,100,이혼 전후
CNS-JNM-01344,상담사 JNM-02,CTR-JNM-011,화순군 가족센터,JNM,상근,0.3,6,7,60.3,False,80.1,부부갈등
CNS-JNM-01345,상담사 JNM-03,CTR-JNM-011,화순군 가족센터,JNM,위촉,7.9,3,9,85.6,False,72.2,기타 가족관계
CNS-JNM-01346,상담사 JNM-04,CTR-JNM-011,화순군 가족센터,JNM,위촉,9.4,3,7,77.4,False,88.0,개인 정서·위기
CNS-JNM-01347,상담사 JNM-05,CTR-JNM-011,화순군 가족센터,JNM,위촉,10.4,3,9,79.0,False,81.0,부모-자녀 갈등
CNS-JNM-01348,상담사 JNM-06,CTR-JNM-011,화순군 가족센터,JNM,위촉,0.3,3,4,89.4,False,85.1,이혼 전후
CNS-JNM-01349,상담사 JNM-07,CTR-JNM-011,화순군 가족센터,JNM,위촉,8.1,3,7,83.4,True,73.5,부부갈등
CNS-JNM-01350,상담사 JNM-01,CTR-JNM-012,장흥군 가족센터,JNM,상근,2.7,6,15,51.6,False,98.0,부부갈등
CNS-JNM-01351,상담사 JNM-02,CTR-JNM-012,장흥군 가족센터,JNM,위촉,1.2,3,9,92.1,False,80.9,기타 가족관계
CNS-JNM-01352,상담사 JNM-03,CTR-JNM-012,장흥군 가족센터,JNM,위촉,7.4,3,8,83.2,False,87.9,개인 정서·위기
CNS-JNM-01353,상담사 JNM-04,CTR-JNM-012,장흥군 가족센터,JNM,위촉,3.3,3,4,85.4,False,87.4,부모-자녀 갈등
CNS-JNM-01354,상담사 JNM-05,CTR-JNM-012,장흥군 가족센터,JNM,위촉,4.7,3,9,74.7,False,100,이혼 전후
CNS-JNM-01355,상담사 JNM-01,CTR-JNM-013,강진군 가족센터,JNM,상근,4.0,6,10,71.2,False,87.2,부부갈등
CNS-JNM-01356,상담사 JNM-02,CTR-JNM-013,강진군 가족센터,JNM,위촉,9.2,3,10,76.8,True,91.4,기타 가족관계
CNS-JNM-01357,상담사 JNM-03,CTR-JNM-013,강진군 가족센터,JNM,위촉,4.3,3,5,80.8,False,84.1,개인 정서·위기
CNS-JNM-01358,상담사 JNM-04,CTR-JNM-013,강진군 가족센터,JNM,위촉,2.6,3,8,64.0,False,83.2,부모-자녀 갈등
CNS-JNM-01359,상담사 JNM-05,CTR-JNM-013,강진군 가족센터,JNM,위촉,7.0,3,9,80.7,False,93.0,이혼 전후
CNS-JNM-01360,상담사 JNM-01,CTR-JNM-014,해남군 가족센터,JNM,상근,2.2,6,16,69.1,False,96.3,부부갈등
CNS-JNM-01361,상담사 JNM-02,CTR-JNM-014,해남군 가족센터,JNM,상근,0.3,6,8,65.2,False,70.7,기타 가족관계
CNS-JNM-01362,상담사 JNM-03,CTR-JNM-014,해남군 가족센터,JNM,위촉,6.0,3,9,67.6,False,88.4,개인 정서·위기
CNS-JNM-01363,상담사 JNM-04,CTR-JNM-014,해남군 가족센터,JNM,위촉,6.9,3,10,75.6,False,92.8,부모-자녀 갈등
CNS-JNM-01364,상담사 JNM-05,CTR-JNM-014,해남군 가족센터,JNM,위촉,7.3,3,10,74.5,False,100,이혼 전후
CNS-JNM-01365,상담사 JNM-06,CTR-JNM-014,해남군 가족센터,JNM,위촉,5.0,3,5,87.7,False,88.6,부부갈등
CNS-JNM-01366,상담사 JNM-07,CTR-JNM-014,해남군 가족센터,JNM,위촉,4.6,3,5,68.2,False,89.0,기타 가족관계
CNS-JNM-01367,상담사 JNM-01,CTR-JNM-015,영암군 가족센터,JNM,상근,5.8,6,14,92.3,False,99.3,기타 가족관계
CNS-JNM-01368,상담사 JNM-02,CTR-JNM-015,영암군 가족센터,JNM,위촉,7.5,3,7,75.1,False,83.5,개인 정서·위기
CNS-JNM-01369,상담사 JNM-03,CTR-JNM-015,영암군 가족센터,JNM,위촉,3.4,3,9,83.5,False,84.5,부모-자녀 갈등
CNS-JNM-01370,상담사 JNM-04,CTR-JNM-015,영암군 가족센터,JNM,위촉,8.7,3,6,77.1,False,98.4,이혼 전후
CNS-JNM-01371,상담사 JNM-05,CTR-JNM-015,영암군 가족센터,JNM,위촉,0.7,3,7,77.1,False,97.3,부부갈등
CNS-JNM-01372,상담사 JNM-01,CTR-JNM-016,무안군 가족센터,JNM,상근,9.1,6,13,58.0,True,85.4,기타 가족관계
CNS-JNM-01373,상담사 JNM-02,CTR-JNM-016,무안군 가족센터,JNM,위촉,2.6,3,6,74.4,False,90.3,개인 정서·위기
CNS-JNM-01374,상담사 JNM-03,CTR-JNM-016,무안군 가족센터,JNM,위촉,3.5,3,7,68.8,False,86.3,부모-자녀 갈등
CNS-JNM-01375,상담사 JNM-04,CTR-JNM-016,무안군 가족센터,JNM,위촉,4.8,3,5,75.6,False,82.2,이혼 전후
CNS-JNM-01376,상담사 JNM-05,CTR-JNM-016,무안군 가족센터,JNM,위촉,5.0,3,4,69.1,False,94.1,부부갈등
CNS-JNM-01377,상담사 JNM-01,CTR-JNM-017,함평군 가족센터,JNM,상근,9.5,6,11,72.9,True,92.5,기타 가족관계
CNS-JNM-01378,상담사 JNM-02,CTR-JNM-017,함평군 가족센터,JNM,위촉,7.3,3,5,66.9,False,77.1,개인 정서·위기
CNS-JNM-01379,상담사 JNM-03,CTR-JNM-017,함평군 가족센터,JNM,위촉,5.0,3,12,65.1,False,90.4,부모-자녀 갈등
CNS-JNM-01380,상담사 JNM-04,CTR-JNM-017,함평군 가족센터,JNM,위촉,9.0,3,8,72.7,True,86.9,이혼 전후
CNS-JNM-01381,상담사 JNM-05,CTR-JNM-017,함평군 가족센터,JNM,위촉,2.0,3,9,76.8,False,84.4,부부갈등
CNS-JNM-01382,상담사 JNM-01,CTR-JNM-018,영광군 가족센터,JNM,상근,0.3,6,11,82.6,False,91.2,기타 가족관계
CNS-JNM-01383,상담사 JNM-02,CTR-JNM-018,영광군 가족센터,JNM,위촉,3.4,3,5,67.8,False,82.8,개인 정서·위기
CNS-JNM-01384,상담사 JNM-03,CTR-JNM-018,영광군 가족센터,JNM,위촉,12.1,3,4,68.0,True,90.1,부모-자녀 갈등
CNS-JNM-01385,상담사 JNM-04,CTR-JNM-018,영광군 가족센터,JNM,위촉,8.6,3,8,89.8,True,85.4,이혼 전후
CNS-JNM-01386,상담사 JNM-05,CTR-JNM-018,영광군 가족센터,JNM,위촉,6.3,3,8,66.3,False,89.5,부부갈등
CNS-JNM-01387,상담사 JNM-01,CTR-JNM-019,장성군 가족센터,JNM,상근,5.4,6,9,70.6,False,85.6,기타 가족관계
CNS-JNM-01388,상담사 JNM-02,CTR-JNM-019,장성군 가족센터,JNM,위촉,0.8,3,8,81.2,False,84.5,개인 정서·위기
CNS-JNM-01389,상담사 JNM-03,CTR-JNM-019,장성군 가족센터,JNM,위촉,10.5,3,4,75.1,False,100,부모-자녀 갈등
CNS-JNM-01390,상담사 JNM-04,CTR-JNM-019,장성군 가족센터,JNM,위촉,6.3,3,12,80.4,False,89.6,이혼 전후
CNS-JNM-01391,상담사 JNM-05,CTR-JNM-019,장성군 가족센터,JNM,위촉,7.8,3,6,58.3,False,86.4,부부갈등
CNS-JNM-01392,상담사 JNM-01,CTR-JNM-020,완도군 가족센터,JNM,상근,2.8,6,15,85.7,False,80.3,기타 가족관계
CNS-JNM-01393,상담사 JNM-02,CTR-JNM-020,완도군 가족센터,JNM,상근,7.5,6,16,55.8,False,87.9,개인 정서·위기
CNS-JNM-01394,상담사 JNM-03,CTR-JNM-020,완도군 가족센터,JNM,위촉,7.1,3,10,71.7,False,94.8,부모-자녀 갈등
CNS-JNM-01395,상담사 JNM-04,CTR-JNM-020,완도군 가족센터,JNM,위촉,5.2,3,7,77.1,False,96.8,이혼 전후
CNS-JNM-01396,상담사 JNM-05,CTR-JNM-020,완도군 가족센터,JNM,위촉,1.8,3,8,79.8,False,89.2,부부갈등
CNS-JNM-01397,상담사 JNM-06,CTR-JNM-020,완도군 가족센터,JNM,위촉,6.9,3,10,85.4,False,97.9,기타 가족관계
CNS-JNM-01398,상담사 JNM-07,CTR-JNM-020,완도군 가족센터,JNM,위촉,0.3,3,9,74.3,False,86.5,개인 정서·위기
CNS-JNM-01399,상담사 JNM-08,CTR-JNM-020,완도군 가족센터,JNM,위촉,2.7,3,3,65.7,False,86.8,부모-자녀 갈등
CNS-JNM-01400,상담사 JNM-01,CTR-JNM-021,진도군 가족센터,JNM,상근,3.3,6,10,66.2,False,90.4,부부갈등
CNS-JNM-01401,상담사 JNM-02,CTR-JNM-021,진도군 가족센터,JNM,상근,8.0,6,12,75.8,True,88.6,기타 가족관계
CNS-JNM-01402,상담사 JNM-03,CTR-JNM-021,진도군 가족센터,JNM,위촉,9.0,3,7,73.7,True,88.0,개인 정서·위기
CNS-JNM-01403,상담사 JNM-04,CTR-JNM-021,진도군 가족센터,JNM,위촉,2.6,3,4,71.3,False,75.4,부모-자녀 갈등
CNS-JNM-01404,상담사 JNM-05,CTR-JNM-021,진도군 가족센터,JNM,위촉,10.1,3,7,78.6,False,80.4,이혼 전후
CNS-JNM-01405,상담사 JNM-06,CTR-JNM-021,진도군 가족센터,JNM,위촉,4.4,3,5,73.3,False,89.6,부부갈등
CNS-JNM-01406,상담사 JNM-07,CTR-JNM-021,진도군 가족센터,JNM,위촉,9.7,3,8,83.4,False,89.6,기타 가족관계
CNS-JNM-01407,상담사 JNM-01,CTR-JNM-022,신안군 가족센터,JNM,상근,4.9,6,13,74.8,False,75.4,기타 가족관계
CNS-JNM-01408,상담사 JNM-02,CTR-JNM-022,신안군 가족센터,JNM,위촉,7.4,3,5,64.7,False,90.1,개인 정서·위기
CNS-JNM-01409,상담사 JNM-03,CTR-JNM-022,신안군 가족센터,JNM,위촉,6.3,3,7,58.3,False,92.4,부모-자녀 갈등
CNS-JNM-01410,상담사 JNM-04,CTR-JNM-022,신안군 가족센터,JNM,위촉,3.3,3,9,88.5,False,96.1,이혼 전후
CNS-JNM-01411,상담사 JNM-05,CTR-JNM-022,신안군 가족센터,JNM,위촉,8.7,3,7,65.3,False,82.6,부부갈등
CNS-JNM-01412,상담사 JNM-01,CTR-JNM-023,전남 다문화가족지원센터 1,JNM,상근,10.4,6,14,59.7,False,82.2,기타 가족관계
CNS-JNM-01413,상담사 JNM-02,CTR-JNM-023,전남 다문화가족지원센터 1,JNM,위촉,9.3,3,5,57.8,False,94.7,개인 정서·위기
CNS-JNM-01414,상담사 JNM-03,CTR-JNM-023,전남 다문화가족지원센터 1,JNM,위촉,2.1,3,7,58.4,False,94.1,부모-자녀 갈등
CNS-JNM-01415,상담사 JNM-04,CTR-JNM-023,전남 다문화가족지원센터 1,JNM,위촉,2.2,3,13,68.2,False,88.1,이혼 전후
CNS-JNM-01416,상담사 JNM-05,CTR-JNM-023,전남 다문화가족지원센터 1,JNM,위촉,2.2,3,6,57.3,False,89.3,부부갈등
CNS-GBK-01417,상담사 GBK-01,CTR-GBK-001,포항시 가족센터,GBK,상근,5.8,6,14,73.5,False,89.7,기타 가족관계
CNS-GBK-01418,상담사 GBK-02,CTR-GBK-001,포항시 가족센터,GBK,위촉,8.6,3,7,62.4,False,86.9,개인 정서·위기
CNS-GBK-01419,상담사 GBK-03,CTR-GBK-001,포항시 가족센터,GBK,위촉,11.3,3,9,70.4,True,92.0,부모-자녀 갈등
CNS-GBK-01420,상담사 GBK-04,CTR-GBK-001,포항시 가족센터,GBK,위촉,6.0,3,5,82.8,False,79.0,이혼 전후
CNS-GBK-01421,상담사 GBK-05,CTR-GBK-001,포항시 가족센터,GBK,위촉,4.4,3,8,66.8,False,94.7,부부갈등
CNS-GBK-01422,상담사 GBK-01,CTR-GBK-002,경주시 가족센터,GBK,상근,2.7,6,13,52.1,False,77.1,기타 가족관계
CNS-GBK-01423,상담사 GBK-02,CTR-GBK-002,경주시 가족센터,GBK,상근,1.6,6,11,80.0,False,85.8,개인 정서·위기
CNS-GBK-01424,상담사 GBK-03,CTR-GBK-002,경주시 가족센터,GBK,위촉,8.1,3,3,72.6,True,82.9,부모-자녀 갈등
CNS-GBK-01425,상담사 GBK-04,CTR-GBK-002,경주시 가족센터,GBK,위촉,6.4,3,6,81.7,False,100,이혼 전후
CNS-GBK-01426,상담사 GBK-05,CTR-GBK-002,경주시 가족센터,GBK,위촉,6.8,3,10,93.2,False,91.6,부부갈등
CNS-GBK-01427,상담사 GBK-06,CTR-GBK-002,경주시 가족센터,GBK,위촉,1.1,3,8,68.0,False,99.6,기타 가족관계
CNS-GBK-01428,상담사 GBK-07,CTR-GBK-002,경주시 가족센터,GBK,위촉,2.3,3,7,76.6,False,98.4,개인 정서·위기
CNS-GBK-01429,상담사 GBK-01,CTR-GBK-003,김천시 가족센터,GBK,상근,4.8,6,12,57.4,False,91.6,개인 정서·위기
CNS-GBK-01430,상담사 GBK-02,CTR-GBK-003,김천시 가족센터,GBK,상근,7.3,6,13,76.3,False,87.0,부모-자녀 갈등
CNS-GBK-01431,상담사 GBK-03,CTR-GBK-003,김천시 가족센터,GBK,위촉,2.5,3,7,67.6,False,86.6,이혼 전후
CNS-GBK-01432,상담사 GBK-04,CTR-GBK-003,김천시 가족센터,GBK,위촉,6.7,3,8,64.5,False,98.2,부부갈등
CNS-GBK-01433,상담사 GBK-05,CTR-GBK-003,김천시 가족센터,GBK,위촉,7.4,3,5,70.2,False,96.0,기타 가족관계
CNS-GBK-01434,상담사 GBK-06,CTR-GBK-003,김천시 가족센터,GBK,위촉,9.5,3,7,56.4,False,93.6,개인 정서·위기
CNS-GBK-01435,상담사 GBK-07,CTR-GBK-003,김천시 가족센터,GBK,위촉,8.6,3,7,75.0,True,79.6,부모-자녀 갈등
CNS-GBK-01436,상담사 GBK-01,CTR-GBK-004,안동시 가족센터,GBK,상근,5.8,6,10,85.3,False,93.3,부모-자녀 갈등
CNS-GBK-01437,상담사 GBK-02,CTR-GBK-004,안동시 가족센터,GBK,상근,0.3,6,9,95.4,False,99.5,이혼 전후
CNS-GBK-01438,상담사 GBK-03,CTR-GBK-004,안동시 가족센터,GBK,위촉,6.9,3,5,53.8,False,78.5,부부갈등
CNS-GBK-01439,상담사 GBK-04,CTR-GBK-004,안동시 가족센터,GBK,위촉,8.4,3,6,79.1,True,89.2,기타 가족관계
CNS-GBK-01440,상담사 GBK-05,CTR-GBK-004,안동시 가족센터,GBK,위촉,4.2,3,4,60.9,False,83.8,개인 정서·위기
CNS-GBK-01441,상담사 GBK-06,CTR-GBK-004,안동시 가족센터,GBK,위촉,7.0,3,6,65.9,False,84.5,부모-자녀 갈등
CNS-GBK-01442,상담사 GBK-07,CTR-GBK-004,안동시 가족센터,GBK,위촉,6.7,3,7,57.7,False,95.7,이혼 전후
CNS-GBK-01443,상담사 GBK-01,CTR-GBK-005,구미시 가족센터,GBK,상근,5.4,6,10,76.9,False,89.5,이혼 전후
CNS-GBK-01444,상담사 GBK-02,CTR-GBK-005,구미시 가족센터,GBK,상근,2.9,6,12,58.3,False,84.6,부부갈등
CNS-GBK-01445,상담사 GBK-03,CTR-GBK-005,구미시 가족센터,GBK,위촉,0.5,3,3,87.3,False,100,기타 가족관계
CNS-GBK-01446,상담사 GBK-04,CTR-GBK-005,구미시 가족센터,GBK,위촉,4.8,3,4,79.3,False,83.8,개인 정서·위기
CNS-GBK-01447,상담사 GBK-05,CTR-GBK-005,구미시 가족센터,GBK,위촉,10.2,3,6,58.5,False,77.8,부모-자녀 갈등
CNS-GBK-01448,상담사 GBK-06,CTR-GBK-005,구미시 가족센터,GBK,위촉,8.2,3,7,67.3,True,86.4,이혼 전후
CNS-GBK-01449,상담사 GBK-07,CTR-GBK-005,구미시 가족센터,GBK,위촉,4.4,3,11,60.5,False,87.2,부부갈등
CNS-GBK-01450,상담사 GBK-08,CTR-GBK-005,구미시 가족센터,GBK,위촉,2.3,3,6,61.9,False,90.8,기타 가족관계
CNS-GBK-01451,상담사 GBK-01,CTR-GBK-006,영주시 가족센터,GBK,상근,4.9,6,11,39.2,False,88.7,부모-자녀 갈등
CNS-GBK-01452,상담사 GBK-02,CTR-GBK-006,영주시 가족센터,GBK,상근,1.9,6,8,70.0,False,94.8,이혼 전후
CNS-GBK-01453,상담사 GBK-03,CTR-GBK-006,영주시 가족센터,GBK,위촉,6.0,3,8,72.8,False,93.5,부부갈등
CNS-GBK-01454,상담사 GBK-04,CTR-GBK-006,영주시 가족센터,GBK,위촉,12.3,3,8,54.8,False,79.0,기타 가족관계
CNS-GBK-01455,상담사 GBK-05,CTR-GBK-006,영주시 가족센터,GBK,위촉,9.8,3,5,55.8,False,87.4,개인 정서·위기
CNS-GBK-01456,상담사 GBK-06,CTR-GBK-006,영주시 가족센터,GBK,위촉,5.1,3,3,70.2,False,82.4,부모-자녀 갈등
CNS-GBK-01457,상담사 GBK-07,CTR-GBK-006,영주시 가족센터,GBK,위촉,1.1,3,8,60.9,False,87.8,이혼 전후
CNS-GBK-01458,상담사 GBK-01,CTR-GBK-007,영천시 가족센터,GBK,상근,5.5,6,13,62.7,False,79.8,이혼 전후
CNS-GBK-01459,상담사 GBK-02,CTR-GBK-007,영천시 가족센터,GBK,상근,6.4,6,10,73.7,False,89.7,부부갈등
CNS-GBK-01460,상담사 GBK-03,CTR-GBK-007,영천시 가족센터,GBK,위촉,0.6,3,8,80.0,False,77.7,기타 가족관계
CNS-GBK-01461,상담사 GBK-04,CTR-GBK-007,영천시 가족센터,GBK,위촉,3.1,3,6,89.7,False,80.0,개인 정서·위기
CNS-GBK-01462,상담사 GBK-05,CTR-GBK-007,영천시 가족센터,GBK,위촉,5.8,3,4,65.7,False,88.7,부모-자녀 갈등
CNS-GBK-01463,상담사 GBK-06,CTR-GBK-007,영천시 가족센터,GBK,위촉,3.6,3,7,72.1,False,85.7,이혼 전후
CNS-GBK-01464,상담사 GBK-07,CTR-GBK-007,영천시 가족센터,GBK,위촉,2.7,3,9,67.5,False,85.1,부부갈등
CNS-GBK-01465,상담사 GBK-01,CTR-GBK-008,상주시 가족센터,GBK,상근,5.5,6,10,79.6,False,91.8,부부갈등
CNS-GBK-01466,상담사 GBK-02,CTR-GBK-008,상주시 가족센터,GBK,상근,3.8,6,11,78.0,False,95.6,기타 가족관계
CNS-GBK-01467,상담사 GBK-03,CTR-GBK-008,상주시 가족센터,GBK,위촉,11.2,3,9,98,True,82.4,개인 정서·위기
CNS-GBK-01468,상담사 GBK-04,CTR-GBK-008,상주시 가족센터,GBK,위촉,4.4,3,4,83.4,False,95.0,부모-자녀 갈등
CNS-GBK-01469,상담사 GBK-05,CTR-GBK-008,상주시 가족센터,GBK,위촉,8.5,3,6,94.3,True,98.7,이혼 전후
CNS-GBK-01470,상담사 GBK-06,CTR-GBK-008,상주시 가족센터,GBK,위촉,7.1,3,4,83.8,False,82.2,부부갈등
CNS-GBK-01471,상담사 GBK-07,CTR-GBK-008,상주시 가족센터,GBK,위촉,8.0,3,5,85.4,False,92.7,기타 가족관계
CNS-GBK-01472,상담사 GBK-08,CTR-GBK-008,상주시 가족센터,GBK,위촉,8.9,3,7,58.1,False,84.8,개인 정서·위기
CNS-GBK-01473,상담사 GBK-01,CTR-GBK-009,문경시 가족센터,GBK,상근,3.0,6,10,52.5,False,72.6,이혼 전후
CNS-GBK-01474,상담사 GBK-02,CTR-GBK-009,문경시 가족센터,GBK,상근,2.4,6,15,65.5,False,81.7,부부갈등
CNS-GBK-01475,상담사 GBK-03,CTR-GBK-009,문경시 가족센터,GBK,위촉,8.6,3,7,67.9,True,95.0,기타 가족관계
CNS-GBK-01476,상담사 GBK-04,CTR-GBK-009,문경시 가족센터,GBK,위촉,3.6,3,7,45.6,False,82.4,개인 정서·위기
CNS-GBK-01477,상담사 GBK-05,CTR-GBK-009,문경시 가족센터,GBK,위촉,3.4,3,4,73.7,False,93.6,부모-자녀 갈등
CNS-GBK-01478,상담사 GBK-06,CTR-GBK-009,문경시 가족센터,GBK,위촉,4.2,3,3,70.7,False,96.4,이혼 전후
CNS-GBK-01479,상담사 GBK-07,CTR-GBK-009,문경시 가족센터,GBK,위촉,4.9,3,5,74.4,False,90.7,부부갈등
CNS-GBK-01480,상담사 GBK-01,CTR-GBK-010,경산시 가족센터,GBK,상근,0.4,6,11,86.2,False,100,부부갈등
CNS-GBK-01481,상담사 GBK-02,CTR-GBK-010,경산시 가족센터,GBK,위촉,11.5,3,7,66.4,False,82.4,기타 가족관계
CNS-GBK-01482,상담사 GBK-03,CTR-GBK-010,경산시 가족센터,GBK,위촉,4.4,3,4,80.7,False,84.7,개인 정서·위기
CNS-GBK-01483,상담사 GBK-04,CTR-GBK-010,경산시 가족센터,GBK,위촉,6.6,3,7,75.7,False,80.7,부모-자녀 갈등
CNS-GBK-01484,상담사 GBK-05,CTR-GBK-010,경산시 가족센터,GBK,위촉,1.0,3,8,73.3,False,88.4,이혼 전후
CNS-GBK-01485,상담사 GBK-01,CTR-GBK-011,의성군 가족센터,GBK,상근,12.3,6,11,80.8,True,79.6,부부갈등
CNS-GBK-01486,상담사 GBK-02,CTR-GBK-011,의성군 가족센터,GBK,상근,0.3,6,15,70.6,False,77.1,기타 가족관계
CNS-GBK-01487,상담사 GBK-03,CTR-GBK-011,의성군 가족센터,GBK,위촉,12.4,3,7,56.5,True,98.3,개인 정서·위기
CNS-GBK-01488,상담사 GBK-04,CTR-GBK-011,의성군 가족센터,GBK,위촉,8.1,3,6,61.0,False,84.7,부모-자녀 갈등
CNS-GBK-01489,상담사 GBK-05,CTR-GBK-011,의성군 가족센터,GBK,위촉,8.8,3,5,71.9,False,94.0,이혼 전후
CNS-GBK-01490,상담사 GBK-06,CTR-GBK-011,의성군 가족센터,GBK,위촉,4.8,3,10,63.5,False,93.7,부부갈등
CNS-GBK-01491,상담사 GBK-07,CTR-GBK-011,의성군 가족센터,GBK,위촉,5.0,3,9,77.7,False,84.7,기타 가족관계
CNS-GBK-01492,상담사 GBK-01,CTR-GBK-012,청송군 가족센터,GBK,상근,6.2,6,15,60.7,False,84.5,기타 가족관계
CNS-GBK-01493,상담사 GBK-02,CTR-GBK-012,청송군 가족센터,GBK,상근,6.1,6,11,57.0,False,82.6,개인 정서·위기
CNS-GBK-01494,상담사 GBK-03,CTR-GBK-012,청송군 가족센터,GBK,위촉,8.0,3,7,51.1,True,86.2,부모-자녀 갈등
CNS-GBK-01495,상담사 GBK-04,CTR-GBK-012,청송군 가족센터,GBK,위촉,1.9,3,3,63.4,False,100,이혼 전후
CNS-GBK-01496,상담사 GBK-05,CTR-GBK-012,청송군 가족센터,GBK,위촉,5.3,3,4,64.3,False,100,부부갈등
CNS-GBK-01497,상담사 GBK-06,CTR-GBK-012,청송군 가족센터,GBK,위촉,5.5,3,7,74.3,False,98.9,기타 가족관계
CNS-GBK-01498,상담사 GBK-07,CTR-GBK-012,청송군 가족센터,GBK,위촉,8.6,3,7,70.6,False,97.8,개인 정서·위기
CNS-GBK-01499,상담사 GBK-01,CTR-GBK-013,영양군 가족센터,GBK,상근,3.1,6,13,78.6,False,78.6,개인 정서·위기
CNS-GBK-01500,상담사 GBK-02,CTR-GBK-013,영양군 가족센터,GBK,상근,3.3,6,9,72.6,False,89.4,부모-자녀 갈등
CNS-GBK-01501,상담사 GBK-03,CTR-GBK-013,영양군 가족센터,GBK,위촉,7.4,3,6,81.2,False,92.5,이혼 전후
CNS-GBK-01502,상담사 GBK-04,CTR-GBK-013,영양군 가족센터,GBK,위촉,5.4,3,8,81.5,False,89.5,부부갈등
CNS-GBK-01503,상담사 GBK-05,CTR-GBK-013,영양군 가족센터,GBK,위촉,7.5,3,6,68.6,False,100,기타 가족관계
CNS-GBK-01504,상담사 GBK-06,CTR-GBK-013,영양군 가족센터,GBK,위촉,2.9,3,9,92.8,False,89.4,개인 정서·위기
CNS-GBK-01505,상담사 GBK-07,CTR-GBK-013,영양군 가족센터,GBK,위촉,6.6,3,8,69.9,False,83.7,부모-자녀 갈등
CNS-GBK-01506,상담사 GBK-01,CTR-GBK-014,영덕군 가족센터,GBK,상근,1.9,6,11,63.1,False,94.9,부모-자녀 갈등
CNS-GBK-01507,상담사 GBK-02,CTR-GBK-014,영덕군 가족센터,GBK,상근,0.5,6,14,84.3,False,83.5,이혼 전후
CNS-GBK-01508,상담사 GBK-03,CTR-GBK-014,영덕군 가족센터,GBK,위촉,4.8,3,11,87.7,False,95.1,부부갈등
CNS-GBK-01509,상담사 GBK-04,CTR-GBK-014,영덕군 가족센터,GBK,위촉,7.2,3,7,78.6,False,71.4,기타 가족관계
CNS-GBK-01510,상담사 GBK-05,CTR-GBK-014,영덕군 가족센터,GBK,위촉,5.4,3,3,63.9,False,86.7,개인 정서·위기
CNS-GBK-01511,상담사 GBK-06,CTR-GBK-014,영덕군 가족센터,GBK,위촉,6.3,3,7,68.2,False,77.5,부모-자녀 갈등
CNS-GBK-01512,상담사 GBK-07,CTR-GBK-014,영덕군 가족센터,GBK,위촉,6.0,3,7,68.4,False,71.8,이혼 전후
CNS-GBK-01513,상담사 GBK-01,CTR-GBK-015,청도군 가족센터,GBK,상근,3.0,6,9,39.3,False,92.1,이혼 전후
CNS-GBK-01514,상담사 GBK-02,CTR-GBK-015,청도군 가족센터,GBK,상근,8.0,6,11,70.7,False,89.9,부부갈등
CNS-GBK-01515,상담사 GBK-03,CTR-GBK-015,청도군 가족센터,GBK,위촉,2.8,3,5,74.9,False,92.7,기타 가족관계
CNS-GBK-01516,상담사 GBK-04,CTR-GBK-015,청도군 가족센터,GBK,위촉,12.3,3,5,58.7,False,81.0,개인 정서·위기
CNS-GBK-01517,상담사 GBK-05,CTR-GBK-015,청도군 가족센터,GBK,위촉,7.2,3,7,73.7,False,97.3,부모-자녀 갈등
CNS-GBK-01518,상담사 GBK-06,CTR-GBK-015,청도군 가족센터,GBK,위촉,5.8,3,8,78.0,False,100,이혼 전후
CNS-GBK-01519,상담사 GBK-07,CTR-GBK-015,청도군 가족센터,GBK,위촉,6.2,3,10,59.6,False,88.8,부부갈등
CNS-GBK-01520,상담사 GBK-01,CTR-GBK-016,고령군 가족센터,GBK,상근,2.7,6,13,78.3,False,99.1,부부갈등
CNS-GBK-01521,상담사 GBK-02,CTR-GBK-016,고령군 가족센터,GBK,상근,2.1,6,13,64.7,False,69.9,기타 가족관계
CNS-GBK-01522,상담사 GBK-03,CTR-GBK-016,고령군 가족센터,GBK,위촉,7.5,3,11,69.8,False,92.5,개인 정서·위기
CNS-GBK-01523,상담사 GBK-04,CTR-GBK-016,고령군 가족센터,GBK,위촉,4.3,3,5,64.8,False,100,부모-자녀 갈등
CNS-GBK-01524,상담사 GBK-05,CTR-GBK-016,고령군 가족센터,GBK,위촉,1.6,3,6,61.8,False,72.1,이혼 전후
CNS-GBK-01525,상담사 GBK-06,CTR-GBK-016,고령군 가족센터,GBK,위촉,6.1,3,10,47.9,False,98.0,부부갈등
CNS-GBK-01526,상담사 GBK-07,CTR-GBK-016,고령군 가족센터,GBK,위촉,5.7,3,8,66.9,False,83.1,기타 가족관계
CNS-GBK-01527,상담사 GBK-01,CTR-GBK-017,성주군 가족센터,GBK,상근,6.1,6,13,75.8,False,81.0,기타 가족관계
CNS-GBK-01528,상담사 GBK-02,CTR-GBK-017,성주군 가족센터,GBK,상근,0.3,6,12,55.0,False,77.9,개인 정서·위기
CNS-GBK-01529,상담사 GBK-03,CTR-GBK-017,성주군 가족센터,GBK,위촉,8.5,3,9,59.7,False,88.6,부모-자녀 갈등
CNS-GBK-01530,상담사 GBK-04,CTR-GBK-017,성주군 가족센터,GBK,위촉,5.9,3,6,57.0,False,82.2,이혼 전후
CNS-GBK-01531,상담사 GBK-05,CTR-GBK-017,성주군 가족센터,GBK,위촉,3.5,3,6,74.9,False,87.1,부부갈등
CNS-GBK-01532,상담사 GBK-06,CTR-GBK-017,성주군 가족센터,GBK,위촉,4.4,3,3,72.0,False,89.6,기타 가족관계
CNS-GBK-01533,상담사 GBK-07,CTR-GBK-017,성주군 가족센터,GBK,위촉,2.0,3,8,56.0,False,83.1,개인 정서·위기
CNS-GBK-01534,상담사 GBK-01,CTR-GBK-018,칠곡군 가족센터,GBK,상근,0.3,6,11,98,False,100,개인 정서·위기
CNS-GBK-01535,상담사 GBK-02,CTR-GBK-018,칠곡군 가족센터,GBK,위촉,4.3,3,4,90.9,False,89.4,부모-자녀 갈등
CNS-GBK-01536,상담사 GBK-03,CTR-GBK-018,칠곡군 가족센터,GBK,위촉,10.0,3,5,56.7,True,80.6,이혼 전후
CNS-GBK-01537,상담사 GBK-04,CTR-GBK-018,칠곡군 가족센터,GBK,위촉,3.0,3,8,67.8,False,89.6,부부갈등
CNS-GBK-01538,상담사 GBK-05,CTR-GBK-018,칠곡군 가족센터,GBK,위촉,4.3,3,5,75.9,False,96.9,기타 가족관계
CNS-GBK-01539,상담사 GBK-01,CTR-GBK-019,예천군 가족센터,GBK,상근,3.4,6,12,89.6,False,92.8,개인 정서·위기
CNS-GBK-01540,상담사 GBK-02,CTR-GBK-019,예천군 가족센터,GBK,상근,2.9,6,11,67.8,False,90.1,부모-자녀 갈등
CNS-GBK-01541,상담사 GBK-03,CTR-GBK-019,예천군 가족센터,GBK,위촉,1.2,3,6,70.3,False,99.7,이혼 전후
CNS-GBK-01542,상담사 GBK-04,CTR-GBK-019,예천군 가족센터,GBK,위촉,8.2,3,5,71.7,True,96.3,부부갈등
CNS-GBK-01543,상담사 GBK-05,CTR-GBK-019,예천군 가족센터,GBK,위촉,7.6,3,3,90.5,False,81.1,기타 가족관계
CNS-GBK-01544,상담사 GBK-06,CTR-GBK-019,예천군 가족센터,GBK,위촉,4.0,3,9,78.9,False,93.6,개인 정서·위기
CNS-GBK-01545,상담사 GBK-07,CTR-GBK-019,예천군 가족센터,GBK,위촉,0.3,3,9,74.6,False,82.6,부모-자녀 갈등
CNS-GBK-01546,상담사 GBK-01,CTR-GBK-020,울진군 가족센터,GBK,상근,4.8,6,13,58.1,False,79.1,부모-자녀 갈등
CNS-GBK-01547,상담사 GBK-02,CTR-GBK-020,울진군 가족센터,GBK,상근,8.1,6,9,78.9,True,86.4,이혼 전후
CNS-GBK-01548,상담사 GBK-03,CTR-GBK-020,울진군 가족센터,GBK,위촉,5.6,3,6,61.5,False,97.4,부부갈등
CNS-GBK-01549,상담사 GBK-04,CTR-GBK-020,울진군 가족센터,GBK,위촉,4.9,3,7,59.7,False,84.5,기타 가족관계
CNS-GBK-01550,상담사 GBK-05,CTR-GBK-020,울진군 가족센터,GBK,위촉,3.8,3,9,66.4,False,91.3,개인 정서·위기
CNS-GBK-01551,상담사 GBK-06,CTR-GBK-020,울진군 가족센터,GBK,위촉,5.6,3,7,63.7,False,100,부모-자녀 갈등
CNS-GBK-01552,상담사 GBK-07,CTR-GBK-020,울진군 가족센터,GBK,위촉,2.1,3,10,70.0,False,84.1,이혼 전후
CNS-GBK-01553,상담사 GBK-01,CTR-GBK-021,경북 건강가정지원센터 1,GBK,상근,8.0,6,9,80.4,True,93.4,이혼 전후
CNS-GBK-01554,상담사 GBK-02,CTR-GBK-021,경북 건강가정지원센터 1,GBK,위촉,2.8,3,5,82.8,False,79.6,부부갈등
CNS-GBK-01555,상담사 GBK-03,CTR-GBK-021,경북 건강가정지원센터 1,GBK,위촉,6.4,3,7,75.4,False,86.4,기타 가족관계
CNS-GBK-01556,상담사 GBK-04,CTR-GBK-021,경북 건강가정지원센터 1,GBK,위촉,8.3,3,7,74.6,False,95.4,개인 정서·위기
CNS-GBK-01557,상담사 GBK-05,CTR-GBK-021,경북 건강가정지원센터 1,GBK,위촉,8.3,3,9,69.8,True,90.4,부모-자녀 갈등
CNS-GBK-01558,상담사 GBK-01,CTR-GBK-022,경북 다문화가족지원센터 2,GBK,상근,9.4,6,14,72.2,True,81.0,이혼 전후
CNS-GBK-01559,상담사 GBK-02,CTR-GBK-022,경북 다문화가족지원센터 2,GBK,상근,8.0,6,13,59.5,True,68.6,부부갈등
CNS-GBK-01560,상담사 GBK-03,CTR-GBK-022,경북 다문화가족지원센터 2,GBK,위촉,8.7,3,7,78.1,False,100,기타 가족관계
CNS-GBK-01561,상담사 GBK-04,CTR-GBK-022,경북 다문화가족지원센터 2,GBK,위촉,0.3,3,5,65.6,False,91.5,개인 정서·위기
CNS-GBK-01562,상담사 GBK-05,CTR-GBK-022,경북 다문화가족지원센터 2,GBK,위촉,5.5,3,10,73.5,False,92.4,부모-자녀 갈등
CNS-GBK-01563,상담사 GBK-06,CTR-GBK-022,경북 다문화가족지원센터 2,GBK,위촉,3.6,3,9,86.3,False,87.7,이혼 전후
CNS-GBK-01564,상담사 GBK-07,CTR-GBK-022,경북 다문화가족지원센터 2,GBK,위촉,1.4,3,6,68.5,False,87.9,부부갈등
CNS-GNM-01565,상담사 GNM-01,CTR-GNM-001,경남 가족센터,GNM,상근,7.7,6,11,69.0,False,79.2,부부갈등
CNS-GNM-01566,상담사 GNM-02,CTR-GNM-001,경남 가족센터,GNM,위촉,5.7,3,5,77.2,False,78.7,기타 가족관계
CNS-GNM-01567,상담사 GNM-03,CTR-GNM-001,경남 가족센터,GNM,위촉,7.2,3,8,59.0,False,82.0,개인 정서·위기
CNS-GNM-01568,상담사 GNM-04,CTR-GNM-001,경남 가족센터,GNM,위촉,7.4,3,7,83.7,False,93.5,부모-자녀 갈등
CNS-GNM-01569,상담사 GNM-05,CTR-GNM-001,경남 가족센터,GNM,위촉,6.6,3,7,81.3,False,86.6,이혼 전후
CNS-GNM-01570,상담사 GNM-01,CTR-GNM-002,창원시 가족센터,GNM,상근,7.1,6,12,65.1,False,85.9,부부갈등
CNS-GNM-01571,상담사 GNM-02,CTR-GNM-002,창원시 가족센터,GNM,위촉,6.7,3,10,57.6,False,79.9,기타 가족관계
CNS-GNM-01572,상담사 GNM-03,CTR-GNM-002,창원시 가족센터,GNM,위촉,7.7,3,6,65.8,False,96.0,개인 정서·위기
CNS-GNM-01573,상담사 GNM-04,CTR-GNM-002,창원시 가족센터,GNM,위촉,5.4,3,9,76.0,False,91.4,부모-자녀 갈등
CNS-GNM-01574,상담사 GNM-05,CTR-GNM-002,창원시 가족센터,GNM,위촉,6.6,3,5,93.8,False,77.9,이혼 전후
CNS-GNM-01575,상담사 GNM-01,CTR-GNM-003,진주시 가족센터,GNM,상근,5.9,6,12,65.4,False,82.7,부부갈등
CNS-GNM-01576,상담사 GNM-02,CTR-GNM-003,진주시 가족센터,GNM,상근,5.4,6,15,71.6,False,100,기타 가족관계
CNS-GNM-01577,상담사 GNM-03,CTR-GNM-003,진주시 가족센터,GNM,위촉,5.6,3,7,68.0,False,96.9,개인 정서·위기
CNS-GNM-01578,상담사 GNM-04,CTR-GNM-003,진주시 가족센터,GNM,위촉,0.8,3,9,68.8,False,90.9,부모-자녀 갈등
CNS-GNM-01579,상담사 GNM-05,CTR-GNM-003,진주시 가족센터,GNM,위촉,5.6,3,8,77.2,False,92.1,이혼 전후
CNS-GNM-01580,상담사 GNM-06,CTR-GNM-003,진주시 가족센터,GNM,위촉,3.1,3,5,95.8,False,93.5,부부갈등
CNS-GNM-01581,상담사 GNM-07,CTR-GNM-003,진주시 가족센터,GNM,위촉,0.8,3,4,68.8,False,86.0,기타 가족관계
CNS-GNM-01582,상담사 GNM-01,CTR-GNM-004,통영시 가족센터,GNM,상근,5.9,6,13,73.0,False,89.4,기타 가족관계
CNS-GNM-01583,상담사 GNM-02,CTR-GNM-004,통영시 가족센터,GNM,위촉,5.6,3,5,64.8,False,100,개인 정서·위기
CNS-GNM-01584,상담사 GNM-03,CTR-GNM-004,통영시 가족센터,GNM,위촉,6.7,3,8,66.9,False,86.2,부모-자녀 갈등
CNS-GNM-01585,상담사 GNM-04,CTR-GNM-004,통영시 가족센터,GNM,위촉,6.8,3,6,74.3,False,86.8,이혼 전후
CNS-GNM-01586,상담사 GNM-05,CTR-GNM-004,통영시 가족센터,GNM,위촉,6.7,3,10,64.2,False,83.0,부부갈등
CNS-GNM-01587,상담사 GNM-01,CTR-GNM-005,사천시 가족센터,GNM,상근,4.7,6,10,46.8,False,86.5,기타 가족관계
CNS-GNM-01588,상담사 GNM-02,CTR-GNM-005,사천시 가족센터,GNM,상근,4.3,6,15,71.8,False,81.8,개인 정서·위기
CNS-GNM-01589,상담사 GNM-03,CTR-GNM-005,사천시 가족센터,GNM,위촉,2.0,3,6,84.0,False,94.8,부모-자녀 갈등
CNS-GNM-01590,상담사 GNM-04,CTR-GNM-005,사천시 가족센터,GNM,위촉,6.4,3,8,71.3,False,91.9,이혼 전후
CNS-GNM-01591,상담사 GNM-05,CTR-GNM-005,사천시 가족센터,GNM,위촉,8.9,3,11,80.4,False,64.5,부부갈등
CNS-GNM-01592,상담사 GNM-06,CTR-GNM-005,사천시 가족센터,GNM,위촉,10.0,3,8,83.8,True,90.0,기타 가족관계
CNS-GNM-01593,상담사 GNM-07,CTR-GNM-005,사천시 가족센터,GNM,위촉,6.4,3,6,79.0,False,83.5,개인 정서·위기
CNS-GNM-01594,상담사 GNM-08,CTR-GNM-005,사천시 가족센터,GNM,위촉,5.5,3,10,78.0,False,85.8,부모-자녀 갈등
CNS-GNM-01595,상담사 GNM-01,CTR-GNM-006,김해시 가족센터,GNM,상근,0.9,6,12,72.9,False,88.1,부부갈등
CNS-GNM-01596,상담사 GNM-02,CTR-GNM-006,김해시 가족센터,GNM,위촉,8.9,3,6,58.9,True,100,기타 가족관계
CNS-GNM-01597,상담사 GNM-03,CTR-GNM-006,김해시 가족센터,GNM,위촉,6.7,3,11,76.7,False,84.0,개인 정서·위기
CNS-GNM-01598,상담사 GNM-04,CTR-GNM-006,김해시 가족센터,GNM,위촉,5.9,3,6,80.8,False,100,부모-자녀 갈등
CNS-GNM-01599,상담사 GNM-05,CTR-GNM-006,김해시 가족센터,GNM,위촉,4.5,3,9,74.3,False,95.0,이혼 전후
CNS-GNM-01600,상담사 GNM-01,CTR-GNM-007,밀양시 가족센터,GNM,상근,8.2,6,15,72.6,False,82.9,부부갈등
CNS-GNM-01601,상담사 GNM-02,CTR-GNM-007,밀양시 가족센터,GNM,위촉,9.1,3,8,63.1,False,95.0,기타 가족관계
CNS-GNM-01602,상담사 GNM-03,CTR-GNM-007,밀양시 가족센터,GNM,위촉,8.5,3,9,73.6,False,81.6,개인 정서·위기
CNS-GNM-01603,상담사 GNM-04,CTR-GNM-007,밀양시 가족센터,GNM,위촉,3.0,3,7,61.8,False,92.8,부모-자녀 갈등
CNS-GNM-01604,상담사 GNM-05,CTR-GNM-007,밀양시 가족센터,GNM,위촉,6.6,3,4,81.1,False,86.5,이혼 전후
CNS-GNM-01605,상담사 GNM-06,CTR-GNM-007,밀양시 가족센터,GNM,위촉,3.3,3,4,67.6,False,78.6,부부갈등
CNS-GNM-01606,상담사 GNM-01,CTR-GNM-008,거제시 가족센터,GNM,상근,3.5,6,9,82.3,False,84.1,부모-자녀 갈등
CNS-GNM-01607,상담사 GNM-02,CTR-GNM-008,거제시 가족센터,GNM,상근,2.3,6,13,72.5,False,90.1,이혼 전후
CNS-GNM-01608,상담사 GNM-03,CTR-GNM-008,거제시 가족센터,GNM,위촉,4.1,3,9,73.8,False,87.9,부부갈등
CNS-GNM-01609,상담사 GNM-04,CTR-GNM-008,거제시 가족센터,GNM,위촉,7.7,3,7,92.0,False,98.5,기타 가족관계
CNS-GNM-01610,상담사 GNM-05,CTR-GNM-008,거제시 가족센터,GNM,위촉,1.6,3,7,74.3,False,87.4,개인 정서·위기
CNS-GNM-01611,상담사 GNM-06,CTR-GNM-008,거제시 가족센터,GNM,위촉,6.8,3,7,72.8,False,89.9,부모-자녀 갈등
CNS-GNM-01612,상담사 GNM-07,CTR-GNM-008,거제시 가족센터,GNM,위촉,1.5,3,10,72.4,False,75.6,이혼 전후
CNS-GNM-01613,상담사 GNM-01,CTR-GNM-009,양산시 가족센터,GNM,상근,6.0,6,11,66.8,False,80.4,이혼 전후
CNS-GNM-01614,상담사 GNM-02,CTR-GNM-009,양산시 가족센터,GNM,위촉,0.3,3,10,69.9,False,88.6,부부갈등
CNS-GNM-01615,상담사 GNM-03,CTR-GNM-009,양산시 가족센터,GNM,위촉,5.7,3,7,67.6,False,90.5,기타 가족관계
CNS-GNM-01616,상담사 GNM-04,CTR-GNM-009,양산시 가족센터,GNM,위촉,5.6,3,5,69.0,False,98.8,개인 정서·위기
CNS-GNM-01617,상담사 GNM-05,CTR-GNM-009,양산시 가족센터,GNM,위촉,4.8,3,8,87.8,False,87.1,부모-자녀 갈등
CNS-GNM-01618,상담사 GNM-01,CTR-GNM-010,의령군 가족센터,GNM,상근,0.3,6,13,67.3,False,82.5,이혼 전후
CNS-GNM-01619,상담사 GNM-02,CTR-GNM-010,의령군 가족센터,GNM,위촉,4.7,3,6,66.4,False,67.2,부부갈등
CNS-GNM-01620,상담사 GNM-03,CTR-GNM-010,의령군 가족센터,GNM,위촉,3.7,3,9,74.5,False,80.7,기타 가족관계
CNS-GNM-01621,상담사 GNM-04,CTR-GNM-010,의령군 가족센터,GNM,위촉,9.4,3,9,76.3,False,92.3,개인 정서·위기
CNS-GNM-01622,상담사 GNM-05,CTR-GNM-010,의령군 가족센터,GNM,위촉,4.5,3,7,59.3,False,81.0,부모-자녀 갈등
CNS-GNM-01623,상담사 GNM-01,CTR-GNM-011,함안군 가족센터,GNM,상근,2.6,6,12,67.0,False,73.2,이혼 전후
CNS-GNM-01624,상담사 GNM-02,CTR-GNM-011,함안군 가족센터,GNM,상근,9.8,6,13,82.7,True,89.3,부부갈등
CNS-GNM-01625,상담사 GNM-03,CTR-GNM-011,함안군 가족센터,GNM,위촉,8.0,3,9,75.9,False,86.2,기타 가족관계
CNS-GNM-01626,상담사 GNM-04,CTR-GNM-011,함안군 가족센터,GNM,위촉,2.5,3,9,78.2,False,86.8,개인 정서·위기
CNS-GNM-01627,상담사 GNM-05,CTR-GNM-011,함안군 가족센터,GNM,위촉,6.3,3,8,60.4,False,78.0,부모-자녀 갈등
CNS-GNM-01628,상담사 GNM-06,CTR-GNM-011,함안군 가족센터,GNM,위촉,0.3,3,9,66.4,False,95.0,이혼 전후
CNS-GNM-01629,상담사 GNM-07,CTR-GNM-011,함안군 가족센터,GNM,위촉,6.4,3,7,55.7,False,77.2,부부갈등
CNS-GNM-01630,상담사 GNM-01,CTR-GNM-012,창녕군 가족센터,GNM,상근,7.8,6,10,76.7,False,81.6,부부갈등
CNS-GNM-01631,상담사 GNM-02,CTR-GNM-012,창녕군 가족센터,GNM,상근,7.5,6,11,68.2,False,100,기타 가족관계
CNS-GNM-01632,상담사 GNM-03,CTR-GNM-012,창녕군 가족센터,GNM,위촉,5.1,3,6,86.9,False,83.9,개인 정서·위기
CNS-GNM-01633,상담사 GNM-04,CTR-GNM-012,창녕군 가족센터,GNM,위촉,3.3,3,11,74.5,False,96.5,부모-자녀 갈등
CNS-GNM-01634,상담사 GNM-05,CTR-GNM-012,창녕군 가족센터,GNM,위촉,3.8,3,8,64.0,False,88.7,이혼 전후
CNS-GNM-01635,상담사 GNM-06,CTR-GNM-012,창녕군 가족센터,GNM,위촉,10.2,3,8,76.4,True,83.5,부부갈등
CNS-GNM-01636,상담사 GNM-07,CTR-GNM-012,창녕군 가족센터,GNM,위촉,4.8,3,9,80.3,False,98.5,기타 가족관계
CNS-GNM-01637,상담사 GNM-01,CTR-GNM-013,고성군 가족센터,GNM,상근,7.2,6,12,70.1,False,78.8,기타 가족관계
CNS-GNM-01638,상담사 GNM-02,CTR-GNM-013,고성군 가족센터,GNM,상근,6.5,6,9,81.5,False,81.6,개인 정서·위기
CNS-GNM-01639,상담사 GNM-03,CTR-GNM-013,고성군 가족센터,GNM,위촉,4.2,3,9,79.7,False,86.3,부모-자녀 갈등
CNS-GNM-01640,상담사 GNM-04,CTR-GNM-013,고성군 가족센터,GNM,위촉,6.5,3,8,53.3,False,97.5,이혼 전후
CNS-GNM-01641,상담사 GNM-05,CTR-GNM-013,고성군 가족센터,GNM,위촉,4.6,3,4,77.8,False,88.7,부부갈등
CNS-GNM-01642,상담사 GNM-06,CTR-GNM-013,고성군 가족센터,GNM,위촉,3.4,3,9,85.0,False,85.5,기타 가족관계
CNS-GNM-01643,상담사 GNM-07,CTR-GNM-013,고성군 가족센터,GNM,위촉,2.0,3,7,74.0,False,78.4,개인 정서·위기
CNS-GNM-01644,상담사 GNM-01,CTR-GNM-014,남해군 가족센터,GNM,상근,1.8,6,12,92.3,False,94.2,개인 정서·위기
CNS-GNM-01645,상담사 GNM-02,CTR-GNM-014,남해군 가족센터,GNM,상근,8.9,6,11,73.5,False,78.7,부모-자녀 갈등
CNS-GNM-01646,상담사 GNM-03,CTR-GNM-014,남해군 가족센터,GNM,위촉,9.8,3,3,65.2,True,82.9,이혼 전후
CNS-GNM-01647,상담사 GNM-04,CTR-GNM-014,남해군 가족센터,GNM,위촉,6.5,3,6,76.0,False,87.6,부부갈등
CNS-GNM-01648,상담사 GNM-05,CTR-GNM-014,남해군 가족센터,GNM,위촉,2.7,3,9,80.9,False,83.6,기타 가족관계
CNS-GNM-01649,상담사 GNM-06,CTR-GNM-014,남해군 가족센터,GNM,위촉,5.8,3,10,68.9,False,65.1,개인 정서·위기
CNS-GNM-01650,상담사 GNM-07,CTR-GNM-014,남해군 가족센터,GNM,위촉,1.2,3,3,54.1,False,78.0,부모-자녀 갈등
CNS-GNM-01651,상담사 GNM-01,CTR-GNM-015,하동군 가족센터,GNM,상근,5.6,6,9,81.5,False,84.1,부모-자녀 갈등
CNS-GNM-01652,상담사 GNM-02,CTR-GNM-015,하동군 가족센터,GNM,위촉,11.3,3,5,71.7,True,95.0,이혼 전후
CNS-GNM-01653,상담사 GNM-03,CTR-GNM-015,하동군 가족센터,GNM,위촉,6.8,3,11,72.8,False,91.0,부부갈등
CNS-GNM-01654,상담사 GNM-04,CTR-GNM-015,하동군 가족센터,GNM,위촉,5.7,3,4,84.2,False,73.2,기타 가족관계
CNS-GNM-01655,상담사 GNM-05,CTR-GNM-015,하동군 가족센터,GNM,위촉,0.4,3,6,62.7,False,79.0,개인 정서·위기
CNS-GNM-01656,상담사 GNM-06,CTR-GNM-015,하동군 가족센터,GNM,위촉,7.3,3,3,50.2,False,76.7,부모-자녀 갈등
CNS-GNM-01657,상담사 GNM-01,CTR-GNM-016,산청군 가족센터,GNM,상근,6.3,6,12,56.5,False,99.1,기타 가족관계
CNS-GNM-01658,상담사 GNM-02,CTR-GNM-016,산청군 가족센터,GNM,상근,7.6,6,14,58.7,False,86.5,개인 정서·위기
CNS-GNM-01659,상담사 GNM-03,CTR-GNM-016,산청군 가족센터,GNM,위촉,3.8,3,7,59.2,False,89.6,부모-자녀 갈등
CNS-GNM-01660,상담사 GNM-04,CTR-GNM-016,산청군 가족센터,GNM,위촉,7.5,3,6,55.5,False,88.6,이혼 전후
CNS-GNM-01661,상담사 GNM-05,CTR-GNM-016,산청군 가족센터,GNM,위촉,0.3,3,5,69.9,False,85.7,부부갈등
CNS-GNM-01662,상담사 GNM-06,CTR-GNM-016,산청군 가족센터,GNM,위촉,6.7,3,14,60.2,False,92.1,기타 가족관계
CNS-GNM-01663,상담사 GNM-07,CTR-GNM-016,산청군 가족센터,GNM,위촉,8.6,3,12,60.9,False,100,개인 정서·위기
CNS-GNM-01664,상담사 GNM-01,CTR-GNM-017,함양군 가족센터,GNM,상근,5.7,6,13,52.1,False,81.6,개인 정서·위기
CNS-GNM-01665,상담사 GNM-02,CTR-GNM-017,함양군 가족센터,GNM,위촉,7.9,3,5,73.7,False,95.2,부모-자녀 갈등
CNS-GNM-01666,상담사 GNM-03,CTR-GNM-017,함양군 가족센터,GNM,위촉,4.1,3,7,89.3,False,90.2,이혼 전후
CNS-GNM-01667,상담사 GNM-04,CTR-GNM-017,함양군 가족센터,GNM,위촉,10.2,3,8,69.2,False,82.4,부부갈등
CNS-GNM-01668,상담사 GNM-05,CTR-GNM-017,함양군 가족센터,GNM,위촉,2.8,3,9,79.7,False,88.8,기타 가족관계
CNS-GNM-01669,상담사 GNM-06,CTR-GNM-017,함양군 가족센터,GNM,위촉,9.2,3,8,68.9,False,94.6,개인 정서·위기
CNS-GNM-01670,상담사 GNM-01,CTR-GNM-018,거창군 가족센터,GNM,상근,7.8,6,13,71.5,False,77.3,부부갈등
CNS-GNM-01671,상담사 GNM-02,CTR-GNM-018,거창군 가족센터,GNM,상근,4.6,6,12,86.4,False,81.6,기타 가족관계
CNS-GNM-01672,상담사 GNM-03,CTR-GNM-018,거창군 가족센터,GNM,위촉,5.8,3,6,80.0,False,94.9,개인 정서·위기
CNS-GNM-01673,상담사 GNM-04,CTR-GNM-018,거창군 가족센터,GNM,위촉,6.4,3,7,79.0,False,91.5,부모-자녀 갈등
CNS-GNM-01674,상담사 GNM-05,CTR-GNM-018,거창군 가족센터,GNM,위촉,0.3,3,3,71.2,False,95.0,이혼 전후
CNS-GNM-01675,상담사 GNM-06,CTR-GNM-018,거창군 가족센터,GNM,위촉,7.5,3,7,55.2,False,89.6,부부갈등
CNS-GNM-01676,상담사 GNM-07,CTR-GNM-018,거창군 가족센터,GNM,위촉,7.3,3,9,67.0,False,77.9,기타 가족관계
CNS-GNM-01677,상담사 GNM-01,CTR-GNM-019,합천군 가족센터,GNM,상근,9.4,6,11,70.9,True,72.1,기타 가족관계
CNS-GNM-01678,상담사 GNM-02,CTR-GNM-019,합천군 가족센터,GNM,위촉,2.4,3,3,69.0,False,73.7,개인 정서·위기
CNS-GNM-01679,상담사 GNM-03,CTR-GNM-019,합천군 가족센터,GNM,위촉,0.3,3,5,76.4,False,86.6,부모-자녀 갈등
CNS-GNM-01680,상담사 GNM-04,CTR-GNM-019,합천군 가족센터,GNM,위촉,5.3,3,5,90.5,False,93.5,이혼 전후
CNS-GNM-01681,상담사 GNM-05,CTR-GNM-019,합천군 가족센터,GNM,위촉,8.2,3,8,63.7,True,91.5,부부갈등
CNS-GNM-01682,상담사 GNM-06,CTR-GNM-019,합천군 가족센터,GNM,위촉,7.3,3,8,88.7,False,96.4,기타 가족관계
CNS-GNM-01683,상담사 GNM-01,CTR-GNM-020,서부권 가족센터,GNM,상근,8.6,6,17,59.8,False,83.0,이혼 전후
CNS-GNM-01684,상담사 GNM-02,CTR-GNM-020,서부권 가족센터,GNM,위촉,5.0,3,6,78.2,False,77.2,부부갈등
CNS-GNM-01685,상담사 GNM-03,CTR-GNM-020,서부권 가족센터,GNM,위촉,9.9,3,7,44.0,False,87.6,기타 가족관계
CNS-GNM-01686,상담사 GNM-04,CTR-GNM-020,서부권 가족센터,GNM,위촉,0.3,3,11,45.9,False,95.8,개인 정서·위기
CNS-GNM-01687,상담사 GNM-05,CTR-GNM-020,서부권 가족센터,GNM,위촉,2.8,3,9,55.6,False,97.4,부모-자녀 갈등
CNS-GNM-01688,상담사 GNM-01,CTR-GNM-021,경남 건강가정지원센터 1,GNM,상근,7.9,6,12,91.4,False,80.0,이혼 전후
CNS-GNM-01689,상담사 GNM-02,CTR-GNM-021,경남 건강가정지원센터 1,GNM,위촉,1.9,3,11,82.5,False,87.0,부부갈등
CNS-GNM-01690,상담사 GNM-03,CTR-GNM-021,경남 건강가정지원센터 1,GNM,위촉,6.6,3,6,69.3,False,88.4,기타 가족관계
CNS-GNM-01691,상담사 GNM-04,CTR-GNM-021,경남 건강가정지원센터 1,GNM,위촉,1.5,3,3,67.9,False,100,개인 정서·위기
CNS-GNM-01692,상담사 GNM-05,CTR-GNM-021,경남 건강가정지원센터 1,GNM,위촉,4.1,3,8,63.3,False,78.4,부모-자녀 갈등
CNS-GNM-01693,상담사 GNM-01,CTR-GNM-022,경남 다문화가족지원센터 2,GNM,상근,3.6,6,14,92.3,False,100,이혼 전후
CNS-GNM-01694,상담사 GNM-02,CTR-GNM-022,경남 다문화가족지원센터 2,GNM,상근,8.0,6,11,86.3,True,89.7,부부갈등
CNS-GNM-01695,상담사 GNM-03,CTR-GNM-022,경남 다문화가족지원센터 2,GNM,위촉,8.7,3,10,83.0,True,85.3,기타 가족관계
CNS-GNM-01696,상담사 GNM-04,CTR-GNM-022,경남 다문화가족지원센터 2,GNM,위촉,4.4,3,8,92.8,False,91.5,개인 정서·위기
CNS-GNM-01697,상담사 GNM-05,CTR-GNM-022,경남 다문화가족지원센터 2,GNM,위촉,5.5,3,7,71.3,False,95.9,부모-자녀 갈등
CNS-GNM-01698,상담사 GNM-06,CTR-GNM-022,경남 다문화가족지원센터 2,GNM,위촉,4.6,3,8,78.2,False,89.2,이혼 전후
CNS-GNM-01699,상담사 GNM-07,CTR-GNM-022,경남 다문화가족지원센터 2,GNM,위촉,4.9,3,7,82.9,False,92.8,부부갈등
CNS-JEJ-01700,상담사 JEJ-01,CTR-JEJ-001,제주시 가족센터,JEJ,상근,9.0,6,8,59.6,True,80.6,부부갈등
CNS-JEJ-01701,상담사 JEJ-02,CTR-JEJ-001,제주시 가족센터,JEJ,위촉,2.6,3,8,75.4,False,79.0,기타 가족관계
CNS-JEJ-01702,상담사 JEJ-03,CTR-JEJ-001,제주시 가족센터,JEJ,위촉,0.3,3,4,74.1,False,76.9,개인 정서·위기
CNS-JEJ-01703,상담사 JEJ-04,CTR-JEJ-001,제주시 가족센터,JEJ,위촉,7.2,3,10,84.6,False,94.3,부모-자녀 갈등
CNS-JEJ-01704,상담사 JEJ-05,CTR-JEJ-001,제주시 가족센터,JEJ,위촉,7.1,3,6,69.0,False,88.7,이혼 전후
CNS-JEJ-01705,상담사 JEJ-01,CTR-JEJ-002,서귀포시 가족센터,JEJ,상근,2.6,6,10,66.9,False,88.1,부부갈등
CNS-JEJ-01706,상담사 JEJ-02,CTR-JEJ-002,서귀포시 가족센터,JEJ,위촉,5.9,3,10,70.0,False,86.2,기타 가족관계
CNS-JEJ-01707,상담사 JEJ-03,CTR-JEJ-002,서귀포시 가족센터,JEJ,위촉,6.6,3,9,67.1,False,82.5,개인 정서·위기
CNS-JEJ-01708,상담사 JEJ-04,CTR-JEJ-002,서귀포시 가족센터,JEJ,위촉,7.2,3,6,53.5,False,90.7,부모-자녀 갈등
CNS-JEJ-01709,상담사 JEJ-05,CTR-JEJ-002,서귀포시 가족센터,JEJ,위촉,7.9,3,5,58.0,False,79.1,이혼 전후
CNS-JEJ-01710,상담사 JEJ-01,CTR-JEJ-003,제주광역 가족센터,JEJ,상근,5.1,6,12,70.7,False,78.9,부부갈등
CNS-JEJ-01711,상담사 JEJ-02,CTR-JEJ-003,제주광역 가족센터,JEJ,위촉,7.6,3,7,70.3,False,82.8,기타 가족관계
CNS-JEJ-01712,상담사 JEJ-03,CTR-JEJ-003,제주광역 가족센터,JEJ,위촉,12.3,3,4,84.7,True,93.9,개인 정서·위기
CNS-JEJ-01713,상담사 JEJ-04,CTR-JEJ-003,제주광역 가족센터,JEJ,위촉,2.7,3,3,62.4,False,80.0,부모-자녀 갈등
CNS-JEJ-01714,상담사 JEJ-05,CTR-JEJ-003,제주광역 가족센터,JEJ,위촉,4.9,3,5,52.6,False,100,이혼 전후
CNS-JEJ-01715,상담사 JEJ-01,CTR-JEJ-004,제주 건강가정지원센터 1,JEJ,상근,1.6,6,10,69.0,False,94.1,부부갈등
CNS-JEJ-01716,상담사 JEJ-02,CTR-JEJ-004,제주 건강가정지원센터 1,JEJ,위촉,5.0,3,7,58.7,False,100,기타 가족관계
CNS-JEJ-01717,상담사 JEJ-03,CTR-JEJ-004,제주 건강가정지원센터 1,JEJ,위촉,0.3,3,6,54.5,False,85.2,개인 정서·위기
CNS-JEJ-01718,상담사 JEJ-04,CTR-JEJ-004,제주 건강가정지원센터 1,JEJ,위촉,5.0,3,5,82.8,False,90.2,부모-자녀 갈등
CNS-JEJ-01719,상담사 JEJ-05,CTR-JEJ-004,제주 건강가정지원센터 1,JEJ,위촉,7.0,3,8,71.8,False,94.9,이혼 전후
CNS-JEJ-01720,상담사 JEJ-01,CTR-JEJ-005,제주 다문화가족지원센터 2,JEJ,상근,7.7,6,10,83.2,False,84.5,부부갈등
CNS-JEJ-01721,상담사 JEJ-02,CTR-JEJ-005,제주 다문화가족지원센터 2,JEJ,위촉,2.2,3,7,65.7,False,87.1,기타 가족관계
CNS-JEJ-01722,상담사 JEJ-03,CTR-JEJ-005,제주 다문화가족지원센터 2,JEJ,위촉,4.3,3,5,63.5,False,79.7,개인 정서·위기
CNS-JEJ-01723,상담사 JEJ-04,CTR-JEJ-005,제주 다문화가족지원센터 2,JEJ,위촉,6.6,3,9,82.0,False,85.8,부모-자녀 갈등
CNS-JEJ-01724,상담사 JEJ-05,CTR-JEJ-005,제주 다문화가족지원센터 2,JEJ,위촉,5.2,3,8,66.1,False,93.1,이혼 전후
